scene_id,xml_path,tif_path,remote_xml_uri,remote_tif_uri,min_lon,min_lat,max_lon,max_lat,center_lon,center_lat,imaging_time
LuoJia1-01_LR201806057936_20180603055109_HDR_0029,local\LULO4\LuoJia1-01_LR201806057936_20180603055109_HDR_0029_meta.xml,local\LULO4\LuoJia1-01_LR201806057936_20180603055109_HDR_0029_gec.tif,hf://buckets/cbernegger/LULO4/LuoJia1-01_LR201806057936_20180603055109_HDR_0029_meta.xml,hf://buckets/cbernegger/LULO4/LuoJia1-01_LR201806057936_20180603055109_HDR_0029_gec.tif,-118.911156,32.341746,-115.211464,35.301386,-116.950315,33.888763,2018-6-3T5:50:57.157223
LuoJia1-01_LR201806057936_20180603055110_HDR_0030,local\LULO4\LuoJia1-01_LR201806057936_20180603055110_HDR_0030_meta.xml,local\LULO4\LuoJia1-01_LR201806057936_20180603055110_HDR_0030_gec.tif,hf://buckets/cbernegger/LULO4/LuoJia1-01_LR201806057936_20180603055110_HDR_0030_meta.xml,hf://buckets/cbernegger/LULO4/LuoJia1-01_LR201806057936_20180603055110_HDR_0030_gec.tif,-118.929848,32.402838,-115.227276,35.362085,-116.967373,33.949902,2018-6-3T5:50:58.158364
LuoJia1-01_LR201806057936_20180603055111_HDR_0031,local\LULO4\LuoJia1-01_LR201806057936_20180603055111_HDR_0031_meta.xml,local\LULO4\LuoJia1-01_LR201806057936_20180603055111_HDR_0031_gec.tif,hf://buckets/cbernegger/LULO4/LuoJia1-01_LR201806057936_20180603055111_HDR_0031_meta.xml,hf://buckets/cbernegger/LULO4/LuoJia1-01_LR201806057936_20180603055111_HDR_0031_gec.tif,-118.953512,32.463943,-115.24323,35.422993,-116.984036,34.01115,2018-6-3T5:50:59.159105
LuoJia1-01_LR201806057936_20180603055114_HDR_0034,local\LULO4\LuoJia1-01_LR201806057936_20180603055114_HDR_0034_meta.xml,local\LULO4\LuoJia1-01_LR201806057936_20180603055114_HDR_0034_gec.tif,hf://buckets/cbernegger/LULO4/LuoJia1-01_LR201806057936_20180603055114_HDR_0034_meta.xml,hf://buckets/cbernegger/LULO4/LuoJia1-01_LR201806057936_20180603055114_HDR_0034_gec.tif,-119.017452,32.649098,-115.293315,35.608454,-117.0372,34.196205,2018-6-3T5:51:2.162665
LuoJia1-01_LR201806057936_20180603055115_HDR_0035,local\LULO4\LuoJia1-01_LR201806057936_20180603055115_HDR_0035_meta.xml,local\LULO4\LuoJia1-01_LR201806057936_20180603055115_HDR_0035_gec.tif,hf://buckets/cbernegger/LULO4/LuoJia1-01_LR201806057936_20180603055115_HDR_0035_meta.xml,hf://buckets/cbernegger/LULO4/LuoJia1-01_LR201806057936_20180603055115_HDR_0035_gec.tif,-119.038258,32.711055,-115.310977,35.670551,-117.054731,34.258338,2018-6-3T5:51:3.163989
LuoJia1-01_LR201806057936_20180603171232_HDR_0017,local\LULO4\LuoJia1-01_LR201806057936_20180603171232_HDR_0017_meta.xml,local\LULO4\LuoJia1-01_LR201806057936_20180603171232_HDR_0017_gec.tif,hf://buckets/cbernegger/LULO4/LuoJia1-01_LR201806057936_20180603171232_HDR_0017_meta.xml,hf://buckets/cbernegger/LULO4/LuoJia1-01_LR201806057936_20180603171232_HDR_0017_gec.tif,75.556513,26.467667,79.120612,29.435468,77.214234,27.859509,2018-6-3T17:12:19.23092
LuoJia1-01_LR201806057936_20180603171233_HDR_0018,local\LULO4\LuoJia1-01_LR201806057936_20180603171233_HDR_0018_meta.xml,local\LULO4\LuoJia1-01_LR201806057936_20180603171233_HDR_0018_gec.tif,hf://buckets/cbernegger/LULO4/LuoJia1-01_LR201806057936_20180603171233_HDR_0018_meta.xml,hf://buckets/cbernegger/LULO4/LuoJia1-01_LR201806057936_20180603171233_HDR_0018_gec.tif,75.540912,26.52918,79.106884,29.497878,77.199581,27.921408,2018-6-3T17:12:20.23189
LuoJia1-01_LR201806057936_20180603171234_HDR_0019,local\LULO4\LuoJia1-01_LR201806057936_20180603171234_HDR_0019_meta.xml,local\LULO4\LuoJia1-01_LR201806057936_20180603171234_HDR_0019_gec.tif,hf://buckets/cbernegger/LULO4/LuoJia1-01_LR201806057936_20180603171234_HDR_0019_meta.xml,hf://buckets/cbernegger/LULO4/LuoJia1-01_LR201806057936_20180603171234_HDR_0019_gec.tif,75.525339,26.590315,79.093143,29.559416,77.18498,27.982597,2018-6-3T17:12:21.23286
LuoJia1-01_LR201806057936_20180603171234_HDR_0020,local\LULO4\LuoJia1-01_LR201806057936_20180603171234_HDR_0020_meta.xml,local\LULO4\LuoJia1-01_LR201806057936_20180603171234_HDR_0020_gec.tif,hf://buckets/cbernegger/LULO4/LuoJia1-01_LR201806057936_20180603171234_HDR_0020_meta.xml,hf://buckets/cbernegger/LULO4/LuoJia1-01_LR201806057936_20180603171234_HDR_0020_gec.tif,75.509914,26.651095,79.079491,29.620488,77.170358,28.043737,2018-6-3T17:12:22.23383
LuoJia1-01_LR201806057936_20180603171236_HDR_0021,local\LULO4\LuoJia1-01_LR201806057936_20180603171236_HDR_0021_meta.xml,local\LULO4\LuoJia1-01_LR201806057936_20180603171236_HDR_0021_gec.tif,hf://buckets/cbernegger/LULO4/LuoJia1-01_LR201806057936_20180603171236_HDR_0021_meta.xml,hf://buckets/cbernegger/LULO4/LuoJia1-01_LR201806057936_20180603171236_HDR_0021_gec.tif,75.494606,26.7114,79.065937,29.681105,77.156059,28.104058,2018-6-3T17:12:23.23481
LuoJia1-01_LR201806057936_20180603171237_HDR_0022,local\LULO4\LuoJia1-01_LR201806057936_20180603171237_HDR_0022_meta.xml,local\LULO4\LuoJia1-01_LR201806057936_20180603171237_HDR_0022_gec.tif,hf://buckets/cbernegger/LULO4/LuoJia1-01_LR201806057936_20180603171237_HDR_0022_meta.xml,hf://buckets/cbernegger/LULO4/LuoJia1-01_LR201806057936_20180603171237_HDR_0022_gec.tif,75.479586,26.772407,79.052572,29.741104,77.14154,28.164329,2018-6-3T17:12:24.23504
LuoJia1-01_LR201806057936_20180603171238_HDR_0023,local\LULO4\LuoJia1-01_LR201806057936_20180603171238_HDR_0023_meta.xml,local\LULO4\LuoJia1-01_LR201806057936_20180603171238_HDR_0023_gec.tif,hf://buckets/cbernegger/LULO4/LuoJia1-01_LR201806057936_20180603171238_HDR_0023_meta.xml,hf://buckets/cbernegger/LULO4/LuoJia1-01_LR201806057936_20180603171238_HDR_0023_gec.tif,75.465017,26.834423,79.039558,29.80197,77.128072,28.226098,2018-6-3T17:12:25.23675
LuoJia1-01_LR201806057936_20180603171239_HDR_0024,local\LULO4\LuoJia1-01_LR201806057936_20180603171239_HDR_0024_meta.xml,local\LULO4\LuoJia1-01_LR201806057936_20180603171239_HDR_0024_gec.tif,hf://buckets/cbernegger/LULO4/LuoJia1-01_LR201806057936_20180603171239_HDR_0024_meta.xml,hf://buckets/cbernegger/LULO4/LuoJia1-01_LR201806057936_20180603171239_HDR_0024_gec.tif,75.450505,26.896655,79.027349,29.86354,77.11452,28.288329,2018-6-3T17:12:26.23772
LuoJia1-01_LR201806057936_20180603171240_HDR_0025,local\LULO4\LuoJia1-01_LR201806057936_20180603171240_HDR_0025_meta.xml,local\LULO4\LuoJia1-01_LR201806057936_20180603171240_HDR_0025_gec.tif,hf://buckets/cbernegger/LULO4/LuoJia1-01_LR201806057936_20180603171240_HDR_0025_meta.xml,hf://buckets/cbernegger/LULO4/LuoJia1-01_LR201806057936_20180603171240_HDR_0025_gec.tif,75.435451,26.958939,79.015133,29.925592,77.101226,28.350516,2018-6-3T17:12:27.23869
LuoJia1-01_LR201806057936_20180603171241_HDR_0026,local\LULO4\LuoJia1-01_LR201806057936_20180603171241_HDR_0026_meta.xml,local\LULO4\LuoJia1-01_LR201806057936_20180603171241_HDR_0026_gec.tif,hf://buckets/cbernegger/LULO4/LuoJia1-01_LR201806057936_20180603171241_HDR_0026_meta.xml,hf://buckets/cbernegger/LULO4/LuoJia1-01_LR201806057936_20180603171241_HDR_0026_gec.tif,75.41936,27.020457,79.002205,29.987556,77.086382,28.412387,2018-6-3T17:12:28.23967
LuoJia1-01_LR201806057936_20180603171242_HDR_0027,local\LULO4\LuoJia1-01_LR201806057936_20180603171242_HDR_0027_meta.xml,local\LULO4\LuoJia1-01_LR201806057936_20180603171242_HDR_0027_gec.tif,hf://buckets/cbernegger/LULO4/LuoJia1-01_LR201806057936_20180603171242_HDR_0027_meta.xml,hf://buckets/cbernegger/LULO4/LuoJia1-01_LR201806057936_20180603171242_HDR_0027_gec.tif,75.403228,27.08198,78.987716,30.048681,77.070971,28.473743,2018-6-3T17:12:29.24064
LuoJia1-01_LR201806057936_20180603171243_HDR_0028,local\LULO4\LuoJia1-01_LR201806057936_20180603171243_HDR_0028_meta.xml,local\LULO4\LuoJia1-01_LR201806057936_20180603171243_HDR_0028_gec.tif,hf://buckets/cbernegger/LULO4/LuoJia1-01_LR201806057936_20180603171243_HDR_0028_meta.xml,hf://buckets/cbernegger/LULO4/LuoJia1-01_LR201806057936_20180603171243_HDR_0028_gec.tif,75.387826,27.143431,78.973315,30.111205,77.056154,28.535522,2018-6-3T17:12:30.24161
LuoJia1-01_LR201806057936_20180603171244_HDR_0029,local\LULO4\LuoJia1-01_LR201806057936_20180603171244_HDR_0029_meta.xml,local\LULO4\LuoJia1-01_LR201806057936_20180603171244_HDR_0029_gec.tif,hf://buckets/cbernegger/LULO4/LuoJia1-01_LR201806057936_20180603171244_HDR_0029_meta.xml,hf://buckets/cbernegger/LULO4/LuoJia1-01_LR201806057936_20180603171244_HDR_0029_gec.tif,75.372921,27.204055,78.95989,30.170848,77.042266,28.596295,2018-6-3T17:12:31.24258
LuoJia1-01_LR201806057936_20180603171245_HDR_0030,local\LULO4\LuoJia1-01_LR201806057936_20180603171245_HDR_0030_meta.xml,local\LULO4\LuoJia1-01_LR201806057936_20180603171245_HDR_0030_gec.tif,hf://buckets/cbernegger/LULO4/LuoJia1-01_LR201806057936_20180603171245_HDR_0030_meta.xml,hf://buckets/cbernegger/LULO4/LuoJia1-01_LR201806057936_20180603171245_HDR_0030_gec.tif,75.357721,27.265151,78.947219,30.231331,77.028429,28.657179,2018-6-3T17:12:32.24355
LuoJia1-01_LR201806057936_20180603171246_HDR_0031,local\LULO4\LuoJia1-01_LR201806057936_20180603171246_HDR_0031_meta.xml,local\LULO4\LuoJia1-01_LR201806057936_20180603171246_HDR_0031_gec.tif,hf://buckets/cbernegger/LULO4/LuoJia1-01_LR201806057936_20180603171246_HDR_0031_meta.xml,hf://buckets/cbernegger/LULO4/LuoJia1-01_LR201806057936_20180603171246_HDR_0031_gec.tif,75.342413,27.327083,78.934218,30.292147,77.013958,28.718527,2018-6-3T17:12:33.24453
LuoJia1-01_LR201806057936_20180603171247_HDR_0032,local\LULO4\LuoJia1-01_LR201806057936_20180603171247_HDR_0032_meta.xml,local\LULO4\LuoJia1-01_LR201806057936_20180603171247_HDR_0032_gec.tif,hf://buckets/cbernegger/LULO4/LuoJia1-01_LR201806057936_20180603171247_HDR_0032_meta.xml,hf://buckets/cbernegger/LULO4/LuoJia1-01_LR201806057936_20180603171247_HDR_0032_gec.tif,75.327995,27.389516,78.920864,30.352733,76.999892,28.780926,2018-6-3T17:12:34.24550
LuoJia1-01_LR201806057936_20180603171248_HDR_0033,local\LULO4\LuoJia1-01_LR201806057936_20180603171248_HDR_0033_meta.xml,local\LULO4\LuoJia1-01_LR201806057936_20180603171248_HDR_0033_gec.tif,hf://buckets/cbernegger/LULO4/LuoJia1-01_LR201806057936_20180603171248_HDR_0033_meta.xml,hf://buckets/cbernegger/LULO4/LuoJia1-01_LR201806057936_20180603171248_HDR_0033_gec.tif,75.314276,27.451363,78.90882,30.414665,76.987473,28.843362,2018-6-3T17:12:35.24647
LuoJia1-01_LR201806057936_20180603171251_HDR_0036,local\LULO4\LuoJia1-01_LR201806057936_20180603171251_HDR_0036_meta.xml,local\LULO4\LuoJia1-01_LR201806057936_20180603171251_HDR_0036_gec.tif,hf://buckets/cbernegger/LULO4/LuoJia1-01_LR201806057936_20180603171251_HDR_0036_meta.xml,hf://buckets/cbernegger/LULO4/LuoJia1-01_LR201806057936_20180603171251_HDR_0036_gec.tif,75.272397,27.634812,78.875396,30.598989,76.949645,29.027196,2018-6-3T17:12:38.24939
LuoJia1-01_LR201806057936_20180603171252_HDR_0037,local\LULO4\LuoJia1-01_LR201806057936_20180603171252_HDR_0037_meta.xml,local\LULO4\LuoJia1-01_LR201806057936_20180603171252_HDR_0037_gec.tif,hf://buckets/cbernegger/LULO4/LuoJia1-01_LR201806057936_20180603171252_HDR_0037_meta.xml,hf://buckets/cbernegger/LULO4/LuoJia1-01_LR201806057936_20180603171252_HDR_0037_gec.tif,75.256912,27.696489,78.864074,30.661673,76.935971,29.088199,2018-6-3T17:12:39.25036
LuoJia1-01_LR201806057936_20180603171253_HDR_0038,local\LULO4\LuoJia1-01_LR201806057936_20180603171253_HDR_0038_meta.xml,local\LULO4\LuoJia1-01_LR201806057936_20180603171253_HDR_0038_gec.tif,hf://buckets/cbernegger/LULO4/LuoJia1-01_LR201806057936_20180603171253_HDR_0038_meta.xml,hf://buckets/cbernegger/LULO4/LuoJia1-01_LR201806057936_20180603171253_HDR_0038_gec.tif,75.241033,27.757432,78.851068,30.723248,76.921102,29.149973,2018-6-3T17:12:40.25046
LuoJia1-01_LR201806057936_20180603171254_HDR_0039,local\LULO4\LuoJia1-01_LR201806057936_20180603171254_HDR_0039_meta.xml,local\LULO4\LuoJia1-01_LR201806057936_20180603171254_HDR_0039_gec.tif,hf://buckets/cbernegger/LULO4/LuoJia1-01_LR201806057936_20180603171254_HDR_0039_meta.xml,hf://buckets/cbernegger/LULO4/LuoJia1-01_LR201806057936_20180603171254_HDR_0039_gec.tif,75.225294,27.818476,78.837323,30.785016,76.906498,29.211237,2018-6-3T17:12:41.25180
LuoJia1-01_LR201806057936_20180603171254_HDR_0040,local\LULO4\LuoJia1-01_LR201806057936_20180603171254_HDR_0040_meta.xml,local\LULO4\LuoJia1-01_LR201806057936_20180603171254_HDR_0040_gec.tif,hf://buckets/cbernegger/LULO4/LuoJia1-01_LR201806057936_20180603171254_HDR_0040_meta.xml,hf://buckets/cbernegger/LULO4/LuoJia1-01_LR201806057936_20180603171254_HDR_0040_gec.tif,75.209111,27.878852,78.823884,30.845437,76.891893,29.272479,2018-6-3T17:12:42.25327
LuoJia1-01_LR201806057936_20180603171256_HDR_0041,local\LULO4\LuoJia1-01_LR201806057936_20180603171256_HDR_0041_meta.xml,local\LULO4\LuoJia1-01_LR201806057936_20180603171256_HDR_0041_gec.tif,hf://buckets/cbernegger/LULO4/LuoJia1-01_LR201806057936_20180603171256_HDR_0041_meta.xml,hf://buckets/cbernegger/LULO4/LuoJia1-01_LR201806057936_20180603171256_HDR_0041_gec.tif,75.19248,27.939094,78.809915,30.905763,76.876284,29.332286,2018-6-3T17:12:43.25425
LuoJia1-01_LR201806057936_20180603171257_HDR_0042,local\LULO4\LuoJia1-01_LR201806057936_20180603171257_HDR_0042_meta.xml,local\LULO4\LuoJia1-01_LR201806057936_20180603171257_HDR_0042_gec.tif,hf://buckets/cbernegger/LULO4/LuoJia1-01_LR201806057936_20180603171257_HDR_0042_meta.xml,hf://buckets/cbernegger/LULO4/LuoJia1-01_LR201806057936_20180603171257_HDR_0042_gec.tif,75.176488,27.999904,78.795323,30.966305,76.860796,29.393215,2018-6-3T17:12:44.25522
LuoJia1-01_LR201806057936_20180603171258_HDR_0043,local\LULO4\LuoJia1-01_LR201806057936_20180603171258_HDR_0043_meta.xml,local\LULO4\LuoJia1-01_LR201806057936_20180603171258_HDR_0043_gec.tif,hf://buckets/cbernegger/LULO4/LuoJia1-01_LR201806057936_20180603171258_HDR_0043_meta.xml,hf://buckets/cbernegger/LULO4/LuoJia1-01_LR201806057936_20180603171258_HDR_0043_gec.tif,75.161288,28.06082,78.781594,31.026423,76.846584,29.453933,2018-6-3T17:12:45.25619
LuoJia1-01_LR201806057936_20180603171259_HDR_0044,local\LULO4\LuoJia1-01_LR201806057936_20180603171259_HDR_0044_meta.xml,local\LULO4\LuoJia1-01_LR201806057936_20180603171259_HDR_0044_gec.tif,hf://buckets/cbernegger/LULO4/LuoJia1-01_LR201806057936_20180603171259_HDR_0044_meta.xml,hf://buckets/cbernegger/LULO4/LuoJia1-01_LR201806057936_20180603171259_HDR_0044_gec.tif,75.145939,28.121991,78.769001,31.089453,76.832823,29.515584,2018-6-3T17:12:46.25716
LuoJia1-01_LR201806057936_20180603171300_HDR_0045,local\LULO4\LuoJia1-01_LR201806057936_20180603171300_HDR_0045_meta.xml,local\LULO4\LuoJia1-01_LR201806057936_20180603171300_HDR_0045_gec.tif,hf://buckets/cbernegger/LULO4/LuoJia1-01_LR201806057936_20180603171300_HDR_0045_meta.xml,hf://buckets/cbernegger/LULO4/LuoJia1-01_LR201806057936_20180603171300_HDR_0045_gec.tif,75.130211,28.183453,78.756269,31.150604,76.818313,29.57677,2018-6-3T17:12:47.25814
LuoJia1-01_LR201806057936_20180603171301_HDR_0046,local\LULO4\LuoJia1-01_LR201806057936_20180603171301_HDR_0046_meta.xml,local\LULO4\LuoJia1-01_LR201806057936_20180603171301_HDR_0046_gec.tif,hf://buckets/cbernegger/LULO4/LuoJia1-01_LR201806057936_20180603171301_HDR_0046_meta.xml,hf://buckets/cbernegger/LULO4/LuoJia1-01_LR201806057936_20180603171301_HDR_0046_gec.tif,75.114482,28.245527,78.742732,31.211578,76.803631,29.638782,2018-6-3T17:12:48.25911
LuoJia1-01_LR201806057936_20180603171302_HDR_0047,local\LULO4\LuoJia1-01_LR201806057936_20180603171302_HDR_0047_meta.xml,local\LULO4\LuoJia1-01_LR201806057936_20180603171302_HDR_0047_gec.tif,hf://buckets/cbernegger/LULO4/LuoJia1-01_LR201806057936_20180603171302_HDR_0047_meta.xml,hf://buckets/cbernegger/LULO4/LuoJia1-01_LR201806057936_20180603171302_HDR_0047_gec.tif,75.098469,28.307083,78.729287,31.26881,76.789217,29.701049,2018-6-3T17:12:49.26008
LuoJia1-01_LR201806057936_20180603171303_HDR_0048,local\LULO4\LuoJia1-01_LR201806057936_20180603171303_HDR_0048_meta.xml,local\LULO4\LuoJia1-01_LR201806057936_20180603171303_HDR_0048_gec.tif,hf://buckets/cbernegger/LULO4/LuoJia1-01_LR201806057936_20180603171303_HDR_0048_meta.xml,hf://buckets/cbernegger/LULO4/LuoJia1-01_LR201806057936_20180603171303_HDR_0048_gec.tif,75.082554,28.368136,78.715468,31.332823,76.773841,29.761998,2018-6-3T17:12:50.26105
LuoJia1-01_LR201806057936_20180603171304_HDR_0049,local\LULO4\LuoJia1-01_LR201806057936_20180603171304_HDR_0049_meta.xml,local\LULO4\LuoJia1-01_LR201806057936_20180603171304_HDR_0049_gec.tif,hf://buckets/cbernegger/LULO4/LuoJia1-01_LR201806057936_20180603171304_HDR_0049_meta.xml,hf://buckets/cbernegger/LULO4/LuoJia1-01_LR201806057936_20180603171304_HDR_0049_gec.tif,75.067319,28.429145,78.701744,31.389488,76.759676,29.823376,2018-6-3T17:12:51.26203
LuoJia1-01_LR201806057936_20180603171305_HDR_0050,local\LULO4\LuoJia1-01_LR201806057936_20180603171305_HDR_0050_meta.xml,local\LULO4\LuoJia1-01_LR201806057936_20180603171305_HDR_0050_gec.tif,hf://buckets/cbernegger/LULO4/LuoJia1-01_LR201806057936_20180603171305_HDR_0050_meta.xml,hf://buckets/cbernegger/LULO4/LuoJia1-01_LR201806057936_20180603171305_HDR_0050_gec.tif,75.052323,28.48999,78.688951,31.450944,76.745592,29.884169,2018-6-3T17:12:52.26300
LuoJia1-01_LR201806057936_20180603171306_HDR_0051,local\LULO4\LuoJia1-01_LR201806057936_20180603171306_HDR_0051_meta.xml,local\LULO4\LuoJia1-01_LR201806057936_20180603171306_HDR_0051_gec.tif,hf://buckets/cbernegger/LULO4/LuoJia1-01_LR201806057936_20180603171306_HDR_0051_meta.xml,hf://buckets/cbernegger/LULO4/LuoJia1-01_LR201806057936_20180603171306_HDR_0051_gec.tif,75.036921,28.550742,78.676459,31.51438,76.732021,29.945218,2018-6-3T17:12:53.26397
LuoJia1-01_LR201806057936_20180603171307_HDR_0052,local\LULO4\LuoJia1-01_LR201806057936_20180603171307_HDR_0052_meta.xml,local\LULO4\LuoJia1-01_LR201806057936_20180603171307_HDR_0052_gec.tif,hf://buckets/cbernegger/LULO4/LuoJia1-01_LR201806057936_20180603171307_HDR_0052_meta.xml,hf://buckets/cbernegger/LULO4/LuoJia1-01_LR201806057936_20180603171307_HDR_0052_gec.tif,75.020974,28.611285,78.6634,31.580598,76.716991,30.005808,2018-6-3T17:12:54.26494
LuoJia1-01_LR201806057936_20180603171308_HDR_0053,local\LULO4\LuoJia1-01_LR201806057936_20180603171308_HDR_0053_meta.xml,local\LULO4\LuoJia1-01_LR201806057936_20180603171308_HDR_0053_gec.tif,hf://buckets/cbernegger/LULO4/LuoJia1-01_LR201806057936_20180603171308_HDR_0053_meta.xml,hf://buckets/cbernegger/LULO4/LuoJia1-01_LR201806057936_20180603171308_HDR_0053_gec.tif,75.005117,28.671749,78.649326,31.636553,76.702064,30.066228,2018-6-3T17:12:55.26592
LuoJia1-01_LR201806057936_20180603171309_HDR_0054,local\LULO4\LuoJia1-01_LR201806057936_20180603171309_HDR_0054_meta.xml,local\LULO4\LuoJia1-01_LR201806057936_20180603171309_HDR_0054_gec.tif,hf://buckets/cbernegger/LULO4/LuoJia1-01_LR201806057936_20180603171309_HDR_0054_meta.xml,hf://buckets/cbernegger/LULO4/LuoJia1-01_LR201806057936_20180603171309_HDR_0054_gec.tif,74.989244,28.732202,78.635458,31.692488,76.687156,30.126644,2018-6-3T17:12:56.26689
LuoJia1-01_LR201806057936_20180604191551_HDR_0019,local\LULO4\LuoJia1-01_LR201806057936_20180604191551_HDR_0019_meta.xml,local\LULO4\LuoJia1-01_LR201806057936_20180604191551_HDR_0019_gec.tif,hf://buckets/cbernegger/LULO4/LuoJia1-01_LR201806057936_20180604191551_HDR_0019_meta.xml,hf://buckets/cbernegger/LULO4/LuoJia1-01_LR201806057936_20180604191551_HDR_0019_gec.tif,42.170048,33.079122,45.747535,35.949654,43.927037,34.484924,2018-6-4T19:15:39.14888
LuoJia1-01_LR201806057936_20180604191552_HDR_0020,local\LULO4\LuoJia1-01_LR201806057936_20180604191552_HDR_0020_meta.xml,local\LULO4\LuoJia1-01_LR201806057936_20180604191552_HDR_0020_gec.tif,hf://buckets/cbernegger/LULO4/LuoJia1-01_LR201806057936_20180604191552_HDR_0020_meta.xml,hf://buckets/cbernegger/LULO4/LuoJia1-01_LR201806057936_20180604191552_HDR_0020_gec.tif,42.151702,33.139794,45.731511,36.01163,43.910027,34.545639,2018-6-4T19:15:40.14985
LuoJia1-01_LR201806057936_20180604191553_HDR_0021,local\LULO4\LuoJia1-01_LR201806057936_20180604191553_HDR_0021_meta.xml,local\LULO4\LuoJia1-01_LR201806057936_20180604191553_HDR_0021_gec.tif,hf://buckets/cbernegger/LULO4/LuoJia1-01_LR201806057936_20180604191553_HDR_0021_meta.xml,hf://buckets/cbernegger/LULO4/LuoJia1-01_LR201806057936_20180604191553_HDR_0021_gec.tif,42.132957,33.200298,45.715876,36.072757,43.893099,34.606333,2018-6-4T19:15:41.15082
LuoJia1-01_LR201806057936_20180604191554_HDR_0022,local\LULO4\LuoJia1-01_LR201806057936_20180604191554_HDR_0022_meta.xml,local\LULO4\LuoJia1-01_LR201806057936_20180604191554_HDR_0022_gec.tif,hf://buckets/cbernegger/LULO4/LuoJia1-01_LR201806057936_20180604191554_HDR_0022_meta.xml,hf://buckets/cbernegger/LULO4/LuoJia1-01_LR201806057936_20180604191554_HDR_0022_gec.tif,42.113141,33.260864,45.699674,36.133661,43.875106,34.667062,2018-6-4T19:15:42.15179
LuoJia1-01_LR201806057936_20180604191555_HDR_0023,local\LULO4\LuoJia1-01_LR201806057936_20180604191555_HDR_0023_meta.xml,local\LULO4\LuoJia1-01_LR201806057936_20180604191555_HDR_0023_gec.tif,hf://buckets/cbernegger/LULO4/LuoJia1-01_LR201806057936_20180604191555_HDR_0023_meta.xml,hf://buckets/cbernegger/LULO4/LuoJia1-01_LR201806057936_20180604191555_HDR_0023_gec.tif,42.093031,33.321467,45.682431,36.19436,43.856696,34.727749,2018-6-4T19:15:43.15276
LuoJia1-01_LR201806057936_20180604191556_HDR_0024,local\LULO4\LuoJia1-01_LR201806057936_20180604191556_HDR_0024_meta.xml,local\LULO4\LuoJia1-01_LR201806057936_20180604191556_HDR_0024_gec.tif,hf://buckets/cbernegger/LULO4/LuoJia1-01_LR201806057936_20180604191556_HDR_0024_meta.xml,hf://buckets/cbernegger/LULO4/LuoJia1-01_LR201806057936_20180604191556_HDR_0024_gec.tif,42.072614,33.382168,45.664927,36.255068,43.837929,34.788646,2018-6-4T19:15:44.15373
LuoJia1-01_LR201806057936_20180604191557_HDR_0025,local\LULO4\LuoJia1-01_LR201806057936_20180604191557_HDR_0025_meta.xml,local\LULO4\LuoJia1-01_LR201806057936_20180604191557_HDR_0025_gec.tif,hf://buckets/cbernegger/LULO4/LuoJia1-01_LR201806057936_20180604191557_HDR_0025_meta.xml,hf://buckets/cbernegger/LULO4/LuoJia1-01_LR201806057936_20180604191557_HDR_0025_gec.tif,42.052341,33.442732,45.646957,36.315424,43.819181,34.849502,2018-6-4T19:15:45.15471
LuoJia1-01_LR201806057936_20180604191558_HDR_0026,local\LULO4\LuoJia1-01_LR201806057936_20180604191558_HDR_0026_meta.xml,local\LULO4\LuoJia1-01_LR201806057936_20180604191558_HDR_0026_gec.tif,hf://buckets/cbernegger/LULO4/LuoJia1-01_LR201806057936_20180604191558_HDR_0026_meta.xml,hf://buckets/cbernegger/LULO4/LuoJia1-01_LR201806057936_20180604191558_HDR_0026_gec.tif,42.032105,33.503119,45.629557,36.373678,43.800391,34.9102,2018-6-4T19:15:46.15568
LuoJia1-01_LR201806057936_20180604191559_HDR_0027,local\LULO4\LuoJia1-01_LR201806057936_20180604191559_HDR_0027_meta.xml,local\LULO4\LuoJia1-01_LR201806057936_20180604191559_HDR_0027_gec.tif,hf://buckets/cbernegger/LULO4/LuoJia1-01_LR201806057936_20180604191559_HDR_0027_meta.xml,hf://buckets/cbernegger/LULO4/LuoJia1-01_LR201806057936_20180604191559_HDR_0027_gec.tif,42.012054,33.563236,45.61216,36.435958,43.781524,34.970616,2018-6-4T19:15:47.15665
LuoJia1-01_LR201806057936_20180604191600_HDR_0028,local\LULO4\LuoJia1-01_LR201806057936_20180604191600_HDR_0028_meta.xml,local\LULO4\LuoJia1-01_LR201806057936_20180604191600_HDR_0028_gec.tif,hf://buckets/cbernegger/LULO4/LuoJia1-01_LR201806057936_20180604191600_HDR_0028_meta.xml,hf://buckets/cbernegger/LULO4/LuoJia1-01_LR201806057936_20180604191600_HDR_0028_gec.tif,41.992756,33.623486,45.594868,36.493273,43.763474,35.03097,2018-6-4T19:15:48.15762
LuoJia1-01_LR201806057936_20180604191601_HDR_0029,local\LULO4\LuoJia1-01_LR201806057936_20180604191601_HDR_0029_meta.xml,local\LULO4\LuoJia1-01_LR201806057936_20180604191601_HDR_0029_gec.tif,hf://buckets/cbernegger/LULO4/LuoJia1-01_LR201806057936_20180604191601_HDR_0029_meta.xml,hf://buckets/cbernegger/LULO4/LuoJia1-01_LR201806057936_20180604191601_HDR_0029_gec.tif,41.97432,33.684303,45.578311,36.553949,43.746182,35.091718,2018-6-4T19:15:49.15859
LuoJia1-01_LR201806057936_20180604191602_HDR_0030,local\LULO4\LuoJia1-01_LR201806057936_20180604191602_HDR_0030_meta.xml,local\LULO4\LuoJia1-01_LR201806057936_20180604191602_HDR_0030_gec.tif,hf://buckets/cbernegger/LULO4/LuoJia1-01_LR201806057936_20180604191602_HDR_0030_meta.xml,hf://buckets/cbernegger/LULO4/LuoJia1-01_LR201806057936_20180604191602_HDR_0030_gec.tif,41.956813,33.745389,45.562812,36.617502,43.729846,35.152872,2018-6-4T19:15:50.15957
LuoJia1-01_LR201806057936_20180604191603_HDR_0031,local\LULO4\LuoJia1-01_LR201806057936_20180604191603_HDR_0031_meta.xml,local\LULO4\LuoJia1-01_LR201806057936_20180604191603_HDR_0031_gec.tif,hf://buckets/cbernegger/LULO4/LuoJia1-01_LR201806057936_20180604191603_HDR_0031_meta.xml,hf://buckets/cbernegger/LULO4/LuoJia1-01_LR201806057936_20180604191603_HDR_0031_gec.tif,41.939609,33.806303,45.54831,36.677291,43.713931,35.213869,2018-6-4T19:15:51.16054
LuoJia1-01_LR201806057936_20180604191604_HDR_0032,local\LULO4\LuoJia1-01_LR201806057936_20180604191604_HDR_0032_meta.xml,local\LULO4\LuoJia1-01_LR201806057936_20180604191604_HDR_0032_gec.tif,hf://buckets/cbernegger/LULO4/LuoJia1-01_LR201806057936_20180604191604_HDR_0032_meta.xml,hf://buckets/cbernegger/LULO4/LuoJia1-01_LR201806057936_20180604191604_HDR_0032_gec.tif,41.922999,33.867572,45.534276,36.73678,43.698496,35.27508,2018-6-4T19:15:52.16151
LuoJia1-01_LR201806057936_20180604191605_HDR_0033,local\LULO4\LuoJia1-01_LR201806057936_20180604191605_HDR_0033_meta.xml,local\LULO4\LuoJia1-01_LR201806057936_20180604191605_HDR_0033_gec.tif,hf://buckets/cbernegger/LULO4/LuoJia1-01_LR201806057936_20180604191605_HDR_0033_meta.xml,hf://buckets/cbernegger/LULO4/LuoJia1-01_LR201806057936_20180604191605_HDR_0033_gec.tif,41.906914,33.928715,45.521152,36.797485,43.683832,35.336461,2018-6-4T19:15:53.16248
LuoJia1-01_LR201806057936_20180604191606_HDR_0034,local\LULO4\LuoJia1-01_LR201806057936_20180604191606_HDR_0034_meta.xml,local\LULO4\LuoJia1-01_LR201806057936_20180604191606_HDR_0034_gec.tif,hf://buckets/cbernegger/LULO4/LuoJia1-01_LR201806057936_20180604191606_HDR_0034_meta.xml,hf://buckets/cbernegger/LULO4/LuoJia1-01_LR201806057936_20180604191606_HDR_0034_gec.tif,41.890897,33.990169,45.507992,36.859969,43.669331,35.397865,2018-6-4T19:15:54.16345
LuoJia1-01_LR201806057936_20180604191607_HDR_0035,local\LULO4\LuoJia1-01_LR201806057936_20180604191607_HDR_0035_meta.xml,local\LULO4\LuoJia1-01_LR201806057936_20180604191607_HDR_0035_gec.tif,hf://buckets/cbernegger/LULO4/LuoJia1-01_LR201806057936_20180604191607_HDR_0035_meta.xml,hf://buckets/cbernegger/LULO4/LuoJia1-01_LR201806057936_20180604191607_HDR_0035_gec.tif,41.874926,34.051431,45.494829,36.922026,43.654778,35.45926,2018-6-4T19:15:55.16443
LuoJia1-01_LR201806064831_20180603055040_HDR_0000,local\LULO4\LuoJia1-01_LR201806064831_20180603055040_HDR_0000_meta.xml,local\LULO4\LuoJia1-01_LR201806064831_20180603055040_HDR_0000_gec.tif,hf://buckets/cbernegger/LULO4/LuoJia1-01_LR201806064831_20180603055040_HDR_0000_meta.xml,hf://buckets/cbernegger/LULO4/LuoJia1-01_LR201806064831_20180603055040_HDR_0000_gec.tif,-118.365317,30.589632,-114.747431,33.537367,-116.445275,32.130313,2018-6-3T5:50:28.129627
LuoJia1-01_LR201806064831_20180603055041_HDR_0001,local\LULO4\LuoJia1-01_LR201806064831_20180603055041_HDR_0001_meta.xml,local\LULO4\LuoJia1-01_LR201806064831_20180603055041_HDR_0001_gec.tif,hf://buckets/cbernegger/LULO4/LuoJia1-01_LR201806064831_20180603055041_HDR_0001_meta.xml,hf://buckets/cbernegger/LULO4/LuoJia1-01_LR201806064831_20180603055041_HDR_0001_gec.tif,-118.384266,30.648831,-114.762618,33.596358,-116.462346,32.189901,2018-6-3T5:50:29.130622
LuoJia1-01_LR201806064831_20180603055042_HDR_0002,local\LULO4\LuoJia1-01_LR201806064831_20180603055042_HDR_0002_meta.xml,local\LULO4\LuoJia1-01_LR201806064831_20180603055042_HDR_0002_gec.tif,hf://buckets/cbernegger/LULO4/LuoJia1-01_LR201806064831_20180603055042_HDR_0002_meta.xml,hf://buckets/cbernegger/LULO4/LuoJia1-01_LR201806064831_20180603055042_HDR_0002_gec.tif,-118.40195,30.707838,-114.778645,33.656451,-116.479458,32.249291,2018-6-3T5:50:30.131593
LuoJia1-01_LR201806064831_20180603055043_HDR_0003,local\LULO4\LuoJia1-01_LR201806064831_20180603055043_HDR_0003_meta.xml,local\LULO4\LuoJia1-01_LR201806064831_20180603055043_HDR_0003_gec.tif,hf://buckets/cbernegger/LULO4/LuoJia1-01_LR201806064831_20180603055043_HDR_0003_meta.xml,hf://buckets/cbernegger/LULO4/LuoJia1-01_LR201806064831_20180603055043_HDR_0003_gec.tif,-118.418971,30.767053,-114.793589,33.717021,-116.495276,32.308651,2018-6-3T5:50:31.132563
LuoJia1-01_LR201806064831_20180603055044_HDR_0004,local\LULO4\LuoJia1-01_LR201806064831_20180603055044_HDR_0004_meta.xml,local\LULO4\LuoJia1-01_LR201806064831_20180603055044_HDR_0004_gec.tif,hf://buckets/cbernegger/LULO4/LuoJia1-01_LR201806064831_20180603055044_HDR_0004_meta.xml,hf://buckets/cbernegger/LULO4/LuoJia1-01_LR201806064831_20180603055044_HDR_0004_gec.tif,-118.436974,30.826909,-114.807895,33.776788,-116.511033,32.368516,2018-6-3T5:50:32.133523
LuoJia1-01_LR201806064831_20180603055045_HDR_0005,local\LULO4\LuoJia1-01_LR201806064831_20180603055045_HDR_0005_meta.xml,local\LULO4\LuoJia1-01_LR201806064831_20180603055045_HDR_0005_gec.tif,hf://buckets/cbernegger/LULO4/LuoJia1-01_LR201806064831_20180603055045_HDR_0005_meta.xml,hf://buckets/cbernegger/LULO4/LuoJia1-01_LR201806064831_20180603055045_HDR_0005_gec.tif,-118.455288,30.8873,-114.822991,33.837121,-116.528809,32.428906,2018-6-3T5:50:33.134505
LuoJia1-01_LR201806064831_20180603055046_HDR_0006,local\LULO4\LuoJia1-01_LR201806064831_20180603055046_HDR_0006_meta.xml,local\LULO4\LuoJia1-01_LR201806064831_20180603055046_HDR_0006_gec.tif,hf://buckets/cbernegger/LULO4/LuoJia1-01_LR201806064831_20180603055046_HDR_0006_meta.xml,hf://buckets/cbernegger/LULO4/LuoJia1-01_LR201806064831_20180603055046_HDR_0006_gec.tif,-118.475413,30.948428,-114.8396,33.897391,-116.546149,32.489917,2018-6-3T5:50:34.135475
LuoJia1-01_LR201806064831_20180603055047_HDR_0007,local\LULO4\LuoJia1-01_LR201806064831_20180603055047_HDR_0007_meta.xml,local\LULO4\LuoJia1-01_LR201806064831_20180603055047_HDR_0007_gec.tif,hf://buckets/cbernegger/LULO4/LuoJia1-01_LR201806064831_20180603055047_HDR_0007_meta.xml,hf://buckets/cbernegger/LULO4/LuoJia1-01_LR201806064831_20180603055047_HDR_0007_gec.tif,-118.496499,31.010215,-114.856308,33.959405,-116.564285,32.551618,2018-6-3T5:50:35.135660
LuoJia1-01_LR201806064831_20180603055048_HDR_0008,local\LULO4\LuoJia1-01_LR201806064831_20180603055048_HDR_0008_meta.xml,local\LULO4\LuoJia1-01_LR201806064831_20180603055048_HDR_0008_gec.tif,hf://buckets/cbernegger/LULO4/LuoJia1-01_LR201806064831_20180603055048_HDR_0008_meta.xml,hf://buckets/cbernegger/LULO4/LuoJia1-01_LR201806064831_20180603055048_HDR_0008_gec.tif,-118.516308,31.071836,-114.873393,34.021237,-116.582405,32.613476,2018-6-3T5:50:36.137070
LuoJia1-01_LR201806064831_20180603055049_HDR_0009,local\LULO4\LuoJia1-01_LR201806064831_20180603055049_HDR_0009_meta.xml,local\LULO4\LuoJia1-01_LR201806064831_20180603055049_HDR_0009_gec.tif,hf://buckets/cbernegger/LULO4/LuoJia1-01_LR201806064831_20180603055049_HDR_0009_meta.xml,hf://buckets/cbernegger/LULO4/LuoJia1-01_LR201806064831_20180603055049_HDR_0009_gec.tif,-118.536014,31.132822,-114.890179,34.082773,-116.600349,32.674976,2018-6-3T5:50:37.138387
LuoJia1-01_LR201806064831_20180603055050_HDR_0010,local\LULO4\LuoJia1-01_LR201806064831_20180603055050_HDR_0010_meta.xml,local\LULO4\LuoJia1-01_LR201806064831_20180603055050_HDR_0010_gec.tif,hf://buckets/cbernegger/LULO4/LuoJia1-01_LR201806064831_20180603055050_HDR_0010_meta.xml,hf://buckets/cbernegger/LULO4/LuoJia1-01_LR201806064831_20180603055050_HDR_0010_gec.tif,-118.555506,31.193259,-114.906653,34.144156,-116.617968,32.735803,2018-6-3T5:50:38.138374
LuoJia1-01_LR201806064831_20180603055051_HDR_0011,local\LULO4\LuoJia1-01_LR201806064831_20180603055051_HDR_0011_meta.xml,local\LULO4\LuoJia1-01_LR201806064831_20180603055051_HDR_0011_gec.tif,hf://buckets/cbernegger/LULO4/LuoJia1-01_LR201806064831_20180603055051_HDR_0011_meta.xml,hf://buckets/cbernegger/LULO4/LuoJia1-01_LR201806064831_20180603055051_HDR_0011_gec.tif,-118.575347,31.253573,-114.922862,34.205338,-116.636093,32.79676,2018-6-3T5:50:39.140329
LuoJia1-01_LR201806064831_20180603055052_HDR_0012,local\LULO4\LuoJia1-01_LR201806064831_20180603055052_HDR_0012_meta.xml,local\LULO4\LuoJia1-01_LR201806064831_20180603055052_HDR_0012_gec.tif,hf://buckets/cbernegger/LULO4/LuoJia1-01_LR201806064831_20180603055052_HDR_0012_meta.xml,hf://buckets/cbernegger/LULO4/LuoJia1-01_LR201806064831_20180603055052_HDR_0012_gec.tif,-118.59487,31.313282,-114.939272,34.2666,-116.65284,32.856977,2018-6-3T5:50:40.141124
LuoJia1-01_LR201806064831_20180603055053_HDR_0013,local\LULO4\LuoJia1-01_LR201806064831_20180603055053_HDR_0013_meta.xml,local\LULO4\LuoJia1-01_LR201806064831_20180603055053_HDR_0013_gec.tif,hf://buckets/cbernegger/LULO4/LuoJia1-01_LR201806064831_20180603055053_HDR_0013_meta.xml,hf://buckets/cbernegger/LULO4/LuoJia1-01_LR201806064831_20180603055053_HDR_0013_gec.tif,-118.615699,31.373736,-114.955469,34.327368,-116.67163,32.91752,2018-6-3T5:50:41.142270
LuoJia1-01_LR201806064831_20180603055054_HDR_0014,local\LULO4\LuoJia1-01_LR201806064831_20180603055054_HDR_0014_meta.xml,local\LULO4\LuoJia1-01_LR201806064831_20180603055054_HDR_0014_gec.tif,hf://buckets/cbernegger/LULO4/LuoJia1-01_LR201806064831_20180603055054_HDR_0014_meta.xml,hf://buckets/cbernegger/LULO4/LuoJia1-01_LR201806064831_20180603055054_HDR_0014_gec.tif,-118.636633,31.434051,-114.97289,34.388499,-116.691129,32.978258,2018-6-3T5:50:42.142928
LuoJia1-01_LR201806064831_20180603055055_HDR_0015,local\LULO4\LuoJia1-01_LR201806064831_20180603055055_HDR_0015_meta.xml,local\LULO4\LuoJia1-01_LR201806064831_20180603055055_HDR_0015_gec.tif,hf://buckets/cbernegger/LULO4/LuoJia1-01_LR201806064831_20180603055055_HDR_0015_meta.xml,hf://buckets/cbernegger/LULO4/LuoJia1-01_LR201806064831_20180603055055_HDR_0015_gec.tif,-118.65638,31.494175,-114.99042,34.449454,-116.709795,33.03873,2018-6-3T5:50:43.144212
LuoJia1-01_LR201806064831_20180603055057_HDR_0017,local\LULO4\LuoJia1-01_LR201806064831_20180603055057_HDR_0017_meta.xml,local\LULO4\LuoJia1-01_LR201806064831_20180603055057_HDR_0017_gec.tif,hf://buckets/cbernegger/LULO4/LuoJia1-01_LR201806064831_20180603055057_HDR_0017_meta.xml,hf://buckets/cbernegger/LULO4/LuoJia1-01_LR201806064831_20180603055057_HDR_0017_gec.tif,-118.695681,31.614366,-115.023455,34.570986,-116.745704,33.160002,2018-6-3T5:50:45.146154
LuoJia1-01_LR201806064831_20180603055058_HDR_0018,local\LULO4\LuoJia1-01_LR201806064831_20180603055058_HDR_0018_meta.xml,local\LULO4\LuoJia1-01_LR201806064831_20180603055058_HDR_0018_gec.tif,hf://buckets/cbernegger/LULO4/LuoJia1-01_LR201806064831_20180603055058_HDR_0018_meta.xml,hf://buckets/cbernegger/LULO4/LuoJia1-01_LR201806064831_20180603055058_HDR_0018_gec.tif,-118.713784,31.674264,-115.040081,34.631042,-116.762249,33.220186,2018-6-3T5:50:46.147125
LuoJia1-01_LR201806064831_20180603055059_HDR_0019,local\LULO4\LuoJia1-01_LR201806064831_20180603055059_HDR_0019_meta.xml,local\LULO4\LuoJia1-01_LR201806064831_20180603055059_HDR_0019_gec.tif,hf://buckets/cbernegger/LULO4/LuoJia1-01_LR201806064831_20180603055059_HDR_0019_meta.xml,hf://buckets/cbernegger/LULO4/LuoJia1-01_LR201806064831_20180603055059_HDR_0019_gec.tif,-118.732622,31.734854,-115.055457,34.691328,-116.779934,33.280813,2018-6-3T5:50:47.147989
LuoJia1-01_LR201806064831_20180603055100_HDR_0020,local\LULO4\LuoJia1-01_LR201806064831_20180603055100_HDR_0020_meta.xml,local\LULO4\LuoJia1-01_LR201806064831_20180603055100_HDR_0020_gec.tif,hf://buckets/cbernegger/LULO4/LuoJia1-01_LR201806064831_20180603055100_HDR_0020_meta.xml,hf://buckets/cbernegger/LULO4/LuoJia1-01_LR201806064831_20180603055100_HDR_0020_gec.tif,-118.753838,31.795654,-115.07228,34.751722,-116.798319,33.341767,2018-6-3T5:50:48.149067
LuoJia1-01_LR201806064831_20180603055101_HDR_0021,local\LULO4\LuoJia1-01_LR201806064831_20180603055101_HDR_0021_meta.xml,local\LULO4\LuoJia1-01_LR201806064831_20180603055101_HDR_0021_gec.tif,hf://buckets/cbernegger/LULO4/LuoJia1-01_LR201806064831_20180603055101_HDR_0021_meta.xml,hf://buckets/cbernegger/LULO4/LuoJia1-01_LR201806064831_20180603055101_HDR_0021_gec.tif,-118.772808,31.856178,-115.089375,34.812183,-116.817164,33.402792,2018-6-3T5:50:49.150038
LuoJia1-01_LR201806064831_20180603055102_HDR_0022,local\LULO4\LuoJia1-01_LR201806064831_20180603055102_HDR_0022_meta.xml,local\LULO4\LuoJia1-01_LR201806064831_20180603055102_HDR_0022_gec.tif,hf://buckets/cbernegger/LULO4/LuoJia1-01_LR201806064831_20180603055102_HDR_0022_meta.xml,hf://buckets/cbernegger/LULO4/LuoJia1-01_LR201806064831_20180603055102_HDR_0022_gec.tif,-118.791451,31.916409,-115.105659,34.874771,-116.834269,33.463203,2018-6-3T5:50:50.151010
LuoJia1-01_LR201806064831_20180603055103_HDR_0023,local\LULO4\LuoJia1-01_LR201806064831_20180603055103_HDR_0023_meta.xml,local\LULO4\LuoJia1-01_LR201806064831_20180603055103_HDR_0023_gec.tif,hf://buckets/cbernegger/LULO4/LuoJia1-01_LR201806064831_20180603055103_HDR_0023_meta.xml,hf://buckets/cbernegger/LULO4/LuoJia1-01_LR201806064831_20180603055103_HDR_0023_gec.tif,-118.807216,31.977514,-115.120722,34.935812,-116.850745,33.523955,2018-6-3T5:50:51.151981
LuoJia1-01_LR201806064831_20180603055104_HDR_0024,local\LULO4\LuoJia1-01_LR201806064831_20180603055104_HDR_0024_meta.xml,local\LULO4\LuoJia1-01_LR201806064831_20180603055104_HDR_0024_gec.tif,hf://buckets/cbernegger/LULO4/LuoJia1-01_LR201806064831_20180603055104_HDR_0024_meta.xml,hf://buckets/cbernegger/LULO4/LuoJia1-01_LR201806064831_20180603055104_HDR_0024_gec.tif,-118.823933,32.038833,-115.135755,34.99702,-116.866928,33.585338,2018-6-3T5:50:52.152952
LuoJia1-01_LR201806064831_20180603055105_HDR_0025,local\LULO4\LuoJia1-01_LR201806064831_20180603055105_HDR_0025_meta.xml,local\LULO4\LuoJia1-01_LR201806064831_20180603055105_HDR_0025_gec.tif,hf://buckets/cbernegger/LULO4/LuoJia1-01_LR201806064831_20180603055105_HDR_0025_meta.xml,hf://buckets/cbernegger/LULO4/LuoJia1-01_LR201806064831_20180603055105_HDR_0025_gec.tif,-118.843737,32.099579,-115.151244,35.057895,-116.884153,33.646549,2018-6-3T5:50:53.153923
LuoJia1-01_LR201806064831_20180603055106_HDR_0026,local\LULO4\LuoJia1-01_LR201806064831_20180603055106_HDR_0026_meta.xml,local\LULO4\LuoJia1-01_LR201806064831_20180603055106_HDR_0026_gec.tif,hf://buckets/cbernegger/LULO4/LuoJia1-01_LR201806064831_20180603055106_HDR_0026_meta.xml,hf://buckets/cbernegger/LULO4/LuoJia1-01_LR201806064831_20180603055106_HDR_0026_gec.tif,-118.855452,32.159755,-115.166507,35.118892,-116.900148,33.70693,2018-6-3T5:50:54.154894
LuoJia1-01_LR201806064831_20180603055107_HDR_0027,local\LULO4\LuoJia1-01_LR201806064831_20180603055107_HDR_0027_meta.xml,local\LULO4\LuoJia1-01_LR201806064831_20180603055107_HDR_0027_gec.tif,hf://buckets/cbernegger/LULO4/LuoJia1-01_LR201806064831_20180603055107_HDR_0027_meta.xml,hf://buckets/cbernegger/LULO4/LuoJia1-01_LR201806064831_20180603055107_HDR_0027_gec.tif,-118.875127,32.220228,-115.180604,35.179633,-116.916946,33.767213,2018-6-3T5:50:55.155866
LuoJia1-01_LR201806064831_20180603055108_HDR_0028,local\LULO4\LuoJia1-01_LR201806064831_20180603055108_HDR_0028_meta.xml,local\LULO4\LuoJia1-01_LR201806064831_20180603055108_HDR_0028_gec.tif,hf://buckets/cbernegger/LULO4/LuoJia1-01_LR201806064831_20180603055108_HDR_0028_meta.xml,hf://buckets/cbernegger/LULO4/LuoJia1-01_LR201806064831_20180603055108_HDR_0028_gec.tif,-118.893764,32.280949,-115.195821,35.240526,-116.93266,33.82806,2018-6-3T5:50:56.155872
LuoJia1-01_LR201806064831_20180603055109_HDR_0029,local\LULO4\LuoJia1-01_LR201806064831_20180603055109_HDR_0029_meta.xml,local\LULO4\LuoJia1-01_LR201806064831_20180603055109_HDR_0029_gec.tif,hf://buckets/cbernegger/LULO4/LuoJia1-01_LR201806064831_20180603055109_HDR_0029_meta.xml,hf://buckets/cbernegger/LULO4/LuoJia1-01_LR201806064831_20180603055109_HDR_0029_gec.tif,-118.91117,32.341729,-115.211459,35.301359,-116.950301,33.888731,2018-6-3T5:50:57.157223
LuoJia1-01_LR201806064831_20180603055110_HDR_0030,local\LULO4\LuoJia1-01_LR201806064831_20180603055110_HDR_0030_meta.xml,local\LULO4\LuoJia1-01_LR201806064831_20180603055110_HDR_0030_gec.tif,hf://buckets/cbernegger/LULO4/LuoJia1-01_LR201806064831_20180603055110_HDR_0030_meta.xml,hf://buckets/cbernegger/LULO4/LuoJia1-01_LR201806064831_20180603055110_HDR_0030_gec.tif,-118.929785,32.402788,-115.22727,35.362094,-116.967404,33.949941,2018-6-3T5:50:58.158364
LuoJia1-01_LR201806064831_20180603055111_HDR_0031,local\LULO4\LuoJia1-01_LR201806064831_20180603055111_HDR_0031_meta.xml,local\LULO4\LuoJia1-01_LR201806064831_20180603055111_HDR_0031_gec.tif,hf://buckets/cbernegger/LULO4/LuoJia1-01_LR201806064831_20180603055111_HDR_0031_meta.xml,hf://buckets/cbernegger/LULO4/LuoJia1-01_LR201806064831_20180603055111_HDR_0031_gec.tif,-118.953139,32.463788,-115.24308,35.423029,-116.983699,34.011017,2018-6-3T5:50:59.159105
LuoJia1-01_LR201806064831_20180603055112_HDR_0032,local\LULO4\LuoJia1-01_LR201806064831_20180603055112_HDR_0032_meta.xml,local\LULO4\LuoJia1-01_LR201806064831_20180603055112_HDR_0032_gec.tif,hf://buckets/cbernegger/LULO4/LuoJia1-01_LR201806064831_20180603055112_HDR_0032_meta.xml,hf://buckets/cbernegger/LULO4/LuoJia1-01_LR201806064831_20180603055112_HDR_0032_gec.tif,-118.974639,32.525122,-115.258826,35.483991,-117.001147,34.072253,2018-6-3T5:51:0.160017
LuoJia1-01_LR201806064831_20180603055113_HDR_0033,local\LULO4\LuoJia1-01_LR201806064831_20180603055113_HDR_0033_meta.xml,local\LULO4\LuoJia1-01_LR201806064831_20180603055113_HDR_0033_gec.tif,hf://buckets/cbernegger/LULO4/LuoJia1-01_LR201806064831_20180603055113_HDR_0033_meta.xml,hf://buckets/cbernegger/LULO4/LuoJia1-01_LR201806064831_20180603055113_HDR_0033_gec.tif,-118.997379,32.586714,-115.275734,35.545921,-117.01922,34.133948,2018-6-3T5:51:1.161694
LuoJia1-01_LR201806064831_20180603055114_HDR_0034,local\LULO4\LuoJia1-01_LR201806064831_20180603055114_HDR_0034_meta.xml,local\LULO4\LuoJia1-01_LR201806064831_20180603055114_HDR_0034_gec.tif,hf://buckets/cbernegger/LULO4/LuoJia1-01_LR201806064831_20180603055114_HDR_0034_meta.xml,hf://buckets/cbernegger/LULO4/LuoJia1-01_LR201806064831_20180603055114_HDR_0034_gec.tif,-119.019941,32.648328,-115.294111,35.608139,-117.039024,34.19583,2018-6-3T5:51:2.162665
LuoJia1-01_LR201806064831_20180603055115_HDR_0035,local\LULO4\LuoJia1-01_LR201806064831_20180603055115_HDR_0035_meta.xml,local\LULO4\LuoJia1-01_LR201806064831_20180603055115_HDR_0035_gec.tif,hf://buckets/cbernegger/LULO4/LuoJia1-01_LR201806064831_20180603055115_HDR_0035_meta.xml,hf://buckets/cbernegger/LULO4/LuoJia1-01_LR201806064831_20180603055115_HDR_0035_gec.tif,-119.041258,32.709584,-115.312941,35.670067,-117.057051,34.257558,2018-6-3T5:51:3.163637
LuoJia1-01_LR201806064831_20180603055116_HDR_0036,local\LULO4\LuoJia1-01_LR201806064831_20180603055116_HDR_0036_meta.xml,local\LULO4\LuoJia1-01_LR201806064831_20180603055116_HDR_0036_gec.tif,hf://buckets/cbernegger/LULO4/LuoJia1-01_LR201806064831_20180603055116_HDR_0036_meta.xml,hf://buckets/cbernegger/LULO4/LuoJia1-01_LR201806064831_20180603055116_HDR_0036_gec.tif,-119.062431,32.770584,-115.331099,35.731175,-117.077426,34.318734,2018-6-3T5:51:4.164608
LuoJia1-01_LR201806064831_20180603055117_HDR_0037,local\LULO4\LuoJia1-01_LR201806064831_20180603055117_HDR_0037_meta.xml,local\LULO4\LuoJia1-01_LR201806064831_20180603055117_HDR_0037_gec.tif,hf://buckets/cbernegger/LULO4/LuoJia1-01_LR201806064831_20180603055117_HDR_0037_meta.xml,hf://buckets/cbernegger/LULO4/LuoJia1-01_LR201806064831_20180603055117_HDR_0037_gec.tif,-119.083467,32.831186,-115.349133,35.792427,-117.096968,34.379553,2018-6-3T5:51:5.165580
LuoJia1-01_LR201806064831_20180603055118_HDR_0038,local\LULO4\LuoJia1-01_LR201806064831_20180603055118_HDR_0038_meta.xml,local\LULO4\LuoJia1-01_LR201806064831_20180603055118_HDR_0038_gec.tif,hf://buckets/cbernegger/LULO4/LuoJia1-01_LR201806064831_20180603055118_HDR_0038_meta.xml,hf://buckets/cbernegger/LULO4/LuoJia1-01_LR201806064831_20180603055118_HDR_0038_gec.tif,-119.104517,32.891654,-115.367055,35.853478,-117.11786,34.440213,2018-6-3T5:51:6.166552
LuoJia1-01_LR201806064831_20180603055119_HDR_0039,local\LULO4\LuoJia1-01_LR201806064831_20180603055119_HDR_0039_meta.xml,local\LULO4\LuoJia1-01_LR201806064831_20180603055119_HDR_0039_gec.tif,hf://buckets/cbernegger/LULO4/LuoJia1-01_LR201806064831_20180603055119_HDR_0039_meta.xml,hf://buckets/cbernegger/LULO4/LuoJia1-01_LR201806064831_20180603055119_HDR_0039_gec.tif,-119.124529,32.951863,-115.384544,35.913594,-117.136557,34.500685,2018-6-3T5:51:7.167523
LuoJia1-01_LR201806064831_20180603055120_HDR_0040,local\LULO4\LuoJia1-01_LR201806064831_20180603055120_HDR_0040_meta.xml,local\LULO4\LuoJia1-01_LR201806064831_20180603055120_HDR_0040_gec.tif,hf://buckets/cbernegger/LULO4/LuoJia1-01_LR201806064831_20180603055120_HDR_0040_meta.xml,hf://buckets/cbernegger/LULO4/LuoJia1-01_LR201806064831_20180603055120_HDR_0040_gec.tif,-119.144772,33.012198,-115.401182,35.973871,-117.154793,34.561188,2018-6-3T5:51:8.168495
LuoJia1-01_LR201806064831_20180603055121_HDR_0041,local\LULO4\LuoJia1-01_LR201806064831_20180603055121_HDR_0041_meta.xml,local\LULO4\LuoJia1-01_LR201806064831_20180603055121_HDR_0041_gec.tif,hf://buckets/cbernegger/LULO4/LuoJia1-01_LR201806064831_20180603055121_HDR_0041_meta.xml,hf://buckets/cbernegger/LULO4/LuoJia1-01_LR201806064831_20180603055121_HDR_0041_gec.tif,-119.165017,33.072372,-115.4182,36.034594,-117.173881,34.621698,2018-6-3T5:51:9.168486
LuoJia1-01_LR201806064831_20180603055122_HDR_0042,local\LULO4\LuoJia1-01_LR201806064831_20180603055122_HDR_0042_meta.xml,local\LULO4\LuoJia1-01_LR201806064831_20180603055122_HDR_0042_gec.tif,hf://buckets/cbernegger/LULO4/LuoJia1-01_LR201806064831_20180603055122_HDR_0042_meta.xml,hf://buckets/cbernegger/LULO4/LuoJia1-01_LR201806064831_20180603055122_HDR_0042_gec.tif,-119.184017,33.132541,-115.435611,36.095093,-117.191585,34.681963,2018-6-3T5:51:10.170438
LuoJia1-01_LR201806064831_20180603055123_HDR_0043,local\LULO4\LuoJia1-01_LR201806064831_20180603055123_HDR_0043_meta.xml,local\LULO4\LuoJia1-01_LR201806064831_20180603055123_HDR_0043_gec.tif,hf://buckets/cbernegger/LULO4/LuoJia1-01_LR201806064831_20180603055123_HDR_0043_meta.xml,hf://buckets/cbernegger/LULO4/LuoJia1-01_LR201806064831_20180603055123_HDR_0043_gec.tif,-119.203174,33.192542,-115.451658,36.15627,-117.209603,34.742347,2018-6-3T5:51:11.170714
LuoJia1-01_LR201806064831_20180603055124_HDR_0044,local\LULO4\LuoJia1-01_LR201806064831_20180603055124_HDR_0044_meta.xml,local\LULO4\LuoJia1-01_LR201806064831_20180603055124_HDR_0044_gec.tif,hf://buckets/cbernegger/LULO4/LuoJia1-01_LR201806064831_20180603055124_HDR_0044_meta.xml,hf://buckets/cbernegger/LULO4/LuoJia1-01_LR201806064831_20180603055124_HDR_0044_gec.tif,-119.22163,33.252154,-115.467823,36.216824,-117.22672,34.802118,2018-6-3T5:51:12.172382
LuoJia1-01_LR201806064831_20180603055125_HDR_0045,local\LULO4\LuoJia1-01_LR201806064831_20180603055125_HDR_0045_meta.xml,local\LULO4\LuoJia1-01_LR201806064831_20180603055125_HDR_0045_gec.tif,hf://buckets/cbernegger/LULO4/LuoJia1-01_LR201806064831_20180603055125_HDR_0045_meta.xml,hf://buckets/cbernegger/LULO4/LuoJia1-01_LR201806064831_20180603055125_HDR_0045_gec.tif,-119.240676,33.312338,-115.483109,36.27677,-117.243709,34.862333,2018-6-3T5:51:13.173354
LuoJia1-01_LR201806064831_20180603055126_HDR_0046,local\LULO4\LuoJia1-01_LR201806064831_20180603055126_HDR_0046_meta.xml,local\LULO4\LuoJia1-01_LR201806064831_20180603055126_HDR_0046_gec.tif,hf://buckets/cbernegger/LULO4/LuoJia1-01_LR201806064831_20180603055126_HDR_0046_meta.xml,hf://buckets/cbernegger/LULO4/LuoJia1-01_LR201806064831_20180603055126_HDR_0046_gec.tif,-119.260013,33.373946,-115.498982,36.33703,-117.261448,34.922894,2018-6-3T5:51:14.174325
LuoJia1-01_LR201806064831_20180603055127_HDR_0047,local\LULO4\LuoJia1-01_LR201806064831_20180603055127_HDR_0047_meta.xml,local\LULO4\LuoJia1-01_LR201806064831_20180603055127_HDR_0047_gec.tif,hf://buckets/cbernegger/LULO4/LuoJia1-01_LR201806064831_20180603055127_HDR_0047_meta.xml,hf://buckets/cbernegger/LULO4/LuoJia1-01_LR201806064831_20180603055127_HDR_0047_gec.tif,-119.279407,33.433512,-115.51517,36.397896,-117.279114,34.983552,2018-6-3T5:51:15.175297
LuoJia1-01_LR201806064831_20180603055128_HDR_0048,local\LULO4\LuoJia1-01_LR201806064831_20180603055128_HDR_0048_meta.xml,local\LULO4\LuoJia1-01_LR201806064831_20180603055128_HDR_0048_gec.tif,hf://buckets/cbernegger/LULO4/LuoJia1-01_LR201806064831_20180603055128_HDR_0048_meta.xml,hf://buckets/cbernegger/LULO4/LuoJia1-01_LR201806064831_20180603055128_HDR_0048_gec.tif,-119.29878,33.493664,-115.531206,36.459385,-117.29679,35.044229,2018-6-3T5:51:16.176269
LuoJia1-01_LR201806143261_20180613193819_HDR_0016,local\LULO4\LuoJia1-01_LR201806143261_20180613193819_HDR_0016_meta.xml,local\LULO4\LuoJia1-01_LR201806143261_20180613193819_HDR_0016_gec.tif,hf://buckets/cbernegger/LULO4/LuoJia1-01_LR201806143261_20180613193819_HDR_0016_meta.xml,hf://buckets/cbernegger/LULO4/LuoJia1-01_LR201806143261_20180613193819_HDR_0016_gec.tif,31.820045,42.538011,36.126751,45.532318,34.088309,44.089155,2018-6-13T19:38:7.19497
LuoJia1-01_LR201806143261_20180613193820_HDR_0017,local\LULO4\LuoJia1-01_LR201806143261_20180613193820_HDR_0017_meta.xml,local\LULO4\LuoJia1-01_LR201806143261_20180613193820_HDR_0017_gec.tif,hf://buckets/cbernegger/LULO4/LuoJia1-01_LR201806143261_20180613193820_HDR_0017_meta.xml,hf://buckets/cbernegger/LULO4/LuoJia1-01_LR201806143261_20180613193820_HDR_0017_gec.tif,31.796921,42.599232,36.107762,45.593387,34.067339,44.150162,2018-6-13T19:38:8.19594
LuoJia1-01_LR201806143261_20180613193821_HDR_0018,local\LULO4\LuoJia1-01_LR201806143261_20180613193821_HDR_0018_meta.xml,local\LULO4\LuoJia1-01_LR201806143261_20180613193821_HDR_0018_gec.tif,hf://buckets/cbernegger/LULO4/LuoJia1-01_LR201806143261_20180613193821_HDR_0018_meta.xml,hf://buckets/cbernegger/LULO4/LuoJia1-01_LR201806143261_20180613193821_HDR_0018_gec.tif,31.773397,42.660483,36.089339,45.654776,34.046537,44.211381,2018-6-13T19:38:9.19691
LuoJia1-01_LR201806143261_20180613193822_HDR_0019,local\LULO4\LuoJia1-01_LR201806143261_20180613193822_HDR_0019_meta.xml,local\LULO4\LuoJia1-01_LR201806143261_20180613193822_HDR_0019_gec.tif,hf://buckets/cbernegger/LULO4/LuoJia1-01_LR201806143261_20180613193822_HDR_0019_meta.xml,hf://buckets/cbernegger/LULO4/LuoJia1-01_LR201806143261_20180613193822_HDR_0019_gec.tif,31.748991,42.721219,36.070533,45.716174,34.02513,44.272403,2018-6-13T19:38:10.1978
LuoJia1-01_LR201806143261_20180613193823_HDR_0020,local\LULO4\LuoJia1-01_LR201806143261_20180613193823_HDR_0020_meta.xml,local\LULO4\LuoJia1-01_LR201806143261_20180613193823_HDR_0020_gec.tif,hf://buckets/cbernegger/LULO4/LuoJia1-01_LR201806143261_20180613193823_HDR_0020_meta.xml,hf://buckets/cbernegger/LULO4/LuoJia1-01_LR201806143261_20180613193823_HDR_0020_gec.tif,31.72417,42.781392,36.050927,45.777116,34.003092,44.332954,2018-6-13T19:38:11.1988
LuoJia1-01_LR201806143261_20180613193824_HDR_0021,local\LULO4\LuoJia1-01_LR201806143261_20180613193824_HDR_0021_meta.xml,local\LULO4\LuoJia1-01_LR201806143261_20180613193824_HDR_0021_gec.tif,hf://buckets/cbernegger/LULO4/LuoJia1-01_LR201806143261_20180613193824_HDR_0021_meta.xml,hf://buckets/cbernegger/LULO4/LuoJia1-01_LR201806143261_20180613193824_HDR_0021_gec.tif,31.698519,42.841103,36.030954,45.837504,33.980546,44.393056,2018-6-13T19:38:12.1990
LuoJia1-01_LR201806143261_20180613193825_HDR_0022,local\LULO4\LuoJia1-01_LR201806143261_20180613193825_HDR_0022_meta.xml,local\LULO4\LuoJia1-01_LR201806143261_20180613193825_HDR_0022_gec.tif,hf://buckets/cbernegger/LULO4/LuoJia1-01_LR201806143261_20180613193825_HDR_0022_meta.xml,hf://buckets/cbernegger/LULO4/LuoJia1-01_LR201806143261_20180613193825_HDR_0022_gec.tif,31.673043,42.900952,36.01029,45.897701,33.959903,44.453482,2018-6-13T19:38:13.2007
LuoJia1-01_LR201806143261_20180613193826_HDR_0023,local\LULO4\LuoJia1-01_LR201806143261_20180613193826_HDR_0023_meta.xml,local\LULO4\LuoJia1-01_LR201806143261_20180613193826_HDR_0023_gec.tif,hf://buckets/cbernegger/LULO4/LuoJia1-01_LR201806143261_20180613193826_HDR_0023_meta.xml,hf://buckets/cbernegger/LULO4/LuoJia1-01_LR201806143261_20180613193826_HDR_0023_gec.tif,31.648695,42.961274,35.989956,45.957956,33.937325,44.513676,2018-6-13T19:38:14.2017
LuoJia1-01_LR201806143261_20180613193827_HDR_0024,local\LULO4\LuoJia1-01_LR201806143261_20180613193827_HDR_0024_meta.xml,local\LULO4\LuoJia1-01_LR201806143261_20180613193827_HDR_0024_gec.tif,hf://buckets/cbernegger/LULO4/LuoJia1-01_LR201806143261_20180613193827_HDR_0024_meta.xml,hf://buckets/cbernegger/LULO4/LuoJia1-01_LR201806143261_20180613193827_HDR_0024_gec.tif,31.62442,43.021577,35.970603,46.018637,33.914368,44.573935,2018-6-13T19:38:15.2027
LuoJia1-01_LR201806143261_20180613193828_HDR_0025,local\LULO4\LuoJia1-01_LR201806143261_20180613193828_HDR_0025_meta.xml,local\LULO4\LuoJia1-01_LR201806143261_20180613193828_HDR_0025_gec.tif,hf://buckets/cbernegger/LULO4/LuoJia1-01_LR201806143261_20180613193828_HDR_0025_meta.xml,hf://buckets/cbernegger/LULO4/LuoJia1-01_LR201806143261_20180613193828_HDR_0025_gec.tif,31.600023,43.081107,35.951334,46.079308,33.892794,44.634073,2018-6-13T19:38:16.2037
LuoJia1-01_LR201806143261_20180613193829_HDR_0026,local\LULO4\LuoJia1-01_LR201806143261_20180613193829_HDR_0026_meta.xml,local\LULO4\LuoJia1-01_LR201806143261_20180613193829_HDR_0026_gec.tif,hf://buckets/cbernegger/LULO4/LuoJia1-01_LR201806143261_20180613193829_HDR_0026_meta.xml,hf://buckets/cbernegger/LULO4/LuoJia1-01_LR201806143261_20180613193829_HDR_0026_gec.tif,31.57463,43.13983,35.931791,46.139172,33.870467,44.693476,2018-6-13T19:38:17.2046
LuoJia1-01_LR201806143261_20180613193830_HDR_0027,local\LULO4\LuoJia1-01_LR201806143261_20180613193830_HDR_0027_meta.xml,local\LULO4\LuoJia1-01_LR201806143261_20180613193830_HDR_0027_gec.tif,hf://buckets/cbernegger/LULO4/LuoJia1-01_LR201806143261_20180613193830_HDR_0027_meta.xml,hf://buckets/cbernegger/LULO4/LuoJia1-01_LR201806143261_20180613193830_HDR_0027_gec.tif,31.548946,43.19889,35.911526,46.198472,33.847357,44.752645,2018-6-13T19:38:18.2056
LuoJia1-01_LR201806143261_20180613193831_HDR_0028,local\LULO4\LuoJia1-01_LR201806143261_20180613193831_HDR_0028_meta.xml,local\LULO4\LuoJia1-01_LR201806143261_20180613193831_HDR_0028_gec.tif,hf://buckets/cbernegger/LULO4/LuoJia1-01_LR201806143261_20180613193831_HDR_0028_meta.xml,hf://buckets/cbernegger/LULO4/LuoJia1-01_LR201806143261_20180613193831_HDR_0028_gec.tif,31.524186,43.258352,35.890869,46.257961,33.825048,44.812223,2018-6-13T19:38:19.2066
LuoJia1-01_LR201806143261_20180613193832_HDR_0029,local\LULO4\LuoJia1-01_LR201806143261_20180613193832_HDR_0029_meta.xml,local\LULO4\LuoJia1-01_LR201806143261_20180613193832_HDR_0029_gec.tif,hf://buckets/cbernegger/LULO4/LuoJia1-01_LR201806143261_20180613193832_HDR_0029_meta.xml,hf://buckets/cbernegger/LULO4/LuoJia1-01_LR201806143261_20180613193832_HDR_0029_gec.tif,31.499465,43.318233,35.871082,46.31777,33.80264,44.872048,2018-6-13T19:38:20.2076
LuoJia1-01_LR201806143261_20180613193833_HDR_0030,local\LULO4\LuoJia1-01_LR201806143261_20180613193833_HDR_0030_meta.xml,local\LULO4\LuoJia1-01_LR201806143261_20180613193833_HDR_0030_gec.tif,hf://buckets/cbernegger/LULO4/LuoJia1-01_LR201806143261_20180613193833_HDR_0030_meta.xml,hf://buckets/cbernegger/LULO4/LuoJia1-01_LR201806143261_20180613193833_HDR_0030_gec.tif,31.474392,43.378127,35.851378,46.377995,33.780421,44.932148,2018-6-13T19:38:21.2085
LuoJia1-01_LR201806143261_20180613193834_HDR_0031,local\LULO4\LuoJia1-01_LR201806143261_20180613193834_HDR_0031_meta.xml,local\LULO4\LuoJia1-01_LR201806143261_20180613193834_HDR_0031_gec.tif,hf://buckets/cbernegger/LULO4/LuoJia1-01_LR201806143261_20180613193834_HDR_0031_meta.xml,hf://buckets/cbernegger/LULO4/LuoJia1-01_LR201806143261_20180613193834_HDR_0031_gec.tif,31.448679,43.438264,35.83153,46.4384,33.757749,44.99238,2018-6-13T19:38:22.2095
LuoJia1-01_LR201806143261_20180613193835_HDR_0032,local\LULO4\LuoJia1-01_LR201806143261_20180613193835_HDR_0032_meta.xml,local\LULO4\LuoJia1-01_LR201806143261_20180613193835_HDR_0032_gec.tif,hf://buckets/cbernegger/LULO4/LuoJia1-01_LR201806143261_20180613193835_HDR_0032_meta.xml,hf://buckets/cbernegger/LULO4/LuoJia1-01_LR201806143261_20180613193835_HDR_0032_gec.tif,31.422394,43.498709,35.811242,46.499068,33.734666,45.052897,2018-6-13T19:38:23.2105
LuoJia1-01_LR201806143261_20180613193836_HDR_0033,local\LULO4\LuoJia1-01_LR201806143261_20180613193836_HDR_0033_meta.xml,local\LULO4\LuoJia1-01_LR201806143261_20180613193836_HDR_0033_gec.tif,hf://buckets/cbernegger/LULO4/LuoJia1-01_LR201806143261_20180613193836_HDR_0033_meta.xml,hf://buckets/cbernegger/LULO4/LuoJia1-01_LR201806143261_20180613193836_HDR_0033_gec.tif,31.396332,43.559145,35.79035,46.559961,33.711392,45.113545,2018-6-13T19:38:24.2114
LuoJia1-01_LR201806143261_20180613193837_HDR_0034,local\LULO4\LuoJia1-01_LR201806143261_20180613193837_HDR_0034_meta.xml,local\LULO4\LuoJia1-01_LR201806143261_20180613193837_HDR_0034_gec.tif,hf://buckets/cbernegger/LULO4/LuoJia1-01_LR201806143261_20180613193837_HDR_0034_meta.xml,hf://buckets/cbernegger/LULO4/LuoJia1-01_LR201806143261_20180613193837_HDR_0034_gec.tif,31.370263,43.618824,35.769735,46.620871,33.68834,45.173889,2018-6-13T19:38:25.2124
LuoJia1-01_LR201806143261_20180613193838_HDR_0035,local\LULO4\LuoJia1-01_LR201806143261_20180613193838_HDR_0035_meta.xml,local\LULO4\LuoJia1-01_LR201806143261_20180613193838_HDR_0035_gec.tif,hf://buckets/cbernegger/LULO4/LuoJia1-01_LR201806143261_20180613193838_HDR_0035_meta.xml,hf://buckets/cbernegger/LULO4/LuoJia1-01_LR201806143261_20180613193838_HDR_0035_gec.tif,31.344002,43.677945,35.749128,46.681104,33.665104,45.233639,2018-6-13T19:38:26.2134
LuoJia1-01_LR201806143261_20180613193839_HDR_0036,local\LULO4\LuoJia1-01_LR201806143261_20180613193839_HDR_0036_meta.xml,local\LULO4\LuoJia1-01_LR201806143261_20180613193839_HDR_0036_gec.tif,hf://buckets/cbernegger/LULO4/LuoJia1-01_LR201806143261_20180613193839_HDR_0036_meta.xml,hf://buckets/cbernegger/LULO4/LuoJia1-01_LR201806143261_20180613193839_HDR_0036_gec.tif,31.317217,43.738747,35.728443,46.740897,33.64163,45.293848,2018-6-13T19:38:27.2144
LuoJia1-01_LR201806143261_20180613193840_HDR_0037,local\LULO4\LuoJia1-01_LR201806143261_20180613193840_HDR_0037_meta.xml,local\LULO4\LuoJia1-01_LR201806143261_20180613193840_HDR_0037_gec.tif,hf://buckets/cbernegger/LULO4/LuoJia1-01_LR201806143261_20180613193840_HDR_0037_meta.xml,hf://buckets/cbernegger/LULO4/LuoJia1-01_LR201806143261_20180613193840_HDR_0037_gec.tif,31.289899,43.799536,35.707165,46.802067,33.617706,45.354854,2018-6-13T19:38:28.2153
LuoJia1-01_LR201806143261_20180613193841_HDR_0038,local\LULO4\LuoJia1-01_LR201806143261_20180613193841_HDR_0038_meta.xml,local\LULO4\LuoJia1-01_LR201806143261_20180613193841_HDR_0038_gec.tif,hf://buckets/cbernegger/LULO4/LuoJia1-01_LR201806143261_20180613193841_HDR_0038_meta.xml,hf://buckets/cbernegger/LULO4/LuoJia1-01_LR201806143261_20180613193841_HDR_0038_gec.tif,31.262522,43.860175,35.68532,46.863193,33.593539,45.415757,2018-6-13T19:38:29.2163
LuoJia1-01_LR201806143261_20180613193842_HDR_0039,local\LULO4\LuoJia1-01_LR201806143261_20180613193842_HDR_0039_meta.xml,local\LULO4\LuoJia1-01_LR201806143261_20180613193842_HDR_0039_gec.tif,hf://buckets/cbernegger/LULO4/LuoJia1-01_LR201806143261_20180613193842_HDR_0039_meta.xml,hf://buckets/cbernegger/LULO4/LuoJia1-01_LR201806143261_20180613193842_HDR_0039_gec.tif,31.235746,43.920352,35.663456,46.924175,33.569396,45.476345,2018-6-13T19:38:30.2173
LuoJia1-01_LR201806143261_20180613193843_HDR_0040,local\LULO4\LuoJia1-01_LR201806143261_20180613193843_HDR_0040_meta.xml,local\LULO4\LuoJia1-01_LR201806143261_20180613193843_HDR_0040_gec.tif,hf://buckets/cbernegger/LULO4/LuoJia1-01_LR201806143261_20180613193843_HDR_0040_meta.xml,hf://buckets/cbernegger/LULO4/LuoJia1-01_LR201806143261_20180613193843_HDR_0040_gec.tif,31.210279,43.980745,35.641982,46.984644,33.546123,45.536772,2018-6-13T19:38:31.2182
LuoJia1-01_LR201806143261_20180613193844_HDR_0041,local\LULO4\LuoJia1-01_LR201806143261_20180613193844_HDR_0041_meta.xml,local\LULO4\LuoJia1-01_LR201806143261_20180613193844_HDR_0041_gec.tif,hf://buckets/cbernegger/LULO4/LuoJia1-01_LR201806143261_20180613193844_HDR_0041_meta.xml,hf://buckets/cbernegger/LULO4/LuoJia1-01_LR201806143261_20180613193844_HDR_0041_gec.tif,31.186295,44.041419,35.621812,47.045374,33.524084,45.597364,2018-6-13T19:38:32.2192
LuoJia1-01_LR201806143261_20180613193845_HDR_0042,local\LULO4\LuoJia1-01_LR201806143261_20180613193845_HDR_0042_meta.xml,local\LULO4\LuoJia1-01_LR201806143261_20180613193845_HDR_0042_gec.tif,hf://buckets/cbernegger/LULO4/LuoJia1-01_LR201806143261_20180613193845_HDR_0042_meta.xml,hf://buckets/cbernegger/LULO4/LuoJia1-01_LR201806143261_20180613193845_HDR_0042_gec.tif,31.1632,44.101978,35.602655,47.106136,33.502992,45.657927,2018-6-13T19:38:33.2202
LuoJia1-01_LR201806143261_20180613193847_HDR_0044,local\LULO4\LuoJia1-01_LR201806143261_20180613193847_HDR_0044_meta.xml,local\LULO4\LuoJia1-01_LR201806143261_20180613193847_HDR_0044_gec.tif,hf://buckets/cbernegger/LULO4/LuoJia1-01_LR201806143261_20180613193847_HDR_0044_meta.xml,hf://buckets/cbernegger/LULO4/LuoJia1-01_LR201806143261_20180613193847_HDR_0044_gec.tif,31.115261,44.221194,35.565257,47.226431,33.460228,45.777673,2018-6-13T19:38:35.2221
LuoJia1-01_LR201806143261_20180613193848_HDR_0045,local\LULO4\LuoJia1-01_LR201806143261_20180613193848_HDR_0045_meta.xml,local\LULO4\LuoJia1-01_LR201806143261_20180613193848_HDR_0045_gec.tif,hf://buckets/cbernegger/LULO4/LuoJia1-01_LR201806143261_20180613193848_HDR_0045_meta.xml,hf://buckets/cbernegger/LULO4/LuoJia1-01_LR201806143261_20180613193848_HDR_0045_gec.tif,31.089383,44.280365,35.545656,47.286292,33.437597,45.837271,2018-6-13T19:38:36.2231
LuoJia1-01_LR201806143261_20180613193849_HDR_0046,local\LULO4\LuoJia1-01_LR201806143261_20180613193849_HDR_0046_meta.xml,local\LULO4\LuoJia1-01_LR201806143261_20180613193849_HDR_0046_gec.tif,hf://buckets/cbernegger/LULO4/LuoJia1-01_LR201806143261_20180613193849_HDR_0046_meta.xml,hf://buckets/cbernegger/LULO4/LuoJia1-01_LR201806143261_20180613193849_HDR_0046_gec.tif,31.062065,44.33956,35.524986,47.345908,33.413883,45.89675,2018-6-13T19:38:37.2241
LuoJia1-01_LR201806143261_20180613193850_HDR_0047,local\LULO4\LuoJia1-01_LR201806143261_20180613193850_HDR_0047_meta.xml,local\LULO4\LuoJia1-01_LR201806143261_20180613193850_HDR_0047_gec.tif,hf://buckets/cbernegger/LULO4/LuoJia1-01_LR201806143261_20180613193850_HDR_0047_meta.xml,hf://buckets/cbernegger/LULO4/LuoJia1-01_LR201806143261_20180613193850_HDR_0047_gec.tif,31.033562,44.399233,35.503234,47.40553,33.389065,45.956543,2018-6-13T19:38:38.2250
LuoJia1-01_LR201806143261_20180613193851_HDR_0048,local\LULO4\LuoJia1-01_LR201806143261_20180613193851_HDR_0048_meta.xml,local\LULO4\LuoJia1-01_LR201806143261_20180613193851_HDR_0048_gec.tif,hf://buckets/cbernegger/LULO4/LuoJia1-01_LR201806143261_20180613193851_HDR_0048_meta.xml,hf://buckets/cbernegger/LULO4/LuoJia1-01_LR201806143261_20180613193851_HDR_0048_gec.tif,31.004625,44.458981,35.480425,47.466008,33.363598,46.016688,2018-6-13T19:38:39.2260
LuoJia1-01_LR201806143261_20180613193852_HDR_0049,local\LULO4\LuoJia1-01_LR201806143261_20180613193852_HDR_0049_meta.xml,local\LULO4\LuoJia1-01_LR201806143261_20180613193852_HDR_0049_gec.tif,hf://buckets/cbernegger/LULO4/LuoJia1-01_LR201806143261_20180613193852_HDR_0049_meta.xml,hf://buckets/cbernegger/LULO4/LuoJia1-01_LR201806143261_20180613193852_HDR_0049_gec.tif,30.974989,44.518124,35.457646,47.526595,33.338025,46.07661,2018-6-13T19:38:40.2270
LuoJia1-01_LR201806143261_20180613193853_HDR_0050,local\LULO4\LuoJia1-01_LR201806143261_20180613193853_HDR_0050_meta.xml,local\LULO4\LuoJia1-01_LR201806143261_20180613193853_HDR_0050_gec.tif,hf://buckets/cbernegger/LULO4/LuoJia1-01_LR201806143261_20180613193853_HDR_0050_meta.xml,hf://buckets/cbernegger/LULO4/LuoJia1-01_LR201806143261_20180613193853_HDR_0050_gec.tif,30.947143,44.577687,35.434714,47.586506,33.312835,46.136384,2018-6-13T19:38:41.2280
LuoJia1-01_LR201806143261_20180613193854_HDR_0051,local\LULO4\LuoJia1-01_LR201806143261_20180613193854_HDR_0051_meta.xml,local\LULO4\LuoJia1-01_LR201806143261_20180613193854_HDR_0051_gec.tif,hf://buckets/cbernegger/LULO4/LuoJia1-01_LR201806143261_20180613193854_HDR_0051_meta.xml,hf://buckets/cbernegger/LULO4/LuoJia1-01_LR201806143261_20180613193854_HDR_0051_gec.tif,30.920899,44.637019,35.412605,47.646604,33.288657,46.196174,2018-6-13T19:38:42.2289
LuoJia1-01_LR201806143261_20180613193855_HDR_0052,local\LULO4\LuoJia1-01_LR201806143261_20180613193855_HDR_0052_meta.xml,local\LULO4\LuoJia1-01_LR201806143261_20180613193855_HDR_0052_gec.tif,hf://buckets/cbernegger/LULO4/LuoJia1-01_LR201806143261_20180613193855_HDR_0052_meta.xml,hf://buckets/cbernegger/LULO4/LuoJia1-01_LR201806143261_20180613193855_HDR_0052_gec.tif,30.895191,44.696547,35.391598,47.706402,33.265388,46.255855,2018-6-13T19:38:43.2299
LuoJia1-01_LR201806143261_20180613193856_HDR_0053,local\LULO4\LuoJia1-01_LR201806143261_20180613193856_HDR_0053_meta.xml,local\LULO4\LuoJia1-01_LR201806143261_20180613193856_HDR_0053_gec.tif,hf://buckets/cbernegger/LULO4/LuoJia1-01_LR201806143261_20180613193856_HDR_0053_meta.xml,hf://buckets/cbernegger/LULO4/LuoJia1-01_LR201806143261_20180613193856_HDR_0053_gec.tif,30.868873,44.757132,35.371195,47.766337,33.242281,46.316071,2018-6-13T19:38:44.2309
LuoJia1-01_LR201806143261_20180613193857_HDR_0054,local\LULO4\LuoJia1-01_LR201806143261_20180613193857_HDR_0054_meta.xml,local\LULO4\LuoJia1-01_LR201806143261_20180613193857_HDR_0054_gec.tif,hf://buckets/cbernegger/LULO4/LuoJia1-01_LR201806143261_20180613193857_HDR_0054_meta.xml,hf://buckets/cbernegger/LULO4/LuoJia1-01_LR201806143261_20180613193857_HDR_0054_gec.tif,30.842727,44.817356,35.350455,47.82712,33.21925,46.37662,2018-6-13T19:38:45.2319
LuoJia1-01_LR201806143261_20180613193858_HDR_0055,local\LULO4\LuoJia1-01_LR201806143261_20180613193858_HDR_0055_meta.xml,local\LULO4\LuoJia1-01_LR201806143261_20180613193858_HDR_0055_gec.tif,hf://buckets/cbernegger/LULO4/LuoJia1-01_LR201806143261_20180613193858_HDR_0055_meta.xml,hf://buckets/cbernegger/LULO4/LuoJia1-01_LR201806143261_20180613193858_HDR_0055_gec.tif,30.817116,44.87748,35.330277,47.88775,33.196264,46.436944,2018-6-13T19:38:46.2328
LuoJia1-01_LR201806143261_20180613193859_HDR_0056,local\LULO4\LuoJia1-01_LR201806143261_20180613193859_HDR_0056_meta.xml,local\LULO4\LuoJia1-01_LR201806143261_20180613193859_HDR_0056_gec.tif,hf://buckets/cbernegger/LULO4/LuoJia1-01_LR201806143261_20180613193859_HDR_0056_meta.xml,hf://buckets/cbernegger/LULO4/LuoJia1-01_LR201806143261_20180613193859_HDR_0056_gec.tif,30.790514,44.937582,35.309658,47.948192,33.172966,46.497201,2018-6-13T19:38:47.2330
LuoJia1-01_LR201806143261_20180613193900_HDR_0057,local\LULO4\LuoJia1-01_LR201806143261_20180613193900_HDR_0057_meta.xml,local\LULO4\LuoJia1-01_LR201806143261_20180613193900_HDR_0057_gec.tif,hf://buckets/cbernegger/LULO4/LuoJia1-01_LR201806143261_20180613193900_HDR_0057_meta.xml,hf://buckets/cbernegger/LULO4/LuoJia1-01_LR201806143261_20180613193900_HDR_0057_gec.tif,30.764333,44.997779,35.288859,48.008781,33.149549,46.557573,2018-6-13T19:38:48.2348
LuoJia1-01_LR201806143261_20180613193901_HDR_0058,local\LULO4\LuoJia1-01_LR201806143261_20180613193901_HDR_0058_meta.xml,local\LULO4\LuoJia1-01_LR201806143261_20180613193901_HDR_0058_gec.tif,hf://buckets/cbernegger/LULO4/LuoJia1-01_LR201806143261_20180613193901_HDR_0058_meta.xml,hf://buckets/cbernegger/LULO4/LuoJia1-01_LR201806143261_20180613193901_HDR_0058_gec.tif,30.738063,45.057971,35.268022,48.069293,33.126079,46.61794,2018-6-13T19:38:49.2366
LuoJia1-01_LR201806145301_20180613144133_HDR_0023,local\LULO4\LuoJia1-01_LR201806145301_20180613144133_HDR_0023_meta.xml,local\LULO4\LuoJia1-01_LR201806145301_20180613144133_HDR_0023_gec.tif,hf://buckets/cbernegger/LULO4/LuoJia1-01_LR201806145301_20180613144133_HDR_0023_meta.xml,hf://buckets/cbernegger/LULO4/LuoJia1-01_LR201806145301_20180613144133_HDR_0023_gec.tif,112.719394,28.862322,116.376452,31.58065,114.443494,30.141392,2018-6-13T14:41:21.2804
LuoJia1-01_LR201806145301_20180613144138_HDR_0024,local\LULO4\LuoJia1-01_LR201806145301_20180613144138_HDR_0024_meta.xml,local\LULO4\LuoJia1-01_LR201806145301_20180613144138_HDR_0024_gec.tif,hf://buckets/cbernegger/LULO4/LuoJia1-01_LR201806145301_20180613144138_HDR_0024_meta.xml,hf://buckets/cbernegger/LULO4/LuoJia1-01_LR201806145301_20180613144138_HDR_0024_gec.tif,112.643436,29.167004,116.310554,31.884799,114.373001,30.446318,2018-6-13T14:41:26.2855
LuoJia1-01_LR201806145301_20180613144143_HDR_0025,local\LULO4\LuoJia1-01_LR201806145301_20180613144143_HDR_0025_meta.xml,local\LULO4\LuoJia1-01_LR201806145301_20180613144143_HDR_0025_gec.tif,hf://buckets/cbernegger/LULO4/LuoJia1-01_LR201806145301_20180613144143_HDR_0025_meta.xml,hf://buckets/cbernegger/LULO4/LuoJia1-01_LR201806145301_20180613144143_HDR_0025_gec.tif,112.565981,29.471812,116.247229,32.190749,114.302228,30.75126,2018-6-13T14:41:31.2901
LuoJia1-01_LR201806145301_20180613144148_HDR_0026,local\LULO4\LuoJia1-01_LR201806145301_20180613144148_HDR_0026_meta.xml,local\LULO4\LuoJia1-01_LR201806145301_20180613144148_HDR_0026_gec.tif,hf://buckets/cbernegger/LULO4/LuoJia1-01_LR201806145301_20180613144148_HDR_0026_meta.xml,hf://buckets/cbernegger/LULO4/LuoJia1-01_LR201806145301_20180613144148_HDR_0026_gec.tif,112.487162,29.777805,116.182634,32.496511,114.23025,31.057548,2018-6-13T14:41:36.2947
LuoJia1-01_LR201806145301_20180613144153_HDR_0027,local\LULO4\LuoJia1-01_LR201806145301_20180613144153_HDR_0027_meta.xml,local\LULO4\LuoJia1-01_LR201806145301_20180613144153_HDR_0027_gec.tif,hf://buckets/cbernegger/LULO4/LuoJia1-01_LR201806145301_20180613144153_HDR_0027_meta.xml,hf://buckets/cbernegger/LULO4/LuoJia1-01_LR201806145301_20180613144153_HDR_0027_gec.tif,112.404971,30.082463,116.115617,32.803779,114.156361,31.363024,2018-6-13T14:41:41.3001
LuoJia1-01_LR201806145301_20180613144158_HDR_0028,local\LULO4\LuoJia1-01_LR201806145301_20180613144158_HDR_0028_meta.xml,local\LULO4\LuoJia1-01_LR201806145301_20180613144158_HDR_0028_gec.tif,hf://buckets/cbernegger/LULO4/LuoJia1-01_LR201806145301_20180613144158_HDR_0028_meta.xml,hf://buckets/cbernegger/LULO4/LuoJia1-01_LR201806145301_20180613144158_HDR_0028_gec.tif,112.31855,30.388374,116.044954,33.109348,114.076377,31.668812,2018-6-13T14:41:46.3050
LuoJia1-01_LR201806145301_20180613144203_HDR_0029,local\LULO4\LuoJia1-01_LR201806145301_20180613144203_HDR_0029_meta.xml,local\LULO4\LuoJia1-01_LR201806145301_20180613144203_HDR_0029_gec.tif,hf://buckets/cbernegger/LULO4/LuoJia1-01_LR201806145301_20180613144203_HDR_0029_meta.xml,hf://buckets/cbernegger/LULO4/LuoJia1-01_LR201806145301_20180613144203_HDR_0029_gec.tif,112.23867,30.693609,115.970232,33.415499,114.000509,31.975244,2018-6-13T14:41:51.3093
LuoJia1-01_LR201806145301_20180613144208_HDR_0030,local\LULO4\LuoJia1-01_LR201806145301_20180613144208_HDR_0030_meta.xml,local\LULO4\LuoJia1-01_LR201806145301_20180613144208_HDR_0030_gec.tif,hf://buckets/cbernegger/LULO4/LuoJia1-01_LR201806145301_20180613144208_HDR_0030_meta.xml,hf://buckets/cbernegger/LULO4/LuoJia1-01_LR201806145301_20180613144208_HDR_0030_gec.tif,112.158742,30.996292,115.902809,33.72199,113.927891,32.27925,2018-6-13T14:41:56.3147
LuoJia1-01_LR201806145301_20180613144213_HDR_0031,local\LULO4\LuoJia1-01_LR201806145301_20180613144213_HDR_0031_meta.xml,local\LULO4\LuoJia1-01_LR201806145301_20180613144213_HDR_0031_gec.tif,hf://buckets/cbernegger/LULO4/LuoJia1-01_LR201806145301_20180613144213_HDR_0031_meta.xml,hf://buckets/cbernegger/LULO4/LuoJia1-01_LR201806145301_20180613144213_HDR_0031_gec.tif,112.077177,31.298733,115.83811,34.025399,113.852814,32.582349,2018-6-13T14:42:1.31962
LuoJia1-01_LR201806145301_20180613144218_HDR_0032,local\LULO4\LuoJia1-01_LR201806145301_20180613144218_HDR_0032_meta.xml,local\LULO4\LuoJia1-01_LR201806145301_20180613144218_HDR_0032_gec.tif,hf://buckets/cbernegger/LULO4/LuoJia1-01_LR201806145301_20180613144218_HDR_0032_meta.xml,hf://buckets/cbernegger/LULO4/LuoJia1-01_LR201806145301_20180613144218_HDR_0032_gec.tif,111.996719,31.600466,115.768753,34.328352,113.77895,32.884766,2018-6-13T14:42:6.32449
LuoJia1-01_LR201806145301_20180613144223_HDR_0033,local\LULO4\LuoJia1-01_LR201806145301_20180613144223_HDR_0033_meta.xml,local\LULO4\LuoJia1-01_LR201806145301_20180613144223_HDR_0033_gec.tif,hf://buckets/cbernegger/LULO4/LuoJia1-01_LR201806145301_20180613144223_HDR_0033_meta.xml,hf://buckets/cbernegger/LULO4/LuoJia1-01_LR201806145301_20180613144223_HDR_0033_gec.tif,111.91464,31.902893,115.705357,34.630796,113.704114,33.187239,2018-6-13T14:42:11.3293
LuoJia1-01_LR201806145301_20180613144233_HDR_0035,local\LULO4\LuoJia1-01_LR201806145301_20180613144233_HDR_0035_meta.xml,local\LULO4\LuoJia1-01_LR201806145301_20180613144233_HDR_0035_gec.tif,hf://buckets/cbernegger/LULO4/LuoJia1-01_LR201806145301_20180613144233_HDR_0035_meta.xml,hf://buckets/cbernegger/LULO4/LuoJia1-01_LR201806145301_20180613144233_HDR_0035_gec.tif,111.747458,32.510883,115.56942,35.238389,113.552189,33.795617,2018-6-13T14:42:21.3385
LuoJia1-01_LR201806145301_20180613144238_HDR_0036,local\LULO4\LuoJia1-01_LR201806145301_20180613144238_HDR_0036_meta.xml,local\LULO4\LuoJia1-01_LR201806145301_20180613144238_HDR_0036_gec.tif,hf://buckets/cbernegger/LULO4/LuoJia1-01_LR201806145301_20180613144238_HDR_0036_meta.xml,hf://buckets/cbernegger/LULO4/LuoJia1-01_LR201806145301_20180613144238_HDR_0036_gec.tif,111.663304,32.814994,115.49934,35.544301,113.47465,34.100389,2018-6-13T14:42:26.3439
LuoJia1-01_LR201806145301_20180613144243_HDR_0037,local\LULO4\LuoJia1-01_LR201806145301_20180613144243_HDR_0037_meta.xml,local\LULO4\LuoJia1-01_LR201806145301_20180613144243_HDR_0037_gec.tif,hf://buckets/cbernegger/LULO4/LuoJia1-01_LR201806145301_20180613144243_HDR_0037_meta.xml,hf://buckets/cbernegger/LULO4/LuoJia1-01_LR201806145301_20180613144243_HDR_0037_gec.tif,111.578418,33.120015,115.429434,35.849005,113.397369,34.404686,2018-6-13T14:42:31.3488
LuoJia1-01_LR201806145301_20180613144248_HDR_0038,local\LULO4\LuoJia1-01_LR201806145301_20180613144248_HDR_0038_meta.xml,local\LULO4\LuoJia1-01_LR201806145301_20180613144248_HDR_0038_gec.tif,hf://buckets/cbernegger/LULO4/LuoJia1-01_LR201806145301_20180613144248_HDR_0038_meta.xml,hf://buckets/cbernegger/LULO4/LuoJia1-01_LR201806145301_20180613144248_HDR_0038_gec.tif,111.490166,33.42654,115.359544,36.154486,113.316971,34.71101,2018-6-13T14:42:36.3537
LuoJia1-01_LR201806145301_20180613144253_HDR_0039,local\LULO4\LuoJia1-01_LR201806145301_20180613144253_HDR_0039_meta.xml,local\LULO4\LuoJia1-01_LR201806145301_20180613144253_HDR_0039_gec.tif,hf://buckets/cbernegger/LULO4/LuoJia1-01_LR201806145301_20180613144253_HDR_0039_meta.xml,hf://buckets/cbernegger/LULO4/LuoJia1-01_LR201806145301_20180613144253_HDR_0039_gec.tif,111.406764,33.731783,115.285585,36.461491,113.239636,35.016606,2018-6-13T14:42:41.3586
LuoJia1-01_LR201806145301_20180613144258_HDR_0040,local\LULO4\LuoJia1-01_LR201806145301_20180613144258_HDR_0040_meta.xml,local\LULO4\LuoJia1-01_LR201806145301_20180613144258_HDR_0040_gec.tif,hf://buckets/cbernegger/LULO4/LuoJia1-01_LR201806145301_20180613144258_HDR_0040_meta.xml,hf://buckets/cbernegger/LULO4/LuoJia1-01_LR201806145301_20180613144258_HDR_0040_gec.tif,111.324537,34.033794,115.218297,36.766708,113.163751,35.319915,2018-6-13T14:42:46.3635
LuoJia1-01_LR201806145301_20180613144303_HDR_0041,local\LULO4\LuoJia1-01_LR201806145301_20180613144303_HDR_0041_meta.xml,local\LULO4\LuoJia1-01_LR201806145301_20180613144303_HDR_0041_gec.tif,hf://buckets/cbernegger/LULO4/LuoJia1-01_LR201806145301_20180613144303_HDR_0041_meta.xml,hf://buckets/cbernegger/LULO4/LuoJia1-01_LR201806145301_20180613144303_HDR_0041_gec.tif,111.23968,34.33775,115.152399,37.070437,113.085622,35.623825,2018-6-13T14:42:51.3683
LuoJia1-01_LR201806145301_20180613144333_HDR_0047,local\LULO4\LuoJia1-01_LR201806145301_20180613144333_HDR_0047_meta.xml,local\LULO4\LuoJia1-01_LR201806145301_20180613144333_HDR_0047_gec.tif,hf://buckets/cbernegger/LULO4/LuoJia1-01_LR201806145301_20180613144333_HDR_0047_meta.xml,hf://buckets/cbernegger/LULO4/LuoJia1-01_LR201806145301_20180613144333_HDR_0047_gec.tif,110.73463,36.216419,114.709451,38.942187,112.619019,37.495328,2018-6-13T14:43:21.3976
LuoJia1-01_LR201806145301_20180613144338_HDR_0048,local\LULO4\LuoJia1-01_LR201806145301_20180613144338_HDR_0048_meta.xml,local\LULO4\LuoJia1-01_LR201806145301_20180613144338_HDR_0048_gec.tif,hf://buckets/cbernegger/LULO4/LuoJia1-01_LR201806145301_20180613144338_HDR_0048_meta.xml,hf://buckets/cbernegger/LULO4/LuoJia1-01_LR201806145301_20180613144338_HDR_0048_gec.tif,110.640949,36.515652,114.644501,39.234595,112.535761,37.792779,2018-6-13T14:43:26.4025
LuoJia1-01_LR201806145301_20180613144343_HDR_0049,local\LULO4\LuoJia1-01_LR201806145301_20180613144343_HDR_0049_meta.xml,local\LULO4\LuoJia1-01_LR201806145301_20180613144343_HDR_0049_gec.tif,hf://buckets/cbernegger/LULO4/LuoJia1-01_LR201806145301_20180613144343_HDR_0049_meta.xml,hf://buckets/cbernegger/LULO4/LuoJia1-01_LR201806145301_20180613144343_HDR_0049_gec.tif,110.552323,36.810178,114.566689,39.531536,112.451584,38.089616,2018-6-13T14:43:31.4074
LuoJia1-01_LR201806145301_20180613144348_HDR_0050,local\LULO4\LuoJia1-01_LR201806145301_20180613144348_HDR_0050_meta.xml,local\LULO4\LuoJia1-01_LR201806145301_20180613144348_HDR_0050_gec.tif,hf://buckets/cbernegger/LULO4/LuoJia1-01_LR201806145301_20180613144348_HDR_0050_meta.xml,hf://buckets/cbernegger/LULO4/LuoJia1-01_LR201806145301_20180613144348_HDR_0050_gec.tif,110.46682,37.103347,114.49649,39.827523,112.373697,38.383718,2018-6-13T14:43:36.4122
LuoJia1-01_LR201806145301_20180613144353_HDR_0051,local\LULO4\LuoJia1-01_LR201806145301_20180613144353_HDR_0051_meta.xml,local\LULO4\LuoJia1-01_LR201806145301_20180613144353_HDR_0051_gec.tif,hf://buckets/cbernegger/LULO4/LuoJia1-01_LR201806145301_20180613144353_HDR_0051_meta.xml,hf://buckets/cbernegger/LULO4/LuoJia1-01_LR201806145301_20180613144353_HDR_0051_gec.tif,110.380049,37.395189,114.430457,40.121502,112.293791,38.677496,2018-6-13T14:43:41.4171
LuoJia1-01_LR201806145301_20180613144358_HDR_0052,local\LULO4\LuoJia1-01_LR201806145301_20180613144358_HDR_0052_meta.xml,local\LULO4\LuoJia1-01_LR201806145301_20180613144358_HDR_0052_gec.tif,hf://buckets/cbernegger/LULO4/LuoJia1-01_LR201806145301_20180613144358_HDR_0052_meta.xml,hf://buckets/cbernegger/LULO4/LuoJia1-01_LR201806145301_20180613144358_HDR_0052_gec.tif,110.29212,37.688225,114.364373,40.414605,112.21733,38.970922,2018-6-13T14:43:46.4220
LuoJia1-01_LR201806145301_20180613144403_HDR_0053,local\LULO4\LuoJia1-01_LR201806145301_20180613144403_HDR_0053_meta.xml,local\LULO4\LuoJia1-01_LR201806145301_20180613144403_HDR_0053_gec.tif,hf://buckets/cbernegger/LULO4/LuoJia1-01_LR201806145301_20180613144403_HDR_0053_meta.xml,hf://buckets/cbernegger/LULO4/LuoJia1-01_LR201806145301_20180613144403_HDR_0053_gec.tif,110.196551,37.985027,114.297201,40.708344,112.133276,39.267421,2018-6-13T14:43:51.4269
LuoJia1-01_LR201806145301_20180613144408_HDR_0054,local\LULO4\LuoJia1-01_LR201806145301_20180613144408_HDR_0054_meta.xml,local\LULO4\LuoJia1-01_LR201806145301_20180613144408_HDR_0054_gec.tif,hf://buckets/cbernegger/LULO4/LuoJia1-01_LR201806145301_20180613144408_HDR_0054_meta.xml,hf://buckets/cbernegger/LULO4/LuoJia1-01_LR201806145301_20180613144408_HDR_0054_gec.tif,110.099439,38.282531,114.218849,41.005498,112.046447,39.565415,2018-6-13T14:43:56.4318
LuoJia1-01_LR201806145301_20180613144413_HDR_0055,local\LULO4\LuoJia1-01_LR201806145301_20180613144413_HDR_0055_meta.xml,local\LULO4\LuoJia1-01_LR201806145301_20180613144413_HDR_0055_gec.tif,hf://buckets/cbernegger/LULO4/LuoJia1-01_LR201806145301_20180613144413_HDR_0055_meta.xml,hf://buckets/cbernegger/LULO4/LuoJia1-01_LR201806145301_20180613144413_HDR_0055_gec.tif,110.000369,38.580244,114.137405,41.302986,111.956557,39.863766,2018-6-13T14:44:1.43669
LuoJia1-01_LR201806145301_20180613144418_HDR_0056,local\LULO4\LuoJia1-01_LR201806145301_20180613144418_HDR_0056_meta.xml,local\LULO4\LuoJia1-01_LR201806145301_20180613144418_HDR_0056_gec.tif,hf://buckets/cbernegger/LULO4/LuoJia1-01_LR201806145301_20180613144418_HDR_0056_meta.xml,hf://buckets/cbernegger/LULO4/LuoJia1-01_LR201806145301_20180613144418_HDR_0056_gec.tif,109.900617,38.879236,114.055269,41.60106,111.866041,40.162887,2018-6-13T14:44:6.44157
LuoJia1-01_LR201806145301_20180613144423_HDR_0057,local\LULO4\LuoJia1-01_LR201806145301_20180613144423_HDR_0057_meta.xml,local\LULO4\LuoJia1-01_LR201806145301_20180613144423_HDR_0057_gec.tif,hf://buckets/cbernegger/LULO4/LuoJia1-01_LR201806145301_20180613144423_HDR_0057_meta.xml,hf://buckets/cbernegger/LULO4/LuoJia1-01_LR201806145301_20180613144423_HDR_0057_gec.tif,109.803336,39.175426,113.967634,41.89883,111.777719,40.460527,2018-6-13T14:44:11.4464
LuoJia1-01_LR201806145301_20180613144428_HDR_0058,local\LULO4\LuoJia1-01_LR201806145301_20180613144428_HDR_0058_meta.xml,local\LULO4\LuoJia1-01_LR201806145301_20180613144428_HDR_0058_gec.tif,hf://buckets/cbernegger/LULO4/LuoJia1-01_LR201806145301_20180613144428_HDR_0058_meta.xml,hf://buckets/cbernegger/LULO4/LuoJia1-01_LR201806145301_20180613144428_HDR_0058_gec.tif,109.705362,39.47165,113.887391,42.196035,111.689571,40.75755,2018-6-13T14:44:16.4513
LuoJia1-01_LR201806158490_20180614132911_HDR_0000,local\LULO4\LuoJia1-01_LR201806158490_20180614132911_HDR_0000_meta.xml,local\LULO4\LuoJia1-01_LR201806158490_20180614132911_HDR_0000_gec.tif,hf://buckets/cbernegger/LULO4/LuoJia1-01_LR201806158490_20180614132911_HDR_0000_meta.xml,hf://buckets/cbernegger/LULO4/LuoJia1-01_LR201806158490_20180614132911_HDR_0000_gec.tif,127.877649,33.457564,131.517217,36.082877,129.72852,34.781074,2018-6-14T13:28:59.1663
LuoJia1-01_LR201806158490_20180614132916_HDR_0001,local\LULO4\LuoJia1-01_LR201806158490_20180614132916_HDR_0001_meta.xml,local\LULO4\LuoJia1-01_LR201806158490_20180614132916_HDR_0001_gec.tif,hf://buckets/cbernegger/LULO4/LuoJia1-01_LR201806158490_20180614132916_HDR_0001_meta.xml,hf://buckets/cbernegger/LULO4/LuoJia1-01_LR201806158490_20180614132916_HDR_0001_gec.tif,127.780871,33.760326,131.44084,36.392682,129.641913,35.086445,2018-6-14T13:29:4.17132
LuoJia1-01_LR201806158490_20180614132921_HDR_0002,local\LULO4\LuoJia1-01_LR201806158490_20180614132921_HDR_0002_meta.xml,local\LULO4\LuoJia1-01_LR201806158490_20180614132921_HDR_0002_gec.tif,hf://buckets/cbernegger/LULO4/LuoJia1-01_LR201806158490_20180614132921_HDR_0002_meta.xml,hf://buckets/cbernegger/LULO4/LuoJia1-01_LR201806158490_20180614132921_HDR_0002_gec.tif,127.680726,34.064371,131.362058,36.700157,129.553365,35.392234,2018-6-14T13:29:9.17631
LuoJia1-01_LR201806158490_20180614132926_HDR_0003,local\LULO4\LuoJia1-01_LR201806158490_20180614132926_HDR_0003_meta.xml,local\LULO4\LuoJia1-01_LR201806158490_20180614132926_HDR_0003_gec.tif,hf://buckets/cbernegger/LULO4/LuoJia1-01_LR201806158490_20180614132926_HDR_0003_meta.xml,hf://buckets/cbernegger/LULO4/LuoJia1-01_LR201806158490_20180614132926_HDR_0003_gec.tif,127.584137,34.367273,131.282401,37.008109,129.464552,35.697325,2018-6-14T13:29:14.1811
LuoJia1-01_LR201806158490_20180614132931_HDR_0004,local\LULO4\LuoJia1-01_LR201806158490_20180614132931_HDR_0004_meta.xml,local\LULO4\LuoJia1-01_LR201806158490_20180614132931_HDR_0004_gec.tif,hf://buckets/cbernegger/LULO4/LuoJia1-01_LR201806158490_20180614132931_HDR_0004_meta.xml,hf://buckets/cbernegger/LULO4/LuoJia1-01_LR201806158490_20180614132931_HDR_0004_gec.tif,127.493444,34.669939,131.203164,37.313818,129.379913,36.000917,2018-6-14T13:29:19.1860
LuoJia1-01_LR201806158490_20180614132936_HDR_0005,local\LULO4\LuoJia1-01_LR201806158490_20180614132936_HDR_0005_meta.xml,local\LULO4\LuoJia1-01_LR201806158490_20180614132936_HDR_0005_gec.tif,hf://buckets/cbernegger/LULO4/LuoJia1-01_LR201806158490_20180614132936_HDR_0005_meta.xml,hf://buckets/cbernegger/LULO4/LuoJia1-01_LR201806158490_20180614132936_HDR_0005_gec.tif,127.410104,34.973319,131.128495,37.617716,129.298554,36.304219,2018-6-14T13:29:24.1908
LuoJia1-01_LR201806175049_20180616141417_HDR_0000,local\LULO4\LuoJia1-01_LR201806175049_20180616141417_HDR_0000_meta.xml,local\LULO4\LuoJia1-01_LR201806175049_20180616141417_HDR_0000_gec.tif,hf://buckets/cbernegger/LULO4/LuoJia1-01_LR201806175049_20180616141417_HDR_0000_meta.xml,hf://buckets/cbernegger/LULO4/LuoJia1-01_LR201806175049_20180616141417_HDR_0000_gec.tif,120.388769,24.063878,123.861855,26.764279,122.026828,25.335824,2018-6-16T14:14:5.17625
LuoJia1-01_LR201806175049_20180616141422_HDR_0001,local\LULO4\LuoJia1-01_LR201806175049_20180616141422_HDR_0001_meta.xml,local\LULO4\LuoJia1-01_LR201806175049_20180616141422_HDR_0001_gec.tif,hf://buckets/cbernegger/LULO4/LuoJia1-01_LR201806175049_20180616141422_HDR_0001_meta.xml,hf://buckets/cbernegger/LULO4/LuoJia1-01_LR201806175049_20180616141422_HDR_0001_gec.tif,120.316686,24.369166,123.799964,27.069867,121.960538,25.641118,2018-6-16T14:14:10.1809
LuoJia1-01_LR201806175049_20180616141427_HDR_0002,local\LULO4\LuoJia1-01_LR201806175049_20180616141427_HDR_0002_meta.xml,local\LULO4\LuoJia1-01_LR201806175049_20180616141427_HDR_0002_gec.tif,hf://buckets/cbernegger/LULO4/LuoJia1-01_LR201806175049_20180616141427_HDR_0002_meta.xml,hf://buckets/cbernegger/LULO4/LuoJia1-01_LR201806175049_20180616141427_HDR_0002_gec.tif,120.240198,24.67413,123.737106,27.375902,121.88947,25.947893,2018-6-16T14:14:15.1859
LuoJia1-01_LR201806175049_20180616141432_HDR_0003,local\LULO4\LuoJia1-01_LR201806175049_20180616141432_HDR_0003_meta.xml,local\LULO4\LuoJia1-01_LR201806175049_20180616141432_HDR_0003_gec.tif,hf://buckets/cbernegger/LULO4/LuoJia1-01_LR201806175049_20180616141432_HDR_0003_meta.xml,hf://buckets/cbernegger/LULO4/LuoJia1-01_LR201806175049_20180616141432_HDR_0003_gec.tif,120.164985,24.978854,123.669039,27.682575,121.818773,26.253438,2018-6-16T14:14:20.1908
LuoJia1-01_LR201806175049_20180616141437_HDR_0004,local\LULO4\LuoJia1-01_LR201806175049_20180616141437_HDR_0004_meta.xml,local\LULO4\LuoJia1-01_LR201806175049_20180616141437_HDR_0004_gec.tif,hf://buckets/cbernegger/LULO4/LuoJia1-01_LR201806175049_20180616141437_HDR_0004_meta.xml,hf://buckets/cbernegger/LULO4/LuoJia1-01_LR201806175049_20180616141437_HDR_0004_gec.tif,120.088162,25.283187,123.602895,27.987339,121.746687,26.558039,2018-6-16T14:14:25.1946
LuoJia1-01_LR201806175049_20180616141443_HDR_0005,local\LULO4\LuoJia1-01_LR201806175049_20180616141443_HDR_0005_meta.xml,local\LULO4\LuoJia1-01_LR201806175049_20180616141443_HDR_0005_gec.tif,hf://buckets/cbernegger/LULO4/LuoJia1-01_LR201806175049_20180616141443_HDR_0005_meta.xml,hf://buckets/cbernegger/LULO4/LuoJia1-01_LR201806175049_20180616141443_HDR_0005_gec.tif,120.016327,25.586212,123.53474,28.29155,121.67802,26.861891,2018-6-16T14:14:30.1996
LuoJia1-01_LR201806175049_20180616141447_HDR_0006,local\LULO4\LuoJia1-01_LR201806175049_20180616141447_HDR_0006_meta.xml,local\LULO4\LuoJia1-01_LR201806175049_20180616141447_HDR_0006_gec.tif,hf://buckets/cbernegger/LULO4/LuoJia1-01_LR201806175049_20180616141447_HDR_0006_meta.xml,hf://buckets/cbernegger/LULO4/LuoJia1-01_LR201806175049_20180616141447_HDR_0006_gec.tif,119.940438,25.890237,123.474227,28.595689,121.608483,27.166065,2018-6-16T14:14:35.2054
LuoJia1-01_LR201806175049_20180616141452_HDR_0007,local\LULO4\LuoJia1-01_LR201806175049_20180616141452_HDR_0007_meta.xml,local\LULO4\LuoJia1-01_LR201806175049_20180616141452_HDR_0007_gec.tif,hf://buckets/cbernegger/LULO4/LuoJia1-01_LR201806175049_20180616141452_HDR_0007_meta.xml,hf://buckets/cbernegger/LULO4/LuoJia1-01_LR201806175049_20180616141452_HDR_0007_gec.tif,119.864313,26.194936,123.408485,28.900122,121.537479,27.470255,2018-6-16T14:14:40.2095
LuoJia1-01_LR201806175049_20180616141457_HDR_0008,local\LULO4\LuoJia1-01_LR201806175049_20180616141457_HDR_0008_meta.xml,local\LULO4\LuoJia1-01_LR201806175049_20180616141457_HDR_0008_gec.tif,hf://buckets/cbernegger/LULO4/LuoJia1-01_LR201806175049_20180616141457_HDR_0008_meta.xml,hf://buckets/cbernegger/LULO4/LuoJia1-01_LR201806175049_20180616141457_HDR_0008_gec.tif,119.787465,26.501826,123.34212,29.204996,121.465741,27.776486,2018-6-16T14:14:45.2147
LuoJia1-01_LR201806175049_20180616141503_HDR_0009,local\LULO4\LuoJia1-01_LR201806175049_20180616141503_HDR_0009_meta.xml,local\LULO4\LuoJia1-01_LR201806175049_20180616141503_HDR_0009_gec.tif,hf://buckets/cbernegger/LULO4/LuoJia1-01_LR201806175049_20180616141503_HDR_0009_meta.xml,hf://buckets/cbernegger/LULO4/LuoJia1-01_LR201806175049_20180616141503_HDR_0009_gec.tif,119.710024,26.808601,123.274741,29.511952,121.393711,28.083146,2018-6-16T14:14:50.2199
LuoJia1-01_LR201806175049_20180616141507_HDR_0010,local\LULO4\LuoJia1-01_LR201806175049_20180616141507_HDR_0010_meta.xml,local\LULO4\LuoJia1-01_LR201806175049_20180616141507_HDR_0010_gec.tif,hf://buckets/cbernegger/LULO4/LuoJia1-01_LR201806175049_20180616141507_HDR_0010_meta.xml,hf://buckets/cbernegger/LULO4/LuoJia1-01_LR201806175049_20180616141507_HDR_0010_gec.tif,119.633307,27.115675,123.207606,29.819315,121.320686,28.391072,2018-6-16T14:14:55.2248
LuoJia1-01_LR201806175049_20180616141512_HDR_0011,local\LULO4\LuoJia1-01_LR201806175049_20180616141512_HDR_0011_meta.xml,local\LULO4\LuoJia1-01_LR201806175049_20180616141512_HDR_0011_gec.tif,hf://buckets/cbernegger/LULO4/LuoJia1-01_LR201806175049_20180616141512_HDR_0011_meta.xml,hf://buckets/cbernegger/LULO4/LuoJia1-01_LR201806175049_20180616141512_HDR_0011_gec.tif,119.56114,27.420645,123.142147,30.127595,121.253098,28.696804,2018-6-16T14:15:0.22971
LuoJia1-01_LR201806175049_20180616141518_HDR_0012,local\LULO4\LuoJia1-01_LR201806175049_20180616141518_HDR_0012_meta.xml,local\LULO4\LuoJia1-01_LR201806175049_20180616141518_HDR_0012_gec.tif,hf://buckets/cbernegger/LULO4/LuoJia1-01_LR201806175049_20180616141518_HDR_0012_meta.xml,hf://buckets/cbernegger/LULO4/LuoJia1-01_LR201806175049_20180616141518_HDR_0012_gec.tif,119.486614,27.724941,123.082467,30.433159,121.184514,29.001329,2018-6-16T14:15:5.23457
LuoJia1-01_LR201806175049_20180616141523_HDR_0013,local\LULO4\LuoJia1-01_LR201806175049_20180616141523_HDR_0013_meta.xml,local\LULO4\LuoJia1-01_LR201806175049_20180616141523_HDR_0013_gec.tif,hf://buckets/cbernegger/LULO4/LuoJia1-01_LR201806175049_20180616141523_HDR_0013_meta.xml,hf://buckets/cbernegger/LULO4/LuoJia1-01_LR201806175049_20180616141523_HDR_0013_gec.tif,119.406381,28.030632,123.019897,30.738279,121.111844,29.306666,2018-6-16T14:15:10.2394
LuoJia1-01_LR201806175049_20180616141528_HDR_0014,local\LULO4\LuoJia1-01_LR201806175049_20180616141528_HDR_0014_meta.xml,local\LULO4\LuoJia1-01_LR201806175049_20180616141528_HDR_0014_gec.tif,hf://buckets/cbernegger/LULO4/LuoJia1-01_LR201806175049_20180616141528_HDR_0014_meta.xml,hf://buckets/cbernegger/LULO4/LuoJia1-01_LR201806175049_20180616141528_HDR_0014_gec.tif,119.32791,28.334385,122.950842,31.044608,121.040815,29.611935,2018-6-16T14:15:15.2434
LuoJia1-01_LR201806175049_20180616141532_HDR_0015,local\LULO4\LuoJia1-01_LR201806175049_20180616141532_HDR_0015_meta.xml,local\LULO4\LuoJia1-01_LR201806175049_20180616141532_HDR_0015_gec.tif,hf://buckets/cbernegger/LULO4/LuoJia1-01_LR201806175049_20180616141532_HDR_0015_meta.xml,hf://buckets/cbernegger/LULO4/LuoJia1-01_LR201806175049_20180616141532_HDR_0015_gec.tif,119.244227,28.638183,122.884468,31.349495,120.964231,29.916349,2018-6-16T14:15:20.2491
LuoJia1-01_LR201806175049_20180616141538_HDR_0016,local\LULO4\LuoJia1-01_LR201806175049_20180616141538_HDR_0016_meta.xml,local\LULO4\LuoJia1-01_LR201806175049_20180616141538_HDR_0016_gec.tif,hf://buckets/cbernegger/LULO4/LuoJia1-01_LR201806175049_20180616141538_HDR_0016_meta.xml,hf://buckets/cbernegger/LULO4/LuoJia1-01_LR201806175049_20180616141538_HDR_0016_gec.tif,119.164205,28.941977,122.811502,31.653766,120.888564,30.221049,2018-6-16T14:15:25.2536
LuoJia1-01_LR201806175049_20180616141543_HDR_0017,local\LULO4\LuoJia1-01_LR201806175049_20180616141543_HDR_0017_meta.xml,local\LULO4\LuoJia1-01_LR201806175049_20180616141543_HDR_0017_gec.tif,hf://buckets/cbernegger/LULO4/LuoJia1-01_LR201806175049_20180616141543_HDR_0017_meta.xml,hf://buckets/cbernegger/LULO4/LuoJia1-01_LR201806175049_20180616141543_HDR_0017_gec.tif,119.084844,29.246659,122.743352,31.959003,120.814638,30.525827,2018-6-16T14:15:30.2588
LuoJia1-01_LR201806175049_20180616141548_HDR_0018,local\LULO4\LuoJia1-01_LR201806175049_20180616141548_HDR_0018_meta.xml,local\LULO4\LuoJia1-01_LR201806175049_20180616141548_HDR_0018_gec.tif,hf://buckets/cbernegger/LULO4/LuoJia1-01_LR201806175049_20180616141548_HDR_0018_meta.xml,hf://buckets/cbernegger/LULO4/LuoJia1-01_LR201806175049_20180616141548_HDR_0018_gec.tif,119.006583,29.550169,122.675899,32.263659,120.742127,30.829315,2018-6-16T14:15:35.2631
LuoJia1-01_LR201806175049_20180616141552_HDR_0019,local\LULO4\LuoJia1-01_LR201806175049_20180616141552_HDR_0019_meta.xml,local\LULO4\LuoJia1-01_LR201806175049_20180616141552_HDR_0019_gec.tif,hf://buckets/cbernegger/LULO4/LuoJia1-01_LR201806175049_20180616141552_HDR_0019_meta.xml,hf://buckets/cbernegger/LULO4/LuoJia1-01_LR201806175049_20180616141552_HDR_0019_gec.tif,118.926514,29.85462,122.610395,32.567568,120.668687,31.134525,2018-6-16T14:15:40.2686
LuoJia1-01_LR201806175049_20180616141558_HDR_0020,local\LULO4\LuoJia1-01_LR201806175049_20180616141558_HDR_0020_meta.xml,local\LULO4\LuoJia1-01_LR201806175049_20180616141558_HDR_0020_gec.tif,hf://buckets/cbernegger/LULO4/LuoJia1-01_LR201806175049_20180616141558_HDR_0020_meta.xml,hf://buckets/cbernegger/LULO4/LuoJia1-01_LR201806175049_20180616141558_HDR_0020_gec.tif,118.847142,30.15628,122.542553,32.873531,120.594968,31.438048,2018-6-16T14:15:45.2735
LuoJia1-01_LR201806175049_20180616141608_HDR_0022,local\LULO4\LuoJia1-01_LR201806175049_20180616141608_HDR_0022_meta.xml,local\LULO4\LuoJia1-01_LR201806175049_20180616141608_HDR_0022_gec.tif,hf://buckets/cbernegger/LULO4/LuoJia1-01_LR201806175049_20180616141608_HDR_0022_meta.xml,hf://buckets/cbernegger/LULO4/LuoJia1-01_LR201806175049_20180616141608_HDR_0022_gec.tif,118.688168,30.760346,122.412102,33.477661,120.449566,32.042109,2018-6-16T14:15:55.2832
LuoJia1-01_LR201806175049_20180616141613_HDR_0023,local\LULO4\LuoJia1-01_LR201806175049_20180616141613_HDR_0023_meta.xml,local\LULO4\LuoJia1-01_LR201806175049_20180616141613_HDR_0023_gec.tif,hf://buckets/cbernegger/LULO4/LuoJia1-01_LR201806175049_20180616141613_HDR_0023_meta.xml,hf://buckets/cbernegger/LULO4/LuoJia1-01_LR201806175049_20180616141613_HDR_0023_gec.tif,118.603281,31.065396,122.343884,33.780234,120.37261,32.346736,2018-6-16T14:16:0.28810
LuoJia1-01_LR201806175049_20180616141618_HDR_0024,local\LULO4\LuoJia1-01_LR201806175049_20180616141618_HDR_0024_meta.xml,local\LULO4\LuoJia1-01_LR201806175049_20180616141618_HDR_0024_gec.tif,hf://buckets/cbernegger/LULO4/LuoJia1-01_LR201806175049_20180616141618_HDR_0024_meta.xml,hf://buckets/cbernegger/LULO4/LuoJia1-01_LR201806175049_20180616141618_HDR_0024_gec.tif,118.522141,31.371379,122.271574,34.086946,120.296456,32.653172,2018-6-16T14:16:5.29297
LuoJia1-01_LR201806175049_20180616141628_HDR_0026,local\LULO4\LuoJia1-01_LR201806175049_20180616141628_HDR_0026_meta.xml,local\LULO4\LuoJia1-01_LR201806175049_20180616141628_HDR_0026_gec.tif,hf://buckets/cbernegger/LULO4/LuoJia1-01_LR201806175049_20180616141628_HDR_0026_meta.xml,hf://buckets/cbernegger/LULO4/LuoJia1-01_LR201806175049_20180616141628_HDR_0026_gec.tif,118.355819,31.982193,122.135272,34.700862,120.144947,33.26532,2018-6-16T14:16:15.3017
LuoJia1-01_LR201806175049_20180616141633_HDR_0027,local\LULO4\LuoJia1-01_LR201806175049_20180616141633_HDR_0027_meta.xml,local\LULO4\LuoJia1-01_LR201806175049_20180616141633_HDR_0027_gec.tif,hf://buckets/cbernegger/LULO4/LuoJia1-01_LR201806175049_20180616141633_HDR_0027_meta.xml,hf://buckets/cbernegger/LULO4/LuoJia1-01_LR201806175049_20180616141633_HDR_0027_gec.tif,118.271218,32.286735,122.065881,35.00711,120.067785,33.570597,2018-6-16T14:16:20.3075
LuoJia1-01_LR201806175049_20180616141638_HDR_0028,local\LULO4\LuoJia1-01_LR201806175049_20180616141638_HDR_0028_meta.xml,local\LULO4\LuoJia1-01_LR201806175049_20180616141638_HDR_0028_gec.tif,hf://buckets/cbernegger/LULO4/LuoJia1-01_LR201806175049_20180616141638_HDR_0028_meta.xml,hf://buckets/cbernegger/LULO4/LuoJia1-01_LR201806175049_20180616141638_HDR_0028_gec.tif,118.188444,32.59399,121.99548,35.312666,119.991219,33.877034,2018-6-16T14:16:25.3124
LuoJia1-01_LR201806175049_20180616141643_HDR_0029,local\LULO4\LuoJia1-01_LR201806175049_20180616141643_HDR_0029_meta.xml,local\LULO4\LuoJia1-01_LR201806175049_20180616141643_HDR_0029_gec.tif,hf://buckets/cbernegger/LULO4/LuoJia1-01_LR201806175049_20180616141643_HDR_0029_meta.xml,hf://buckets/cbernegger/LULO4/LuoJia1-01_LR201806175049_20180616141643_HDR_0029_gec.tif,118.105502,32.899534,121.92701,35.620881,119.915519,34.183751,2018-6-16T14:16:30.3173
LuoJia1-01_LR201806175049_20180616141648_HDR_0030,local\LULO4\LuoJia1-01_LR201806175049_20180616141648_HDR_0030_meta.xml,local\LULO4\LuoJia1-01_LR201806175049_20180616141648_HDR_0030_gec.tif,hf://buckets/cbernegger/LULO4/LuoJia1-01_LR201806175049_20180616141648_HDR_0030_meta.xml,hf://buckets/cbernegger/LULO4/LuoJia1-01_LR201806175049_20180616141648_HDR_0030_gec.tif,118.019121,33.201016,121.858406,35.927068,119.837765,34.4874,2018-6-16T14:16:35.3218
LuoJia1-01_LR201806175049_20180616141653_HDR_0031,local\LULO4\LuoJia1-01_LR201806175049_20180616141653_HDR_0031_meta.xml,local\LULO4\LuoJia1-01_LR201806175049_20180616141653_HDR_0031_gec.tif,hf://buckets/cbernegger/LULO4/LuoJia1-01_LR201806175049_20180616141653_HDR_0031_meta.xml,hf://buckets/cbernegger/LULO4/LuoJia1-01_LR201806175049_20180616141653_HDR_0031_gec.tif,117.932541,33.504734,121.786396,36.229162,119.758219,34.790658,2018-6-16T14:16:40.3270
LuoJia1-01_LR201806175049_20180616141658_HDR_0032,local\LULO4\LuoJia1-01_LR201806175049_20180616141658_HDR_0032_meta.xml,local\LULO4\LuoJia1-01_LR201806175049_20180616141658_HDR_0032_gec.tif,hf://buckets/cbernegger/LULO4/LuoJia1-01_LR201806175049_20180616141658_HDR_0032_meta.xml,hf://buckets/cbernegger/LULO4/LuoJia1-01_LR201806175049_20180616141658_HDR_0032_gec.tif,117.849673,33.807732,121.71447,36.533499,119.681201,35.094325,2018-6-16T14:16:45.3316
LuoJia1-01_LR201806175049_20180616141703_HDR_0033,local\LULO4\LuoJia1-01_LR201806175049_20180616141703_HDR_0033_meta.xml,local\LULO4\LuoJia1-01_LR201806175049_20180616141703_HDR_0033_gec.tif,hf://buckets/cbernegger/LULO4/LuoJia1-01_LR201806175049_20180616141703_HDR_0033_meta.xml,hf://buckets/cbernegger/LULO4/LuoJia1-01_LR201806175049_20180616141703_HDR_0033_gec.tif,117.765194,34.113355,121.647579,36.837147,119.604202,35.398724,2018-6-16T14:16:50.3361
LuoJia1-01_LR201806175049_20180616141708_HDR_0034,local\LULO4\LuoJia1-01_LR201806175049_20180616141708_HDR_0034_meta.xml,local\LULO4\LuoJia1-01_LR201806175049_20180616141708_HDR_0034_gec.tif,hf://buckets/cbernegger/LULO4/LuoJia1-01_LR201806175049_20180616141708_HDR_0034_meta.xml,hf://buckets/cbernegger/LULO4/LuoJia1-01_LR201806175049_20180616141708_HDR_0034_gec.tif,117.702942,34.435718,121.578915,37.144105,119.53678,35.71014,2018-6-16T14:16:55.3417
LuoJia1-01_LR201806175049_20180616141723_HDR_0037,local\LULO4\LuoJia1-01_LR201806175049_20180616141723_HDR_0037_meta.xml,local\LULO4\LuoJia1-01_LR201806175049_20180616141723_HDR_0037_gec.tif,hf://buckets/cbernegger/LULO4/LuoJia1-01_LR201806175049_20180616141723_HDR_0037_meta.xml,hf://buckets/cbernegger/LULO4/LuoJia1-01_LR201806175049_20180616141723_HDR_0037_gec.tif,117.421875,35.378528,121.36883,38.109066,119.298252,36.664105,2018-6-16T14:17:10.3561
LuoJia1-01_LR201806175049_20180616141728_HDR_0038,local\LULO4\LuoJia1-01_LR201806175049_20180616141728_HDR_0038_meta.xml,local\LULO4\LuoJia1-01_LR201806175049_20180616141728_HDR_0038_gec.tif,hf://buckets/cbernegger/LULO4/LuoJia1-01_LR201806175049_20180616141728_HDR_0038_meta.xml,hf://buckets/cbernegger/LULO4/LuoJia1-01_LR201806175049_20180616141728_HDR_0038_gec.tif,117.319137,35.664661,121.274036,38.397551,119.199773,36.953485,2018-6-16T14:17:15.3612
LuoJia1-01_LR201806175049_20180616141738_HDR_0040,local\LULO4\LuoJia1-01_LR201806175049_20180616141738_HDR_0040_meta.xml,local\LULO4\LuoJia1-01_LR201806175049_20180616141738_HDR_0040_gec.tif,hf://buckets/cbernegger/LULO4/LuoJia1-01_LR201806175049_20180616141738_HDR_0040_meta.xml,hf://buckets/cbernegger/LULO4/LuoJia1-01_LR201806175049_20180616141738_HDR_0040_gec.tif,117.134243,36.248155,121.128141,38.984369,119.031756,37.539794,2018-6-16T14:17:25.3709
LuoJia1-01_LR201806175049_20180616141743_HDR_0041,local\LULO4\LuoJia1-01_LR201806175049_20180616141743_HDR_0041_meta.xml,local\LULO4\LuoJia1-01_LR201806175049_20180616141743_HDR_0041_gec.tif,hf://buckets/cbernegger/LULO4/LuoJia1-01_LR201806175049_20180616141743_HDR_0041_meta.xml,hf://buckets/cbernegger/LULO4/LuoJia1-01_LR201806175049_20180616141743_HDR_0041_gec.tif,117.048544,36.547978,121.056878,39.282465,118.952431,37.839049,2018-6-16T14:17:30.3758
LuoJia1-01_LR201806175049_20180616141748_HDR_0042,local\LULO4\LuoJia1-01_LR201806175049_20180616141748_HDR_0042_meta.xml,local\LULO4\LuoJia1-01_LR201806175049_20180616141748_HDR_0042_gec.tif,hf://buckets/cbernegger/LULO4/LuoJia1-01_LR201806175049_20180616141748_HDR_0042_meta.xml,hf://buckets/cbernegger/LULO4/LuoJia1-01_LR201806175049_20180616141748_HDR_0042_gec.tif,116.966649,36.849226,120.992704,39.585556,118.879127,38.141462,2018-6-16T14:17:35.3807
LuoJia1-01_LR201806175049_20180616141753_HDR_0043,local\LULO4\LuoJia1-01_LR201806175049_20180616141753_HDR_0043_meta.xml,local\LULO4\LuoJia1-01_LR201806175049_20180616141753_HDR_0043_gec.tif,hf://buckets/cbernegger/LULO4/LuoJia1-01_LR201806175049_20180616141753_HDR_0043_meta.xml,hf://buckets/cbernegger/LULO4/LuoJia1-01_LR201806175049_20180616141753_HDR_0043_gec.tif,116.874767,37.150881,120.930037,39.890331,118.801219,38.444386,2018-6-16T14:17:40.3848
LuoJia1-01_LR201806175049_20180616141758_HDR_0044,local\LULO4\LuoJia1-01_LR201806175049_20180616141758_HDR_0044_meta.xml,local\LULO4\LuoJia1-01_LR201806175049_20180616141758_HDR_0044_gec.tif,hf://buckets/cbernegger/LULO4/LuoJia1-01_LR201806175049_20180616141758_HDR_0044_meta.xml,hf://buckets/cbernegger/LULO4/LuoJia1-01_LR201806175049_20180616141758_HDR_0044_gec.tif,116.779989,37.451086,120.859117,40.19351,118.716652,38.746056,2018-6-16T14:17:45.3904
LuoJia1-01_LR201806175049_20180616141803_HDR_0045,local\LULO4\LuoJia1-01_LR201806175049_20180616141803_HDR_0045_meta.xml,local\LULO4\LuoJia1-01_LR201806175049_20180616141803_HDR_0045_gec.tif,hf://buckets/cbernegger/LULO4/LuoJia1-01_LR201806175049_20180616141803_HDR_0045_meta.xml,hf://buckets/cbernegger/LULO4/LuoJia1-01_LR201806175049_20180616141803_HDR_0045_gec.tif,116.685784,37.753135,120.783415,40.494225,118.631197,39.047892,2018-6-16T14:17:50.3953
LuoJia1-01_LR201806175049_20180616141813_HDR_0047,local\LULO4\LuoJia1-01_LR201806175049_20180616141813_HDR_0047_meta.xml,local\LULO4\LuoJia1-01_LR201806175049_20180616141813_HDR_0047_gec.tif,hf://buckets/cbernegger/LULO4/LuoJia1-01_LR201806175049_20180616141813_HDR_0047_meta.xml,hf://buckets/cbernegger/LULO4/LuoJia1-01_LR201806175049_20180616141813_HDR_0047_gec.tif,116.501308,38.358676,120.63229,41.101598,118.463459,39.654794,2018-6-16T14:18:0.40510
LuoJia1-01_LR201806175049_20180616141818_HDR_0048,local\LULO4\LuoJia1-01_LR201806175049_20180616141818_HDR_0048_meta.xml,local\LULO4\LuoJia1-01_LR201806175049_20180616141818_HDR_0048_gec.tif,hf://buckets/cbernegger/LULO4/LuoJia1-01_LR201806175049_20180616141818_HDR_0048_meta.xml,hf://buckets/cbernegger/LULO4/LuoJia1-01_LR201806175049_20180616141818_HDR_0048_gec.tif,116.406566,38.663525,120.562639,41.404513,118.380059,39.958943,2018-6-16T14:18:5.40997
LuoJia1-01_LR201806175049_20180616141823_HDR_0049,local\LULO4\LuoJia1-01_LR201806175049_20180616141823_HDR_0049_meta.xml,local\LULO4\LuoJia1-01_LR201806175049_20180616141823_HDR_0049_gec.tif,hf://buckets/cbernegger/LULO4/LuoJia1-01_LR201806175049_20180616141823_HDR_0049_meta.xml,hf://buckets/cbernegger/LULO4/LuoJia1-01_LR201806175049_20180616141823_HDR_0049_gec.tif,116.310024,38.968242,120.487938,41.709943,118.294517,40.264536,2018-6-16T14:18:10.4148
LuoJia1-01_LR201806175049_20180616141828_HDR_0050,local\LULO4\LuoJia1-01_LR201806175049_20180616141828_HDR_0050_meta.xml,local\LULO4\LuoJia1-01_LR201806175049_20180616141828_HDR_0050_gec.tif,hf://buckets/cbernegger/LULO4/LuoJia1-01_LR201806175049_20180616141828_HDR_0050_meta.xml,hf://buckets/cbernegger/LULO4/LuoJia1-01_LR201806175049_20180616141828_HDR_0050_gec.tif,116.209482,39.27073,120.411262,42.0164,118.204645,40.568571,2018-6-16T14:18:15.4197
LuoJia1-01_LR201806193121_20180618132710_HDR_0000,local\LULO4\LuoJia1-01_LR201806193121_20180618132710_HDR_0000_meta.xml,local\LULO4\LuoJia1-01_LR201806193121_20180618132710_HDR_0000_gec.tif,hf://buckets/cbernegger/LULO4/LuoJia1-01_LR201806193121_20180618132710_HDR_0000_meta.xml,hf://buckets/cbernegger/LULO4/LuoJia1-01_LR201806193121_20180618132710_HDR_0000_gec.tif,125.705485,33.091574,129.845521,35.971009,127.978857,34.657472,2018-6-18T13:26:58.2016
LuoJia1-01_LR201806193121_20180618132715_HDR_0001,local\LULO4\LuoJia1-01_LR201806193121_20180618132715_HDR_0001_meta.xml,local\LULO4\LuoJia1-01_LR201806193121_20180618132715_HDR_0001_gec.tif,hf://buckets/cbernegger/LULO4/LuoJia1-01_LR201806193121_20180618132715_HDR_0001_meta.xml,hf://buckets/cbernegger/LULO4/LuoJia1-01_LR201806193121_20180618132715_HDR_0001_gec.tif,125.603433,33.398943,129.758659,36.274224,127.885869,34.960347,2018-6-18T13:27:3.20728
LuoJia1-01_LR201806193121_20180618132720_HDR_0002,local\LULO4\LuoJia1-01_LR201806193121_20180618132720_HDR_0002_meta.xml,local\LULO4\LuoJia1-01_LR201806193121_20180618132720_HDR_0002_gec.tif,hf://buckets/cbernegger/LULO4/LuoJia1-01_LR201806193121_20180618132720_HDR_0002_meta.xml,hf://buckets/cbernegger/LULO4/LuoJia1-01_LR201806193121_20180618132720_HDR_0002_gec.tif,125.49964,33.696108,129.672768,36.578133,127.793377,35.263829,2018-6-18T13:27:8.21213
LuoJia1-01_LR201806193121_20180618132725_HDR_0003,local\LULO4\LuoJia1-01_LR201806193121_20180618132725_HDR_0003_meta.xml,local\LULO4\LuoJia1-01_LR201806193121_20180618132725_HDR_0003_gec.tif,hf://buckets/cbernegger/LULO4/LuoJia1-01_LR201806193121_20180618132725_HDR_0003_meta.xml,hf://buckets/cbernegger/LULO4/LuoJia1-01_LR201806193121_20180618132725_HDR_0003_gec.tif,125.395041,33.995938,129.5857,36.88112,127.698653,35.565545,2018-6-18T13:27:13.2169
LuoJia1-01_LR201806193121_20180618132751_HDR_0008,local\LULO4\LuoJia1-01_LR201806193121_20180618132751_HDR_0008_meta.xml,local\LULO4\LuoJia1-01_LR201806193121_20180618132751_HDR_0008_gec.tif,hf://buckets/cbernegger/LULO4/LuoJia1-01_LR201806193121_20180618132751_HDR_0008_meta.xml,hf://buckets/cbernegger/LULO4/LuoJia1-01_LR201806193121_20180618132751_HDR_0008_gec.tif,124.855943,35.495192,129.143303,38.390654,127.211989,37.070178,2018-6-18T13:27:38.2412
LuoJia1-01_LR201806193121_20180618132756_HDR_0009,local\LULO4\LuoJia1-01_LR201806193121_20180618132756_HDR_0009_meta.xml,local\LULO4\LuoJia1-01_LR201806193121_20180618132756_HDR_0009_gec.tif,hf://buckets/cbernegger/LULO4/LuoJia1-01_LR201806193121_20180618132756_HDR_0009_meta.xml,hf://buckets/cbernegger/LULO4/LuoJia1-01_LR201806193121_20180618132756_HDR_0009_gec.tif,124.752273,35.798786,129.052801,38.693884,127.116452,37.373443,2018-6-18T13:27:43.2461
LuoJia1-01_LR201806193121_20180618132801_HDR_0010,local\LULO4\LuoJia1-01_LR201806193121_20180618132801_HDR_0010_meta.xml,local\LULO4\LuoJia1-01_LR201806193121_20180618132801_HDR_0010_gec.tif,hf://buckets/cbernegger/LULO4/LuoJia1-01_LR201806193121_20180618132801_HDR_0010_meta.xml,hf://buckets/cbernegger/LULO4/LuoJia1-01_LR201806193121_20180618132801_HDR_0010_gec.tif,124.638146,36.097851,128.967427,38.998545,127.020239,37.676001,2018-6-18T13:27:48.2504
LuoJia1-01_LR201806193121_20180618132805_HDR_0011,local\LULO4\LuoJia1-01_LR201806193121_20180618132805_HDR_0011_meta.xml,local\LULO4\LuoJia1-01_LR201806193121_20180618132805_HDR_0011_gec.tif,hf://buckets/cbernegger/LULO4/LuoJia1-01_LR201806193121_20180618132805_HDR_0011_meta.xml,hf://buckets/cbernegger/LULO4/LuoJia1-01_LR201806193121_20180618132805_HDR_0011_gec.tif,124.512108,36.393108,128.874092,39.300161,126.910297,37.975021,2018-6-18T13:27:53.2550
LuoJia1-01_LR201806193121_20180618132811_HDR_0012,local\LULO4\LuoJia1-01_LR201806193121_20180618132811_HDR_0012_meta.xml,local\LULO4\LuoJia1-01_LR201806193121_20180618132811_HDR_0012_gec.tif,hf://buckets/cbernegger/LULO4/LuoJia1-01_LR201806193121_20180618132811_HDR_0012_meta.xml,hf://buckets/cbernegger/LULO4/LuoJia1-01_LR201806193121_20180618132811_HDR_0012_gec.tif,124.406331,36.69285,128.773062,39.600264,126.80788,38.274583,2018-6-18T13:27:58.2603
LuoJia1-01_LR201806193121_20180618132816_HDR_0013,local\LULO4\LuoJia1-01_LR201806193121_20180618132816_HDR_0013_meta.xml,local\LULO4\LuoJia1-01_LR201806193121_20180618132816_HDR_0013_gec.tif,hf://buckets/cbernegger/LULO4/LuoJia1-01_LR201806193121_20180618132816_HDR_0013_meta.xml,hf://buckets/cbernegger/LULO4/LuoJia1-01_LR201806193121_20180618132816_HDR_0013_gec.tif,124.302201,36.996596,128.685878,39.901827,126.714827,38.577182,2018-6-18T13:28:3.26551
LuoJia1-01_LR201806207826_20180619220046_HDR_0000,local\LULO4\LuoJia1-01_LR201806207826_20180619220046_HDR_0000_meta.xml,local\LULO4\LuoJia1-01_LR201806207826_20180619220046_HDR_0000_gec.tif,hf://buckets/cbernegger/LULO4/LuoJia1-01_LR201806207826_20180619220046_HDR_0000_meta.xml,hf://buckets/cbernegger/LULO4/LuoJia1-01_LR201806207826_20180619220046_HDR_0000_gec.tif,0.218677,40.381372,4.350635,43.04766,2.201017,41.64791,2018-6-19T22:0:34.17653
LuoJia1-01_LR201806207826_20180619220056_HDR_0002,local\LULO4\LuoJia1-01_LR201806207826_20180619220056_HDR_0002_meta.xml,local\LULO4\LuoJia1-01_LR201806207826_20180619220056_HDR_0002_gec.tif,hf://buckets/cbernegger/LULO4/LuoJia1-01_LR201806207826_20180619220056_HDR_0002_meta.xml,hf://buckets/cbernegger/LULO4/LuoJia1-01_LR201806207826_20180619220056_HDR_0002_gec.tif,0.010783,40.991672,4.189558,43.658931,2.013579,42.259242,2018-6-19T22:0:44.18682
LuoJia1-01_LR201806207826_20180619220101_HDR_0003,local\LULO4\LuoJia1-01_LR201806207826_20180619220101_HDR_0003_meta.xml,local\LULO4\LuoJia1-01_LR201806207826_20180619220101_HDR_0003_gec.tif,hf://buckets/cbernegger/LULO4/LuoJia1-01_LR201806207826_20180619220101_HDR_0003_meta.xml,hf://buckets/cbernegger/LULO4/LuoJia1-01_LR201806207826_20180619220101_HDR_0003_gec.tif,-0.090985,41.293315,4.105741,43.960428,1.916628,42.561357,2018-6-19T22:0:49.19168
LuoJia1-01_LR201806207826_20180619220106_HDR_0004,local\LULO4\LuoJia1-01_LR201806207826_20180619220106_HDR_0004_meta.xml,local\LULO4\LuoJia1-01_LR201806207826_20180619220106_HDR_0004_gec.tif,hf://buckets/cbernegger/LULO4/LuoJia1-01_LR201806207826_20180619220106_HDR_0004_meta.xml,hf://buckets/cbernegger/LULO4/LuoJia1-01_LR201806207826_20180619220106_HDR_0004_gec.tif,-0.191187,41.594551,4.025347,44.262649,1.831461,42.864157,2018-6-19T22:0:54.19654
LuoJia1-01_LR201806207826_20180619220121_HDR_0007,local\LULO4\LuoJia1-01_LR201806207826_20180619220121_HDR_0007_meta.xml,local\LULO4\LuoJia1-01_LR201806207826_20180619220121_HDR_0007_gec.tif,hf://buckets/cbernegger/LULO4/LuoJia1-01_LR201806207826_20180619220121_HDR_0007_meta.xml,hf://buckets/cbernegger/LULO4/LuoJia1-01_LR201806207826_20180619220121_HDR_0007_gec.tif,-0.501393,42.503858,3.787664,45.171845,1.560529,43.772186,2018-6-19T22:1:9.211122
LuoJia1-01_LR201806207826_20180619220126_HDR_0008,local\LULO4\LuoJia1-01_LR201806207826_20180619220126_HDR_0008_meta.xml,local\LULO4\LuoJia1-01_LR201806207826_20180619220126_HDR_0008_gec.tif,hf://buckets/cbernegger/LULO4/LuoJia1-01_LR201806207826_20180619220126_HDR_0008_meta.xml,hf://buckets/cbernegger/LULO4/LuoJia1-01_LR201806207826_20180619220126_HDR_0008_gec.tif,-0.610066,42.809659,3.709196,45.477809,1.466117,44.077298,2018-6-19T22:1:14.21598
LuoJia1-01_LR201806207826_20180619220132_HDR_0009,local\LULO4\LuoJia1-01_LR201806207826_20180619220132_HDR_0009_meta.xml,local\LULO4\LuoJia1-01_LR201806207826_20180619220132_HDR_0009_gec.tif,hf://buckets/cbernegger/LULO4/LuoJia1-01_LR201806207826_20180619220132_HDR_0009_meta.xml,hf://buckets/cbernegger/LULO4/LuoJia1-01_LR201806207826_20180619220132_HDR_0009_gec.tif,-0.72303,43.105203,3.623801,45.783591,1.364776,44.379321,2018-6-19T22:1:19.22084
LuoJia1-01_LR201806207826_20180619220136_HDR_0010,local\LULO4\LuoJia1-01_LR201806207826_20180619220136_HDR_0010_meta.xml,local\LULO4\LuoJia1-01_LR201806207826_20180619220136_HDR_0010_gec.tif,hf://buckets/cbernegger/LULO4/LuoJia1-01_LR201806207826_20180619220136_HDR_0010_meta.xml,hf://buckets/cbernegger/LULO4/LuoJia1-01_LR201806207826_20180619220136_HDR_0010_gec.tif,-0.831355,43.405867,3.53165,46.084069,1.266931,44.680266,2018-6-19T22:1:24.22570
LuoJia1-01_LR201806207826_20180619220152_HDR_0013,local\LULO4\LuoJia1-01_LR201806207826_20180619220152_HDR_0013_meta.xml,local\LULO4\LuoJia1-01_LR201806207826_20180619220152_HDR_0013_gec.tif,hf://buckets/cbernegger/LULO4/LuoJia1-01_LR201806207826_20180619220152_HDR_0013_meta.xml,hf://buckets/cbernegger/LULO4/LuoJia1-01_LR201806207826_20180619220152_HDR_0013_gec.tif,-1.158318,44.311186,3.276769,46.996111,0.977481,45.588721,2018-6-19T22:1:39.24029
LuoJia1-01_LR201806207826_20180619220157_HDR_0014,local\LULO4\LuoJia1-01_LR201806207826_20180619220157_HDR_0014_meta.xml,local\LULO4\LuoJia1-01_LR201806207826_20180619220157_HDR_0014_gec.tif,hf://buckets/cbernegger/LULO4/LuoJia1-01_LR201806207826_20180619220157_HDR_0014_meta.xml,hf://buckets/cbernegger/LULO4/LuoJia1-01_LR201806207826_20180619220157_HDR_0014_gec.tif,-1.266473,44.614306,3.191087,47.299086,0.882281,45.891834,2018-6-19T22:1:44.24447
LuoJia1-01_LR201806207826_20180619220202_HDR_0015,local\LULO4\LuoJia1-01_LR201806207826_20180619220202_HDR_0015_meta.xml,local\LULO4\LuoJia1-01_LR201806207826_20180619220202_HDR_0015_gec.tif,hf://buckets/cbernegger/LULO4/LuoJia1-01_LR201806207826_20180619220202_HDR_0015_meta.xml,hf://buckets/cbernegger/LULO4/LuoJia1-01_LR201806207826_20180619220202_HDR_0015_gec.tif,-1.383481,44.916854,3.110717,47.603745,0.782068,46.19569,2018-6-19T22:1:49.25003
LuoJia1-01_LR201806207826_20180619220207_HDR_0016,local\LULO4\LuoJia1-01_LR201806207826_20180619220207_HDR_0016_meta.xml,local\LULO4\LuoJia1-01_LR201806207826_20180619220207_HDR_0016_gec.tif,hf://buckets/cbernegger/LULO4/LuoJia1-01_LR201806207826_20180619220207_HDR_0016_meta.xml,hf://buckets/cbernegger/LULO4/LuoJia1-01_LR201806207826_20180619220207_HDR_0016_gec.tif,-1.496824,45.215738,3.017615,47.908321,0.680345,46.497059,2018-6-19T22:1:54.25489
LuoJia1-01_LR201806207826_20180619220212_HDR_0017,local\LULO4\LuoJia1-01_LR201806207826_20180619220212_HDR_0017_meta.xml,local\LULO4\LuoJia1-01_LR201806207826_20180619220212_HDR_0017_gec.tif,hf://buckets/cbernegger/LULO4/LuoJia1-01_LR201806207826_20180619220212_HDR_0017_meta.xml,hf://buckets/cbernegger/LULO4/LuoJia1-01_LR201806207826_20180619220212_HDR_0017_gec.tif,-1.606747,45.517663,2.933029,48.208957,0.58335,46.79902,2018-6-19T22:1:59.25937
LuoJia1-01_LR201806207826_20180619220217_HDR_0018,local\LULO4\LuoJia1-01_LR201806207826_20180619220217_HDR_0018_meta.xml,local\LULO4\LuoJia1-01_LR201806207826_20180619220217_HDR_0018_gec.tif,hf://buckets/cbernegger/LULO4/LuoJia1-01_LR201806207826_20180619220217_HDR_0018_meta.xml,hf://buckets/cbernegger/LULO4/LuoJia1-01_LR201806207826_20180619220217_HDR_0018_gec.tif,-1.727203,45.814645,2.85482,48.513693,0.482472,47.099536,2018-6-19T22:2:4.264313
LuoJia1-01_LR201806207826_20180619220222_HDR_0019,local\LULO4\LuoJia1-01_LR201806207826_20180619220222_HDR_0019_meta.xml,local\LULO4\LuoJia1-01_LR201806207826_20180619220222_HDR_0019_gec.tif,hf://buckets/cbernegger/LULO4/LuoJia1-01_LR201806207826_20180619220222_HDR_0019_meta.xml,hf://buckets/cbernegger/LULO4/LuoJia1-01_LR201806207826_20180619220222_HDR_0019_gec.tif,-1.854993,46.113105,2.764941,48.812672,0.370527,47.398355,2018-6-19T22:2:9.269498
LuoJia1-01_LR201806207826_20180619220227_HDR_0020,local\LULO4\LuoJia1-01_LR201806207826_20180619220227_HDR_0020_meta.xml,local\LULO4\LuoJia1-01_LR201806207826_20180619220227_HDR_0020_gec.tif,hf://buckets/cbernegger/LULO4/LuoJia1-01_LR201806207826_20180619220227_HDR_0020_meta.xml,hf://buckets/cbernegger/LULO4/LuoJia1-01_LR201806207826_20180619220227_HDR_0020_gec.tif,-1.96633,46.415874,2.66505,49.11233,0.26652,47.700082,2018-6-19T22:2:14.27436
LuoJia1-01_LR201806207826_20180619220232_HDR_0021,local\LULO4\LuoJia1-01_LR201806207826_20180619220232_HDR_0021_meta.xml,local\LULO4\LuoJia1-01_LR201806207826_20180619220232_HDR_0021_gec.tif,hf://buckets/cbernegger/LULO4/LuoJia1-01_LR201806207826_20180619220232_HDR_0021_meta.xml,hf://buckets/cbernegger/LULO4/LuoJia1-01_LR201806207826_20180619220232_HDR_0021_gec.tif,-2.085567,46.720406,2.58467,49.417452,0.165848,48.004662,2018-6-19T22:2:19.27923
LuoJia1-01_LR201806207826_20180619220237_HDR_0022,local\LULO4\LuoJia1-01_LR201806207826_20180619220237_HDR_0022_meta.xml,local\LULO4\LuoJia1-01_LR201806207826_20180619220237_HDR_0022_gec.tif,hf://buckets/cbernegger/LULO4/LuoJia1-01_LR201806207826_20180619220237_HDR_0022_meta.xml,hf://buckets/cbernegger/LULO4/LuoJia1-01_LR201806207826_20180619220237_HDR_0022_gec.tif,-2.208343,47.023681,2.495161,49.723739,0.058963,48.309154,2018-6-19T22:2:24.28410
LuoJia1-01_LR201806207826_20180619220242_HDR_0023,local\LULO4\LuoJia1-01_LR201806207826_20180619220242_HDR_0023_meta.xml,local\LULO4\LuoJia1-01_LR201806207826_20180619220242_HDR_0023_gec.tif,hf://buckets/cbernegger/LULO4/LuoJia1-01_LR201806207826_20180619220242_HDR_0023_meta.xml,hf://buckets/cbernegger/LULO4/LuoJia1-01_LR201806207826_20180619220242_HDR_0023_gec.tif,-2.328361,47.326233,2.400693,50.028658,-0.047771,48.61281,2018-6-19T22:2:29.28812
LuoJia1-01_LR201806207826_20180619220247_HDR_0024,local\LULO4\LuoJia1-01_LR201806207826_20180619220247_HDR_0024_meta.xml,local\LULO4\LuoJia1-01_LR201806207826_20180619220247_HDR_0024_gec.tif,hf://buckets/cbernegger/LULO4/LuoJia1-01_LR201806207826_20180619220247_HDR_0024_meta.xml,hf://buckets/cbernegger/LULO4/LuoJia1-01_LR201806207826_20180619220247_HDR_0024_gec.tif,-2.448109,47.630025,2.313252,50.334372,-0.151154,48.917475,2018-6-19T22:2:34.29384
LuoJia1-01_LR201806207826_20180619220252_HDR_0025,local\LULO4\LuoJia1-01_LR201806207826_20180619220252_HDR_0025_meta.xml,local\LULO4\LuoJia1-01_LR201806207826_20180619220252_HDR_0025_gec.tif,hf://buckets/cbernegger/LULO4/LuoJia1-01_LR201806207826_20180619220252_HDR_0025_meta.xml,hf://buckets/cbernegger/LULO4/LuoJia1-01_LR201806207826_20180619220252_HDR_0025_gec.tif,-2.569517,47.930305,2.225871,50.640779,-0.255527,49.220432,2018-6-19T22:2:39.29871
LuoJia1-01_LR201806207826_20180619220257_HDR_0026,local\LULO4\LuoJia1-01_LR201806207826_20180619220257_HDR_0026_meta.xml,local\LULO4\LuoJia1-01_LR201806207826_20180619220257_HDR_0026_gec.tif,hf://buckets/cbernegger/LULO4/LuoJia1-01_LR201806207826_20180619220257_HDR_0026_meta.xml,hf://buckets/cbernegger/LULO4/LuoJia1-01_LR201806207826_20180619220257_HDR_0026_gec.tif,-2.695225,48.228554,2.137467,50.943324,-0.363095,49.520815,2018-6-19T22:2:44.30358
LuoJia1-01_LR201806207826_20180619220307_HDR_0028,local\LULO4\LuoJia1-01_LR201806207826_20180619220307_HDR_0028_meta.xml,local\LULO4\LuoJia1-01_LR201806207826_20180619220307_HDR_0028_gec.tif,hf://buckets/cbernegger/LULO4/LuoJia1-01_LR201806207826_20180619220307_HDR_0028_meta.xml,hf://buckets/cbernegger/LULO4/LuoJia1-01_LR201806207826_20180619220307_HDR_0028_gec.tif,-2.956108,48.821224,1.943955,51.540416,-0.591212,50.116068,2018-6-19T22:2:54.31333
LuoJia1-01_LR201806207826_20180619220312_HDR_0029,local\LULO4\LuoJia1-01_LR201806207826_20180619220312_HDR_0029_meta.xml,local\LULO4\LuoJia1-01_LR201806207826_20180619220312_HDR_0029_gec.tif,hf://buckets/cbernegger/LULO4/LuoJia1-01_LR201806207826_20180619220312_HDR_0029_meta.xml,hf://buckets/cbernegger/LULO4/LuoJia1-01_LR201806207826_20180619220312_HDR_0029_gec.tif,-3.088259,49.122374,1.847085,51.838976,-0.705711,50.41648,2018-6-19T22:2:59.31820
LuoJia1-01_LR201806207826_20180619220317_HDR_0030,local\LULO4\LuoJia1-01_LR201806207826_20180619220317_HDR_0030_meta.xml,local\LULO4\LuoJia1-01_LR201806207826_20180619220317_HDR_0030_gec.tif,hf://buckets/cbernegger/LULO4/LuoJia1-01_LR201806207826_20180619220317_HDR_0030_meta.xml,hf://buckets/cbernegger/LULO4/LuoJia1-01_LR201806207826_20180619220317_HDR_0030_gec.tif,-3.217571,49.425353,1.748941,52.142596,-0.818944,50.72003,2018-6-19T22:3:4.323079
LuoJia1-01_LR201806207826_20180619220322_HDR_0031,local\LULO4\LuoJia1-01_LR201806207826_20180619220322_HDR_0031_meta.xml,local\LULO4\LuoJia1-01_LR201806207826_20180619220322_HDR_0031_gec.tif,hf://buckets/cbernegger/LULO4/LuoJia1-01_LR201806207826_20180619220322_HDR_0031_meta.xml,hf://buckets/cbernegger/LULO4/LuoJia1-01_LR201806207826_20180619220322_HDR_0031_gec.tif,-3.34439,49.728506,1.656127,52.449012,-0.929297,51.024071,2018-6-19T22:3:9.327953
LuoJia1-01_LR201806207826_20180619220327_HDR_0032,local\LULO4\LuoJia1-01_LR201806207826_20180619220327_HDR_0032_meta.xml,local\LULO4\LuoJia1-01_LR201806207826_20180619220327_HDR_0032_gec.tif,hf://buckets/cbernegger/LULO4/LuoJia1-01_LR201806207826_20180619220327_HDR_0032_meta.xml,hf://buckets/cbernegger/LULO4/LuoJia1-01_LR201806207826_20180619220327_HDR_0032_gec.tif,-3.47571,50.032275,1.566608,52.754583,-1.039482,51.328939,2018-6-19T22:3:14.33282
LuoJia1-01_LR201806207826_20180619220332_HDR_0033,local\LULO4\LuoJia1-01_LR201806207826_20180619220332_HDR_0033_meta.xml,local\LULO4\LuoJia1-01_LR201806207826_20180619220332_HDR_0033_gec.tif,hf://buckets/cbernegger/LULO4/LuoJia1-01_LR201806207826_20180619220332_HDR_0033_meta.xml,hf://buckets/cbernegger/LULO4/LuoJia1-01_LR201806207826_20180619220332_HDR_0033_gec.tif,-3.620964,50.331853,1.472695,53.061656,-1.161121,51.631241,2018-6-19T22:3:19.33770
LuoJia1-01_LR201806207826_20180619220337_HDR_0034,local\LULO4\LuoJia1-01_LR201806207826_20180619220337_HDR_0034_meta.xml,local\LULO4\LuoJia1-01_LR201806207826_20180619220337_HDR_0034_gec.tif,hf://buckets/cbernegger/LULO4/LuoJia1-01_LR201806207826_20180619220337_HDR_0034_meta.xml,hf://buckets/cbernegger/LULO4/LuoJia1-01_LR201806207826_20180619220337_HDR_0034_gec.tif,-3.761495,50.632503,1.36105,53.362413,-1.286286,51.932698,2018-6-19T22:3:24.34257
LuoJia1-01_LR201806207826_20180619220342_HDR_0035,local\LULO4\LuoJia1-01_LR201806207826_20180619220342_HDR_0035_meta.xml,local\LULO4\LuoJia1-01_LR201806207826_20180619220342_HDR_0035_gec.tif,hf://buckets/cbernegger/LULO4/LuoJia1-01_LR201806207826_20180619220342_HDR_0035_meta.xml,hf://buckets/cbernegger/LULO4/LuoJia1-01_LR201806207826_20180619220342_HDR_0035_gec.tif,-3.899355,50.929186,1.256634,53.665159,-1.407036,52.232225,2018-6-19T22:3:29.34745
LuoJia1-01_LR201806207826_20180619220347_HDR_0036,local\LULO4\LuoJia1-01_LR201806207826_20180619220347_HDR_0036_meta.xml,local\LULO4\LuoJia1-01_LR201806207826_20180619220347_HDR_0036_gec.tif,hf://buckets/cbernegger/LULO4/LuoJia1-01_LR201806207826_20180619220347_HDR_0036_meta.xml,hf://buckets/cbernegger/LULO4/LuoJia1-01_LR201806207826_20180619220347_HDR_0036_gec.tif,-4.038455,51.225481,1.156652,53.963663,-1.526803,52.529557,2018-6-19T22:3:34.35232
LuoJia1-01_LR201806207826_20180619220352_HDR_0037,local\LULO4\LuoJia1-01_LR201806207826_20180619220352_HDR_0037_meta.xml,local\LULO4\LuoJia1-01_LR201806207826_20180619220352_HDR_0037_gec.tif,hf://buckets/cbernegger/LULO4/LuoJia1-01_LR201806207826_20180619220352_HDR_0037_meta.xml,hf://buckets/cbernegger/LULO4/LuoJia1-01_LR201806207826_20180619220352_HDR_0037_gec.tif,-4.180876,51.526581,1.05625,54.262111,-1.648324,52.829856,2018-6-19T22:3:39.35720
LuoJia1-01_LR201806207826_20180619220357_HDR_0038,local\LULO4\LuoJia1-01_LR201806207826_20180619220357_HDR_0038_meta.xml,local\LULO4\LuoJia1-01_LR201806207826_20180619220357_HDR_0038_gec.tif,hf://buckets/cbernegger/LULO4/LuoJia1-01_LR201806207826_20180619220357_HDR_0038_meta.xml,hf://buckets/cbernegger/LULO4/LuoJia1-01_LR201806207826_20180619220357_HDR_0038_gec.tif,-4.323529,51.82838,0.953331,54.566035,-1.771567,53.132027,2018-6-19T22:3:44.36207
LuoJia1-01_LR201806207826_20180619220402_HDR_0039,local\LULO4\LuoJia1-01_LR201806207826_20180619220402_HDR_0039_meta.xml,local\LULO4\LuoJia1-01_LR201806207826_20180619220402_HDR_0039_gec.tif,hf://buckets/cbernegger/LULO4/LuoJia1-01_LR201806207826_20180619220402_HDR_0039_meta.xml,hf://buckets/cbernegger/LULO4/LuoJia1-01_LR201806207826_20180619220402_HDR_0039_gec.tif,-4.469262,52.128056,0.851579,54.869845,-1.896164,53.43377,2018-6-19T22:3:49.36695
LuoJia1-01_LR201806219105_20180620190944_HDR_0004,local\LULO4\LuoJia1-01_LR201806219105_20180620190944_HDR_0004_meta.xml,local\LULO4\LuoJia1-01_LR201806219105_20180620190944_HDR_0004_gec.tif,hf://buckets/cbernegger/LULO4/LuoJia1-01_LR201806219105_20180620190944_HDR_0004_meta.xml,hf://buckets/cbernegger/LULO4/LuoJia1-01_LR201806219105_20180620190944_HDR_0004_gec.tif,39.464068,40.799832,43.681089,43.510334,41.695661,42.218576,2018-6-20T19:9:32.19316
LuoJia1-01_LR201806219105_20180620190949_HDR_0005,local\LULO4\LuoJia1-01_LR201806219105_20180620190949_HDR_0005_meta.xml,local\LULO4\LuoJia1-01_LR201806219105_20180620190949_HDR_0005_gec.tif,hf://buckets/cbernegger/LULO4/LuoJia1-01_LR201806219105_20180620190949_HDR_0005_meta.xml,hf://buckets/cbernegger/LULO4/LuoJia1-01_LR201806219105_20180620190949_HDR_0005_gec.tif,39.344375,41.096056,43.585899,43.813682,41.589059,42.519081,2018-6-20T19:9:37.19802
LuoJia1-01_LR201806219105_20180620190954_HDR_0006,local\LULO4\LuoJia1-01_LR201806219105_20180620190954_HDR_0006_meta.xml,local\LULO4\LuoJia1-01_LR201806219105_20180620190954_HDR_0006_gec.tif,hf://buckets/cbernegger/LULO4/LuoJia1-01_LR201806219105_20180620190954_HDR_0006_meta.xml,hf://buckets/cbernegger/LULO4/LuoJia1-01_LR201806219105_20180620190954_HDR_0006_gec.tif,39.224172,41.396294,43.490243,44.116853,41.481621,42.820063,2018-6-20T19:9:42.20288
LuoJia1-01_LR201806219105_20180620190959_HDR_0007,local\LULO4\LuoJia1-01_LR201806219105_20180620190959_HDR_0007_meta.xml,local\LULO4\LuoJia1-01_LR201806219105_20180620190959_HDR_0007_gec.tif,hf://buckets/cbernegger/LULO4/LuoJia1-01_LR201806219105_20180620190959_HDR_0007_meta.xml,hf://buckets/cbernegger/LULO4/LuoJia1-01_LR201806219105_20180620190959_HDR_0007_gec.tif,39.106187,41.697276,43.393766,44.419485,41.375795,43.122234,2018-6-20T19:9:47.20774
LuoJia1-01_LR201806219105_20180620191005_HDR_0008,local\LULO4\LuoJia1-01_LR201806219105_20180620191005_HDR_0008_meta.xml,local\LULO4\LuoJia1-01_LR201806219105_20180620191005_HDR_0008_gec.tif,hf://buckets/cbernegger/LULO4/LuoJia1-01_LR201806219105_20180620191005_HDR_0008_meta.xml,hf://buckets/cbernegger/LULO4/LuoJia1-01_LR201806219105_20180620191005_HDR_0008_gec.tif,38.983958,41.996128,43.29601,44.722213,41.273498,43.424357,2018-6-20T19:9:52.21260
LuoJia1-01_LR201806219105_20180620191009_HDR_0009,local\LULO4\LuoJia1-01_LR201806219105_20180620191009_HDR_0009_meta.xml,local\LULO4\LuoJia1-01_LR201806219105_20180620191009_HDR_0009_gec.tif,hf://buckets/cbernegger/LULO4/LuoJia1-01_LR201806219105_20180620191009_HDR_0009_meta.xml,hf://buckets/cbernegger/LULO4/LuoJia1-01_LR201806219105_20180620191009_HDR_0009_gec.tif,38.851606,42.293344,43.195572,45.023427,41.154803,43.723049,2018-6-20T19:9:57.21686
LuoJia1-01_LR201806219105_20180620191014_HDR_0010,local\LULO4\LuoJia1-01_LR201806219105_20180620191014_HDR_0010_meta.xml,local\LULO4\LuoJia1-01_LR201806219105_20180620191014_HDR_0010_gec.tif,hf://buckets/cbernegger/LULO4/LuoJia1-01_LR201806219105_20180620191014_HDR_0010_meta.xml,hf://buckets/cbernegger/LULO4/LuoJia1-01_LR201806219105_20180620191014_HDR_0010_gec.tif,38.730001,42.592336,43.090698,45.323823,41.04365,44.02258,2018-6-20T19:10:2.22232
LuoJia1-01_LR201806219105_20180620191019_HDR_0011,local\LULO4\LuoJia1-01_LR201806219105_20180620191019_HDR_0011_meta.xml,local\LULO4\LuoJia1-01_LR201806219105_20180620191019_HDR_0011_gec.tif,hf://buckets/cbernegger/LULO4/LuoJia1-01_LR201806219105_20180620191019_HDR_0011_meta.xml,hf://buckets/cbernegger/LULO4/LuoJia1-01_LR201806219105_20180620191019_HDR_0011_gec.tif,38.604683,42.8913,42.994469,45.625315,40.931482,44.322335,2018-6-20T19:10:7.22719
LuoJia1-01_LR201806219105_20180620191025_HDR_0012,local\LULO4\LuoJia1-01_LR201806219105_20180620191025_HDR_0012_meta.xml,local\LULO4\LuoJia1-01_LR201806219105_20180620191025_HDR_0012_gec.tif,hf://buckets/cbernegger/LULO4/LuoJia1-01_LR201806219105_20180620191025_HDR_0012_meta.xml,hf://buckets/cbernegger/LULO4/LuoJia1-01_LR201806219105_20180620191025_HDR_0012_gec.tif,38.482055,43.19406,42.895453,45.926844,40.820811,44.624253,2018-6-20T19:10:12.2320
LuoJia1-01_LR201806219105_20180620191030_HDR_0013,local\LULO4\LuoJia1-01_LR201806219105_20180620191030_HDR_0013_meta.xml,local\LULO4\LuoJia1-01_LR201806219105_20180620191030_HDR_0013_gec.tif,hf://buckets/cbernegger/LULO4/LuoJia1-01_LR201806219105_20180620191030_HDR_0013_meta.xml,hf://buckets/cbernegger/LULO4/LuoJia1-01_LR201806219105_20180620191030_HDR_0013_gec.tif,38.350695,43.493641,42.798305,46.231088,40.707023,44.926213,2018-6-20T19:10:17.2369
LuoJia1-01_LR201806219105_20180620191035_HDR_0014,local\LULO4\LuoJia1-01_LR201806219105_20180620191035_HDR_0014_meta.xml,local\LULO4\LuoJia1-01_LR201806219105_20180620191035_HDR_0014_gec.tif,hf://buckets/cbernegger/LULO4/LuoJia1-01_LR201806219105_20180620191035_HDR_0014_meta.xml,hf://buckets/cbernegger/LULO4/LuoJia1-01_LR201806219105_20180620191035_HDR_0014_gec.tif,38.214046,43.789726,42.693682,46.532896,40.587178,45.225653,2018-6-20T19:10:22.2417
LuoJia1-01_LR201806219105_20180620191040_HDR_0015,local\LULO4\LuoJia1-01_LR201806219105_20180620191040_HDR_0015_meta.xml,local\LULO4\LuoJia1-01_LR201806219105_20180620191040_HDR_0015_gec.tif,hf://buckets/cbernegger/LULO4/LuoJia1-01_LR201806219105_20180620191040_HDR_0015_meta.xml,hf://buckets/cbernegger/LULO4/LuoJia1-01_LR201806219105_20180620191040_HDR_0015_gec.tif,38.08959,44.087533,42.585724,46.832608,40.4717,45.52374,2018-6-20T19:10:27.2466
LuoJia1-01_LR201806219105_20180620191045_HDR_0016,local\LULO4\LuoJia1-01_LR201806219105_20180620191045_HDR_0016_meta.xml,local\LULO4\LuoJia1-01_LR201806219105_20180620191045_HDR_0016_gec.tif,hf://buckets/cbernegger/LULO4/LuoJia1-01_LR201806219105_20180620191045_HDR_0016_meta.xml,hf://buckets/cbernegger/LULO4/LuoJia1-01_LR201806219105_20180620191045_HDR_0016_gec.tif,37.962058,44.387946,42.486911,47.131671,40.359317,45.82294,2018-6-20T19:10:32.2509
LuoJia1-01_LR201806219105_20180620191050_HDR_0017,local\LULO4\LuoJia1-01_LR201806219105_20180620191050_HDR_0017_meta.xml,local\LULO4\LuoJia1-01_LR201806219105_20180620191050_HDR_0017_gec.tif,hf://buckets/cbernegger/LULO4/LuoJia1-01_LR201806219105_20180620191050_HDR_0017_meta.xml,hf://buckets/cbernegger/LULO4/LuoJia1-01_LR201806219105_20180620191050_HDR_0017_gec.tif,37.830114,44.68757,42.385497,47.432952,40.243823,46.123802,2018-6-20T19:10:37.2563
LuoJia1-01_LR201806219105_20180620191055_HDR_0018,local\LULO4\LuoJia1-01_LR201806219105_20180620191055_HDR_0018_meta.xml,local\LULO4\LuoJia1-01_LR201806219105_20180620191055_HDR_0018_gec.tif,hf://buckets/cbernegger/LULO4/LuoJia1-01_LR201806219105_20180620191055_HDR_0018_meta.xml,hf://buckets/cbernegger/LULO4/LuoJia1-01_LR201806219105_20180620191055_HDR_0018_gec.tif,37.695674,44.991453,42.281049,47.73576,40.125303,46.427421,2018-6-20T19:10:42.2612
LuoJia1-01_LR201806219105_20180620191100_HDR_0019,local\LULO4\LuoJia1-01_LR201806219105_20180620191100_HDR_0019_meta.xml,local\LULO4\LuoJia1-01_LR201806219105_20180620191100_HDR_0019_gec.tif,hf://buckets/cbernegger/LULO4/LuoJia1-01_LR201806219105_20180620191100_HDR_0019_meta.xml,hf://buckets/cbernegger/LULO4/LuoJia1-01_LR201806219105_20180620191100_HDR_0019_gec.tif,37.554295,45.292578,42.173583,48.041564,40.002184,46.731312,2018-6-20T19:10:47.2661
LuoJia1-01_LR201806219105_20180620191105_HDR_0020,local\LULO4\LuoJia1-01_LR201806219105_20180620191105_HDR_0020_meta.xml,local\LULO4\LuoJia1-01_LR201806219105_20180620191105_HDR_0020_gec.tif,hf://buckets/cbernegger/LULO4/LuoJia1-01_LR201806219105_20180620191105_HDR_0020_meta.xml,hf://buckets/cbernegger/LULO4/LuoJia1-01_LR201806219105_20180620191105_HDR_0020_gec.tif,37.41949,45.588697,42.062401,48.345622,39.880873,47.031295,2018-6-20T19:10:52.2709
LuoJia1-01_LR201806219105_20180620191110_HDR_0021,local\LULO4\LuoJia1-01_LR201806219105_20180620191110_HDR_0021_meta.xml,local\LULO4\LuoJia1-01_LR201806219105_20180620191110_HDR_0021_gec.tif,hf://buckets/cbernegger/LULO4/LuoJia1-01_LR201806219105_20180620191110_HDR_0021_meta.xml,hf://buckets/cbernegger/LULO4/LuoJia1-01_LR201806219105_20180620191110_HDR_0021_gec.tif,37.281177,45.882819,41.956826,48.644428,39.759438,47.327868,2018-6-20T19:10:57.2758
LuoJia1-01_LR201806219105_20180620191115_HDR_0022,local\LULO4\LuoJia1-01_LR201806219105_20180620191115_HDR_0022_meta.xml,local\LULO4\LuoJia1-01_LR201806219105_20180620191115_HDR_0022_gec.tif,hf://buckets/cbernegger/LULO4/LuoJia1-01_LR201806219105_20180620191115_HDR_0022_meta.xml,hf://buckets/cbernegger/LULO4/LuoJia1-01_LR201806219105_20180620191115_HDR_0022_gec.tif,37.145574,46.180255,41.847905,48.9415,39.638404,47.625165,2018-6-20T19:11:2.28072
LuoJia1-01_LR201806219105_20180620191120_HDR_0023,local\LULO4\LuoJia1-01_LR201806219105_20180620191120_HDR_0023_meta.xml,local\LULO4\LuoJia1-01_LR201806219105_20180620191120_HDR_0023_gec.tif,hf://buckets/cbernegger/LULO4/LuoJia1-01_LR201806219105_20180620191120_HDR_0023_meta.xml,hf://buckets/cbernegger/LULO4/LuoJia1-01_LR201806219105_20180620191120_HDR_0023_gec.tif,37.004335,46.480866,41.741455,49.241258,39.517073,47.925761,2018-6-20T19:11:7.28559
LuoJia1-01_LR201806219105_20180620191125_HDR_0024,local\LULO4\LuoJia1-01_LR201806219105_20180620191125_HDR_0024_meta.xml,local\LULO4\LuoJia1-01_LR201806219105_20180620191125_HDR_0024_gec.tif,hf://buckets/cbernegger/LULO4/LuoJia1-01_LR201806219105_20180620191125_HDR_0024_meta.xml,hf://buckets/cbernegger/LULO4/LuoJia1-01_LR201806219105_20180620191125_HDR_0024_gec.tif,36.849318,46.776703,41.631696,49.544306,39.385824,48.225429,2018-6-20T19:11:12.2898
LuoJia1-01_LR201806219105_20180620191130_HDR_0025,local\LULO4\LuoJia1-01_LR201806219105_20180620191130_HDR_0025_meta.xml,local\LULO4\LuoJia1-01_LR201806219105_20180620191130_HDR_0025_gec.tif,hf://buckets/cbernegger/LULO4/LuoJia1-01_LR201806219105_20180620191130_HDR_0025_meta.xml,hf://buckets/cbernegger/LULO4/LuoJia1-01_LR201806219105_20180620191130_HDR_0025_gec.tif,36.702587,47.075297,41.510672,49.84426,39.253423,48.524689,2018-6-20T19:11:17.2953
LuoJia1-01_LR201806219105_20180620191135_HDR_0026,local\LULO4\LuoJia1-01_LR201806219105_20180620191135_HDR_0026_meta.xml,local\LULO4\LuoJia1-01_LR201806219105_20180620191135_HDR_0026_gec.tif,hf://buckets/cbernegger/LULO4/LuoJia1-01_LR201806219105_20180620191135_HDR_0026_meta.xml,hf://buckets/cbernegger/LULO4/LuoJia1-01_LR201806219105_20180620191135_HDR_0026_gec.tif,36.556985,47.375063,41.396361,50.145883,39.124964,48.825043,2018-6-20T19:11:22.3002
LuoJia1-01_LR201806219105_20180620191140_HDR_0027,local\LULO4\LuoJia1-01_LR201806219105_20180620191140_HDR_0027_meta.xml,local\LULO4\LuoJia1-01_LR201806219105_20180620191140_HDR_0027_gec.tif,hf://buckets/cbernegger/LULO4/LuoJia1-01_LR201806219105_20180620191140_HDR_0027_meta.xml,hf://buckets/cbernegger/LULO4/LuoJia1-01_LR201806219105_20180620191140_HDR_0027_gec.tif,36.408888,47.671687,41.28274,50.447254,38.995339,49.124075,2018-6-20T19:11:27.3050
LuoJia1-01_LR201806219105_20180620191145_HDR_0028,local\LULO4\LuoJia1-01_LR201806219105_20180620191145_HDR_0028_meta.xml,local\LULO4\LuoJia1-01_LR201806219105_20180620191145_HDR_0028_gec.tif,hf://buckets/cbernegger/LULO4/LuoJia1-01_LR201806219105_20180620191145_HDR_0028_meta.xml,hf://buckets/cbernegger/LULO4/LuoJia1-01_LR201806219105_20180620191145_HDR_0028_gec.tif,36.260241,47.967848,41.167365,50.74652,38.864448,49.421984,2018-6-20T19:11:32.3099
LuoJia1-01_LR201806219105_20180620191150_HDR_0029,local\LULO4\LuoJia1-01_LR201806219105_20180620191150_HDR_0029_meta.xml,local\LULO4\LuoJia1-01_LR201806219105_20180620191150_HDR_0029_gec.tif,hf://buckets/cbernegger/LULO4/LuoJia1-01_LR201806219105_20180620191150_HDR_0029_meta.xml,hf://buckets/cbernegger/LULO4/LuoJia1-01_LR201806219105_20180620191150_HDR_0029_gec.tif,36.110462,48.263946,41.050773,51.045437,38.732051,49.719541,2018-6-20T19:11:37.3148
LuoJia1-01_LR201806219105_20180620191155_HDR_0030,local\LULO4\LuoJia1-01_LR201806219105_20180620191155_HDR_0030_meta.xml,local\LULO4\LuoJia1-01_LR201806219105_20180620191155_HDR_0030_gec.tif,hf://buckets/cbernegger/LULO4/LuoJia1-01_LR201806219105_20180620191155_HDR_0030_meta.xml,hf://buckets/cbernegger/LULO4/LuoJia1-01_LR201806219105_20180620191155_HDR_0030_gec.tif,35.967214,48.560354,40.934055,51.343886,38.603787,50.017054,2018-6-20T19:11:42.3196
LuoJia1-01_LR201806219105_20180620191200_HDR_0031,local\LULO4\LuoJia1-01_LR201806219105_20180620191200_HDR_0031_meta.xml,local\LULO4\LuoJia1-01_LR201806219105_20180620191200_HDR_0031_gec.tif,hf://buckets/cbernegger/LULO4/LuoJia1-01_LR201806219105_20180620191200_HDR_0031_meta.xml,hf://buckets/cbernegger/LULO4/LuoJia1-01_LR201806219105_20180620191200_HDR_0031_gec.tif,35.813836,48.854063,40.82316,51.642192,38.472601,50.313206,2018-6-20T19:11:47.3245
LuoJia1-01_LR201806219105_20180620191205_HDR_0032,local\LULO4\LuoJia1-01_LR201806219105_20180620191205_HDR_0032_meta.xml,local\LULO4\LuoJia1-01_LR201806219105_20180620191205_HDR_0032_gec.tif,hf://buckets/cbernegger/LULO4/LuoJia1-01_LR201806219105_20180620191205_HDR_0032_meta.xml,hf://buckets/cbernegger/LULO4/LuoJia1-01_LR201806219105_20180620191205_HDR_0032_gec.tif,35.650706,49.14952,40.703088,51.93872,38.332397,50.609836,2018-6-20T19:11:52.3294
LuoJia1-01_LR201806219105_20180620191210_HDR_0033,local\LULO4\LuoJia1-01_LR201806219105_20180620191210_HDR_0033_meta.xml,local\LULO4\LuoJia1-01_LR201806219105_20180620191210_HDR_0033_gec.tif,hf://buckets/cbernegger/LULO4/LuoJia1-01_LR201806219105_20180620191210_HDR_0033_meta.xml,hf://buckets/cbernegger/LULO4/LuoJia1-01_LR201806219105_20180620191210_HDR_0033_gec.tif,35.491523,49.447181,40.577138,52.237954,38.191935,50.908408,2018-6-20T19:11:57.3343
LuoJia1-01_LR201806219105_20180620191215_HDR_0034,local\LULO4\LuoJia1-01_LR201806219105_20180620191215_HDR_0034_meta.xml,local\LULO4\LuoJia1-01_LR201806219105_20180620191215_HDR_0034_gec.tif,hf://buckets/cbernegger/LULO4/LuoJia1-01_LR201806219105_20180620191215_HDR_0034_meta.xml,hf://buckets/cbernegger/LULO4/LuoJia1-01_LR201806219105_20180620191215_HDR_0034_gec.tif,35.329516,49.744149,40.454559,52.538319,38.0516,51.207018,2018-6-20T19:12:2.33823
LuoJia1-01_LR201806287870_20180623201934_HDR_0000,local\LULO4\LuoJia1-01_LR201806287870_20180623201934_HDR_0000_meta.xml,local\LULO4\LuoJia1-01_LR201806287870_20180623201934_HDR_0000_gec.tif,hf://buckets/cbernegger/LULO4/LuoJia1-01_LR201806287870_20180623201934_HDR_0000_meta.xml,hf://buckets/cbernegger/LULO4/LuoJia1-01_LR201806287870_20180623201934_HDR_0000_gec.tif,22.839919,34.068746,26.958088,36.927214,25.077991,35.599894,2018-6-23T20:19:22.1286
LuoJia1-01_LR201806287870_20180623202045_HDR_0014,local\LULO4\LuoJia1-01_LR201806287870_20180623202045_HDR_0014_meta.xml,local\LULO4\LuoJia1-01_LR201806287870_20180623202045_HDR_0014_gec.tif,hf://buckets/cbernegger/LULO4/LuoJia1-01_LR201806287870_20180623202045_HDR_0014_meta.xml,hf://buckets/cbernegger/LULO4/LuoJia1-01_LR201806287870_20180623202045_HDR_0014_gec.tif,21.396709,38.285832,25.671811,41.240171,23.703266,39.856935,2018-6-23T20:20:32.1967
LuoJia1-01_LR201806287870_20180623202105_HDR_0018,local\LULO4\LuoJia1-01_LR201806287870_20180623202105_HDR_0018_meta.xml,local\LULO4\LuoJia1-01_LR201806287870_20180623202105_HDR_0018_gec.tif,hf://buckets/cbernegger/LULO4/LuoJia1-01_LR201806287870_20180623202105_HDR_0018_meta.xml,hf://buckets/cbernegger/LULO4/LuoJia1-01_LR201806287870_20180623202105_HDR_0018_gec.tif,21.19903,38.806773,25.412858,41.914314,23.445037,40.517451,2018-6-23T20:20:52.2161
LuoJia1-01_LR201806287870_20180623202114_HDR_0020,local\LULO4\LuoJia1-01_LR201806287870_20180623202114_HDR_0020_meta.xml,local\LULO4\LuoJia1-01_LR201806287870_20180623202114_HDR_0020_gec.tif,hf://buckets/cbernegger/LULO4/LuoJia1-01_LR201806287870_20180623202114_HDR_0020_meta.xml,hf://buckets/cbernegger/LULO4/LuoJia1-01_LR201806287870_20180623202114_HDR_0020_gec.tif,21.119174,39.024414,25.315666,42.180409,23.330832,40.783071,2018-6-23T20:21:2.22592
LuoJia1-01_LR201806287870_20180623202120_HDR_0021,local\LULO4\LuoJia1-01_LR201806287870_20180623202120_HDR_0021_meta.xml,local\LULO4\LuoJia1-01_LR201806287870_20180623202120_HDR_0021_gec.tif,hf://buckets/cbernegger/LULO4/LuoJia1-01_LR201806287870_20180623202120_HDR_0021_meta.xml,hf://buckets/cbernegger/LULO4/LuoJia1-01_LR201806287870_20180623202120_HDR_0021_gec.tif,21.031601,39.225857,25.301132,42.330983,23.274575,40.964702,2018-6-23T20:21:7.23079
LuoJia1-01_LR201806287870_20180623202125_HDR_0022,local\LULO4\LuoJia1-01_LR201806287870_20180623202125_HDR_0022_meta.xml,local\LULO4\LuoJia1-01_LR201806287870_20180623202125_HDR_0022_gec.tif,hf://buckets/cbernegger/LULO4/LuoJia1-01_LR201806287870_20180623202125_HDR_0022_meta.xml,hf://buckets/cbernegger/LULO4/LuoJia1-01_LR201806287870_20180623202125_HDR_0022_gec.tif,20.899775,39.500617,25.236155,42.559847,23.167493,41.226128,2018-6-23T20:21:12.2356
LuoJia1-01_LR201806287870_20180623202130_HDR_0023,local\LULO4\LuoJia1-01_LR201806287870_20180623202130_HDR_0023_meta.xml,local\LULO4\LuoJia1-01_LR201806287870_20180623202130_HDR_0023_gec.tif,hf://buckets/cbernegger/LULO4/LuoJia1-01_LR201806287870_20180623202130_HDR_0023_meta.xml,hf://buckets/cbernegger/LULO4/LuoJia1-01_LR201806287870_20180623202130_HDR_0023_gec.tif,20.826088,39.700208,25.127266,42.851173,23.074467,41.481107,2018-6-23T20:21:17.2405
LuoJia1-01_LR201806287870_20180623202135_HDR_0024,local\LULO4\LuoJia1-01_LR201806287870_20180623202135_HDR_0024_meta.xml,local\LULO4\LuoJia1-01_LR201806287870_20180623202135_HDR_0024_gec.tif,hf://buckets/cbernegger/LULO4/LuoJia1-01_LR201806287870_20180623202135_HDR_0024_meta.xml,hf://buckets/cbernegger/LULO4/LuoJia1-01_LR201806287870_20180623202135_HDR_0024_gec.tif,20.810637,39.820526,25.069296,43.073174,23.026064,41.663399,2018-6-23T20:21:22.2445
LuoJia1-01_LR201806287870_20180623202145_HDR_0026,local\LULO4\LuoJia1-01_LR201806287870_20180623202145_HDR_0026_meta.xml,local\LULO4\LuoJia1-01_LR201806287870_20180623202145_HDR_0026_gec.tif,hf://buckets/cbernegger/LULO4/LuoJia1-01_LR201806287870_20180623202145_HDR_0026_meta.xml,hf://buckets/cbernegger/LULO4/LuoJia1-01_LR201806287870_20180623202145_HDR_0026_gec.tif,20.514597,40.403717,25.007384,43.427236,22.844878,42.13094,2018-6-23T20:21:32.2551
LuoJia1-01_LR201806287870_20180623202155_HDR_0028,local\LULO4\LuoJia1-01_LR201806287870_20180623202155_HDR_0028_meta.xml,local\LULO4\LuoJia1-01_LR201806287870_20180623202155_HDR_0028_gec.tif,hf://buckets/cbernegger/LULO4/LuoJia1-01_LR201806287870_20180623202155_HDR_0028_meta.xml,hf://buckets/cbernegger/LULO4/LuoJia1-01_LR201806287870_20180623202155_HDR_0028_gec.tif,20.259469,40.996426,24.670294,44.181173,22.553175,42.810601,2018-6-23T20:21:42.2648
LuoJia1-01_LR201806287870_20180623202200_HDR_0029,local\LULO4\LuoJia1-01_LR201806287870_20180623202200_HDR_0029_meta.xml,local\LULO4\LuoJia1-01_LR201806287870_20180623202200_HDR_0029_gec.tif,hf://buckets/cbernegger/LULO4/LuoJia1-01_LR201806287870_20180623202200_HDR_0029_meta.xml,hf://buckets/cbernegger/LULO4/LuoJia1-01_LR201806287870_20180623202200_HDR_0029_gec.tif,20.233798,41.134659,24.607056,44.429898,22.499899,43.013516,2018-6-23T20:21:47.2697
LuoJia1-01_LR201806287870_20180623202220_HDR_0033,local\LULO4\LuoJia1-01_LR201806287870_20180623202220_HDR_0033_meta.xml,local\LULO4\LuoJia1-01_LR201806287870_20180623202220_HDR_0033_gec.tif,hf://buckets/cbernegger/LULO4/LuoJia1-01_LR201806287870_20180623202220_HDR_0033_meta.xml,hf://buckets/cbernegger/LULO4/LuoJia1-01_LR201806287870_20180623202220_HDR_0033_gec.tif,19.612087,42.438422,24.162463,45.628899,21.977389,44.261468,2018-6-23T20:22:7.28926
LuoJia1-01_LR201806287870_20180623202225_HDR_0034,local\LULO4\LuoJia1-01_LR201806287870_20180623202225_HDR_0034_meta.xml,local\LULO4\LuoJia1-01_LR201806287870_20180623202225_HDR_0034_gec.tif,hf://buckets/cbernegger/LULO4/LuoJia1-01_LR201806287870_20180623202225_HDR_0034_meta.xml,hf://buckets/cbernegger/LULO4/LuoJia1-01_LR201806287870_20180623202225_HDR_0034_gec.tif,19.584436,42.592808,24.089446,45.901871,21.916851,44.486149,2018-6-23T20:22:12.2941
LuoJia1-01_LR201806287870_20180623202235_HDR_0036,local\LULO4\LuoJia1-01_LR201806287870_20180623202235_HDR_0036_meta.xml,local\LULO4\LuoJia1-01_LR201806287870_20180623202235_HDR_0036_gec.tif,hf://buckets/cbernegger/LULO4/LuoJia1-01_LR201806287870_20180623202235_HDR_0036_meta.xml,hf://buckets/cbernegger/LULO4/LuoJia1-01_LR201806287870_20180623202235_HDR_0036_gec.tif,19.288866,43.17429,24.037883,46.264678,21.74185,44.947988,2018-6-23T20:22:22.3038
LuoJia1-01_LR201806287870_20180623202245_HDR_0038,local\LULO4\LuoJia1-01_LR201806287870_20180623202245_HDR_0038_meta.xml,local\LULO4\LuoJia1-01_LR201806287870_20180623202245_HDR_0038_gec.tif,hf://buckets/cbernegger/LULO4/LuoJia1-01_LR201806287870_20180623202245_HDR_0038_meta.xml,hf://buckets/cbernegger/LULO4/LuoJia1-01_LR201806287870_20180623202245_HDR_0038_gec.tif,18.914191,43.929651,23.633754,47.102045,21.367096,45.74353,2018-6-23T20:22:32.3136
LuoJia1-01_LR201806287870_20180623202250_HDR_0039,local\LULO4\LuoJia1-01_LR201806287870_20180623202250_HDR_0039_meta.xml,local\LULO4\LuoJia1-01_LR201806287870_20180623202250_HDR_0039_gec.tif,hf://buckets/cbernegger/LULO4/LuoJia1-01_LR201806287870_20180623202250_HDR_0039_meta.xml,hf://buckets/cbernegger/LULO4/LuoJia1-01_LR201806287870_20180623202250_HDR_0039_gec.tif,18.873365,44.118189,23.532389,47.407434,21.287431,45.997784,2018-6-23T20:22:37.3185
LuoJia1-01_LR201806287870_20180623202310_HDR_0043,local\LULO4\LuoJia1-01_LR201806287870_20180623202310_HDR_0043_meta.xml,local\LULO4\LuoJia1-01_LR201806287870_20180623202310_HDR_0043_gec.tif,hf://buckets/cbernegger/LULO4/LuoJia1-01_LR201806287870_20180623202310_HDR_0043_meta.xml,hf://buckets/cbernegger/LULO4/LuoJia1-01_LR201806287870_20180623202310_HDR_0043_gec.tif,18.178179,45.421754,23.096287,48.559135,20.73679,47.221466,2018-6-23T20:22:57.3380
LuoJia1-01_LR201806287870_20180623202315_HDR_0044,local\LULO4\LuoJia1-01_LR201806287870_20180623202315_HDR_0044_meta.xml,local\LULO4\LuoJia1-01_LR201806287870_20180623202315_HDR_0044_gec.tif,hf://buckets/cbernegger/LULO4/LuoJia1-01_LR201806287870_20180623202315_HDR_0044_meta.xml,hf://buckets/cbernegger/LULO4/LuoJia1-01_LR201806287870_20180623202315_HDR_0044_gec.tif,18.094492,45.642732,22.951262,48.917424,20.618669,47.517256,2018-6-23T20:23:2.34290
LuoJia1-01_LR201806287870_20180623202320_HDR_0045,local\LULO4\LuoJia1-01_LR201806287870_20180623202320_HDR_0045_meta.xml,local\LULO4\LuoJia1-01_LR201806287870_20180623202320_HDR_0045_gec.tif,hf://buckets/cbernegger/LULO4/LuoJia1-01_LR201806287870_20180623202320_HDR_0045_meta.xml,hf://buckets/cbernegger/LULO4/LuoJia1-01_LR201806287870_20180623202320_HDR_0045_gec.tif,18.057492,45.776556,22.886845,49.159129,20.55921,47.711226,2018-6-23T20:23:7.34778
LuoJia1-01_LR201806287870_20180623202335_HDR_0048,local\LULO4\LuoJia1-01_LR201806287870_20180623202335_HDR_0048_meta.xml,local\LULO4\LuoJia1-01_LR201806287870_20180623202335_HDR_0048_gec.tif,hf://buckets/cbernegger/LULO4/LuoJia1-01_LR201806287870_20180623202335_HDR_0048_meta.xml,hf://buckets/cbernegger/LULO4/LuoJia1-01_LR201806287870_20180623202335_HDR_0048_gec.tif,17.435948,46.914695,22.52632,50.051859,20.084974,48.713944,2018-6-23T20:23:22.3624
LuoJia1-01_LR201806287870_20180623202340_HDR_0049,local\LULO4\LuoJia1-01_LR201806287870_20180623202340_HDR_0049_meta.xml,local\LULO4\LuoJia1-01_LR201806287870_20180623202340_HDR_0049_gec.tif,hf://buckets/cbernegger/LULO4/LuoJia1-01_LR201806287870_20180623202340_HDR_0049_meta.xml,hf://buckets/cbernegger/LULO4/LuoJia1-01_LR201806287870_20180623202340_HDR_0049_gec.tif,17.343518,47.162971,22.371858,50.423725,19.959883,49.02988,2018-6-23T20:23:27.3668
LuoJia1-01_LR201806287870_20180623202355_HDR_0052,local\LULO4\LuoJia1-01_LR201806287870_20180623202355_HDR_0052_meta.xml,local\LULO4\LuoJia1-01_LR201806287870_20180623202355_HDR_0052_gec.tif,hf://buckets/cbernegger/LULO4/LuoJia1-01_LR201806287870_20180623202355_HDR_0052_meta.xml,hf://buckets/cbernegger/LULO4/LuoJia1-01_LR201806287870_20180623202355_HDR_0052_gec.tif,16.89578,47.9684,22.212525,51.081475,19.65114,49.760219,2018-6-23T20:23:42.3819
LuoJia1-01_LR201806299406_20180622213334_HDR_0000,local\LULO4\LuoJia1-01_LR201806299406_20180622213334_HDR_0000_meta.xml,local\LULO4\LuoJia1-01_LR201806299406_20180622213334_HDR_0000_gec.tif,hf://buckets/cbernegger/LULO4/LuoJia1-01_LR201806299406_20180622213334_HDR_0000_meta.xml,hf://buckets/cbernegger/LULO4/LuoJia1-01_LR201806299406_20180622213334_HDR_0000_gec.tif,4.154751,35.11753,8.247471,37.92386,6.373528,36.623316,2018-6-22T21:33:22.1687
LuoJia1-01_LR201806299406_20180622213339_HDR_0001,local\LULO4\LuoJia1-01_LR201806299406_20180622213339_HDR_0001_meta.xml,local\LULO4\LuoJia1-01_LR201806299406_20180622213339_HDR_0001_gec.tif,hf://buckets/cbernegger/LULO4/LuoJia1-01_LR201806299406_20180622213339_HDR_0001_meta.xml,hf://buckets/cbernegger/LULO4/LuoJia1-01_LR201806299406_20180622213339_HDR_0001_gec.tif,4.053742,35.414654,8.157777,38.227213,6.278462,36.922873,2018-6-22T21:33:27.1735
LuoJia1-01_LR201806299406_20180622213344_HDR_0002,local\LULO4\LuoJia1-01_LR201806299406_20180622213344_HDR_0002_meta.xml,local\LULO4\LuoJia1-01_LR201806299406_20180622213344_HDR_0002_gec.tif,hf://buckets/cbernegger/LULO4/LuoJia1-01_LR201806299406_20180622213344_HDR_0002_meta.xml,hf://buckets/cbernegger/LULO4/LuoJia1-01_LR201806299406_20180622213344_HDR_0002_gec.tif,3.947367,35.715229,8.072353,38.526082,6.183024,37.221871,2018-6-22T21:33:32.1784
LuoJia1-01_LR201806299406_20180622213349_HDR_0003,local\LULO4\LuoJia1-01_LR201806299406_20180622213349_HDR_0003_meta.xml,local\LULO4\LuoJia1-01_LR201806299406_20180622213349_HDR_0003_gec.tif,hf://buckets/cbernegger/LULO4/LuoJia1-01_LR201806299406_20180622213349_HDR_0003_meta.xml,hf://buckets/cbernegger/LULO4/LuoJia1-01_LR201806299406_20180622213349_HDR_0003_gec.tif,3.837458,36.01977,7.983858,38.827554,6.08589,37.525437,2018-6-22T21:33:37.1833
LuoJia1-01_LR201806299406_20180622213510_HDR_0019,local\LULO4\LuoJia1-01_LR201806299406_20180622213510_HDR_0019_meta.xml,local\LULO4\LuoJia1-01_LR201806299406_20180622213510_HDR_0019_gec.tif,hf://buckets/cbernegger/LULO4/LuoJia1-01_LR201806299406_20180622213510_HDR_0019_meta.xml,hf://buckets/cbernegger/LULO4/LuoJia1-01_LR201806299406_20180622213510_HDR_0019_gec.tif,1.983072,40.810331,6.481649,43.657387,4.424801,42.339793,2018-6-22T21:34:57.2611
LuoJia1-01_LR201806299406_20180622213520_HDR_0021,local\LULO4\LuoJia1-01_LR201806299406_20180622213520_HDR_0021_meta.xml,local\LULO4\LuoJia1-01_LR201806299406_20180622213520_HDR_0021_gec.tif,hf://buckets/cbernegger/LULO4/LuoJia1-01_LR201806299406_20180622213520_HDR_0021_meta.xml,hf://buckets/cbernegger/LULO4/LuoJia1-01_LR201806299406_20180622213520_HDR_0021_gec.tif,1.729591,41.414297,6.277554,44.261178,4.199667,42.944422,2018-6-22T21:35:7.27087
LuoJia1-01_LR201806299406_20180622213525_HDR_0022,local\LULO4\LuoJia1-01_LR201806299406_20180622213525_HDR_0022_meta.xml,local\LULO4\LuoJia1-01_LR201806299406_20180622213525_HDR_0022_gec.tif,hf://buckets/cbernegger/LULO4/LuoJia1-01_LR201806299406_20180622213525_HDR_0022_meta.xml,hf://buckets/cbernegger/LULO4/LuoJia1-01_LR201806299406_20180622213525_HDR_0022_gec.tif,1.601711,41.709925,6.175689,44.56631,4.085655,43.244663,2018-6-22T21:35:12.2757
LuoJia1-01_LR201806299406_20180622213530_HDR_0023,local\LULO4\LuoJia1-01_LR201806299406_20180622213530_HDR_0023_meta.xml,local\LULO4\LuoJia1-01_LR201806299406_20180622213530_HDR_0023_gec.tif,hf://buckets/cbernegger/LULO4/LuoJia1-01_LR201806299406_20180622213530_HDR_0023_meta.xml,hf://buckets/cbernegger/LULO4/LuoJia1-01_LR201806299406_20180622213530_HDR_0023_gec.tif,1.481421,42.013021,6.07331,44.865231,3.975592,43.54452,2018-6-22T21:35:17.2806
LuoJia1-01_LR201806299406_20180622213535_HDR_0024,local\LULO4\LuoJia1-01_LR201806299406_20180622213535_HDR_0024_meta.xml,local\LULO4\LuoJia1-01_LR201806299406_20180622213535_HDR_0024_gec.tif,hf://buckets/cbernegger/LULO4/LuoJia1-01_LR201806299406_20180622213535_HDR_0024_meta.xml,hf://buckets/cbernegger/LULO4/LuoJia1-01_LR201806299406_20180622213535_HDR_0024_gec.tif,1.353332,42.319956,5.977348,45.170078,3.866382,43.849419,2018-6-22T21:35:22.2854
LuoJia1-01_LR201806299406_20180622213540_HDR_0025,local\LULO4\LuoJia1-01_LR201806299406_20180622213540_HDR_0025_meta.xml,local\LULO4\LuoJia1-01_LR201806299406_20180622213540_HDR_0025_gec.tif,hf://buckets/cbernegger/LULO4/LuoJia1-01_LR201806299406_20180622213540_HDR_0025_meta.xml,hf://buckets/cbernegger/LULO4/LuoJia1-01_LR201806299406_20180622213540_HDR_0025_gec.tif,1.216987,42.617371,5.875494,45.476928,3.750477,44.151879,2018-6-22T21:35:27.2903
LuoJia1-01_LR201806299406_20180622213545_HDR_0026,local\LULO4\LuoJia1-01_LR201806299406_20180622213545_HDR_0026_meta.xml,local\LULO4\LuoJia1-01_LR201806299406_20180622213545_HDR_0026_gec.tif,hf://buckets/cbernegger/LULO4/LuoJia1-01_LR201806299406_20180622213545_HDR_0026_meta.xml,hf://buckets/cbernegger/LULO4/LuoJia1-01_LR201806299406_20180622213545_HDR_0026_gec.tif,1.078347,42.912188,5.766125,45.777319,3.630834,44.451017,2018-6-22T21:35:32.2943
LuoJia1-01_LR201806299406_20180622213550_HDR_0027,local\LULO4\LuoJia1-01_LR201806299406_20180622213550_HDR_0027_meta.xml,local\LULO4\LuoJia1-01_LR201806299406_20180622213550_HDR_0027_gec.tif,hf://buckets/cbernegger/LULO4/LuoJia1-01_LR201806299406_20180622213550_HDR_0027_meta.xml,hf://buckets/cbernegger/LULO4/LuoJia1-01_LR201806299406_20180622213550_HDR_0027_gec.tif,0.952739,43.208839,5.655896,46.076982,3.514594,44.749507,2018-6-22T21:35:37.3001
LuoJia1-01_LR201806299406_20180622213555_HDR_0028,local\LULO4\LuoJia1-01_LR201806299406_20180622213555_HDR_0028_meta.xml,local\LULO4\LuoJia1-01_LR201806299406_20180622213555_HDR_0028_gec.tif,hf://buckets/cbernegger/LULO4/LuoJia1-01_LR201806299406_20180622213555_HDR_0028_meta.xml,hf://buckets/cbernegger/LULO4/LuoJia1-01_LR201806299406_20180622213555_HDR_0028_gec.tif,0.820888,43.504612,5.556482,46.376311,3.398743,45.047121,2018-6-22T21:35:42.3049
LuoJia1-01_LR201806299406_20180622213600_HDR_0029,local\LULO4\LuoJia1-01_LR201806299406_20180622213600_HDR_0029_meta.xml,local\LULO4\LuoJia1-01_LR201806299406_20180622213600_HDR_0029_gec.tif,hf://buckets/cbernegger/LULO4/LuoJia1-01_LR201806299406_20180622213600_HDR_0029_meta.xml,hf://buckets/cbernegger/LULO4/LuoJia1-01_LR201806299406_20180622213600_HDR_0029_gec.tif,0.687105,43.800839,5.451911,46.675102,3.279298,45.343932,2018-6-22T21:35:47.3098
LuoJia1-01_LR201806299406_20180622213605_HDR_0030,local\LULO4\LuoJia1-01_LR201806299406_20180622213605_HDR_0030_meta.xml,local\LULO4\LuoJia1-01_LR201806299406_20180622213605_HDR_0030_gec.tif,hf://buckets/cbernegger/LULO4/LuoJia1-01_LR201806299406_20180622213605_HDR_0030_meta.xml,hf://buckets/cbernegger/LULO4/LuoJia1-01_LR201806299406_20180622213605_HDR_0030_gec.tif,0.545428,44.098869,5.34565,46.973174,3.156662,45.642394,2018-6-22T21:35:52.3147
LuoJia1-01_LR201806299406_20180622213610_HDR_0031,local\LULO4\LuoJia1-01_LR201806299406_20180622213610_HDR_0031_meta.xml,local\LULO4\LuoJia1-01_LR201806299406_20180622213610_HDR_0031_gec.tif,hf://buckets/cbernegger/LULO4/LuoJia1-01_LR201806299406_20180622213610_HDR_0031_meta.xml,hf://buckets/cbernegger/LULO4/LuoJia1-01_LR201806299406_20180622213610_HDR_0031_gec.tif,0.403957,44.399652,5.234084,47.274395,3.032881,45.943994,2018-6-22T21:35:57.3195
LuoJia1-01_LR201806299406_20180622213615_HDR_0032,local\LULO4\LuoJia1-01_LR201806299406_20180622213615_HDR_0032_meta.xml,local\LULO4\LuoJia1-01_LR201806299406_20180622213615_HDR_0032_gec.tif,hf://buckets/cbernegger/LULO4/LuoJia1-01_LR201806299406_20180622213615_HDR_0032_meta.xml,hf://buckets/cbernegger/LULO4/LuoJia1-01_LR201806299406_20180622213615_HDR_0032_gec.tif,0.263505,44.694381,5.122838,47.578006,2.908915,46.242965,2018-6-22T21:36:2.32447
LuoJia1-01_LR201806299406_20180622213620_HDR_0033,local\LULO4\LuoJia1-01_LR201806299406_20180622213620_HDR_0033_meta.xml,local\LULO4\LuoJia1-01_LR201806299406_20180622213620_HDR_0033_gec.tif,hf://buckets/cbernegger/LULO4/LuoJia1-01_LR201806299406_20180622213620_HDR_0033_meta.xml,hf://buckets/cbernegger/LULO4/LuoJia1-01_LR201806299406_20180622213620_HDR_0033_gec.tif,0.11563,44.986434,5.013149,47.876173,2.780804,46.538477,2018-6-22T21:36:7.32934
LuoJia1-01_LR201806299406_20180622213625_HDR_0034,local\LULO4\LuoJia1-01_LR201806299406_20180622213625_HDR_0034_meta.xml,local\LULO4\LuoJia1-01_LR201806299406_20180622213625_HDR_0034_gec.tif,hf://buckets/cbernegger/LULO4/LuoJia1-01_LR201806299406_20180622213625_HDR_0034_meta.xml,hf://buckets/cbernegger/LULO4/LuoJia1-01_LR201806299406_20180622213625_HDR_0034_gec.tif,-0.028502,45.282021,4.896644,48.172587,2.651762,46.834464,2018-6-22T21:36:12.3342
LuoJia1-01_LR201806299406_20180622213635_HDR_0036,local\LULO4\LuoJia1-01_LR201806299406_20180622213635_HDR_0036_meta.xml,local\LULO4\LuoJia1-01_LR201806299406_20180622213635_HDR_0036_gec.tif,hf://buckets/cbernegger/LULO4/LuoJia1-01_LR201806299406_20180622213635_HDR_0036_meta.xml,hf://buckets/cbernegger/LULO4/LuoJia1-01_LR201806299406_20180622213635_HDR_0036_gec.tif,-0.319375,45.875705,4.66982,48.772504,2.396574,47.431759,2018-6-22T21:36:22.3439
LuoJia1-01_LR201806299406_20180622213640_HDR_0037,local\LULO4\LuoJia1-01_LR201806299406_20180622213640_HDR_0037_meta.xml,local\LULO4\LuoJia1-01_LR201806299406_20180622213640_HDR_0037_gec.tif,hf://buckets/cbernegger/LULO4/LuoJia1-01_LR201806299406_20180622213640_HDR_0037_meta.xml,hf://buckets/cbernegger/LULO4/LuoJia1-01_LR201806299406_20180622213640_HDR_0037_gec.tif,-0.475792,46.171076,4.55391,49.070646,2.26153,47.728899,2018-6-22T21:36:27.3488
LuoJia1-01_LR201806299406_20180622213655_HDR_0040,local\LULO4\LuoJia1-01_LR201806299406_20180622213655_HDR_0040_meta.xml,local\LULO4\LuoJia1-01_LR201806299406_20180622213655_HDR_0040_gec.tif,hf://buckets/cbernegger/LULO4/LuoJia1-01_LR201806299406_20180622213655_HDR_0040_meta.xml,hf://buckets/cbernegger/LULO4/LuoJia1-01_LR201806299406_20180622213655_HDR_0040_gec.tif,-0.904638,47.066601,4.206972,49.972492,1.87882,48.626917,2018-6-22T21:36:42.3634
LuoJia1-01_LR201806299406_20180622213700_HDR_0041,local\LULO4\LuoJia1-01_LR201806299406_20180622213700_HDR_0041_meta.xml,local\LULO4\LuoJia1-01_LR201806299406_20180622213700_HDR_0041_gec.tif,hf://buckets/cbernegger/LULO4/LuoJia1-01_LR201806299406_20180622213700_HDR_0041_meta.xml,hf://buckets/cbernegger/LULO4/LuoJia1-01_LR201806299406_20180622213700_HDR_0041_gec.tif,-1.065638,47.361178,4.09565,50.270669,1.744658,48.924197,2018-6-22T21:36:47.3683
LuoJia1-01_LR201806299406_20180622213705_HDR_0042,local\LULO4\LuoJia1-01_LR201806299406_20180622213705_HDR_0042_meta.xml,local\LULO4\LuoJia1-01_LR201806299406_20180622213705_HDR_0042_gec.tif,hf://buckets/cbernegger/LULO4/LuoJia1-01_LR201806299406_20180622213705_HDR_0042_meta.xml,hf://buckets/cbernegger/LULO4/LuoJia1-01_LR201806299406_20180622213705_HDR_0042_gec.tif,-1.223459,47.654304,3.971107,50.569338,1.605799,49.220488,2018-6-22T21:36:52.3732
LuoJia1-01_LR201806299406_20180622213710_HDR_0043,local\LULO4\LuoJia1-01_LR201806299406_20180622213710_HDR_0043_meta.xml,local\LULO4\LuoJia1-01_LR201806299406_20180622213710_HDR_0043_gec.tif,hf://buckets/cbernegger/LULO4/LuoJia1-01_LR201806299406_20180622213710_HDR_0043_meta.xml,hf://buckets/cbernegger/LULO4/LuoJia1-01_LR201806299406_20180622213710_HDR_0043_gec.tif,-1.38393,47.947534,3.849316,50.866739,1.466101,49.515581,2018-6-22T21:36:57.3781
LuoJia1-01_LR201806299406_20180622213715_HDR_0044,local\LULO4\LuoJia1-01_LR201806299406_20180622213715_HDR_0044_meta.xml,local\LULO4\LuoJia1-01_LR201806299406_20180622213715_HDR_0044_gec.tif,hf://buckets/cbernegger/LULO4/LuoJia1-01_LR201806299406_20180622213715_HDR_0044_meta.xml,hf://buckets/cbernegger/LULO4/LuoJia1-01_LR201806299406_20180622213715_HDR_0044_gec.tif,-1.54053,48.24952,3.724923,51.163807,1.328018,49.814842,2018-6-22T21:37:2.38299
LuoJia1-01_LR201806299406_20180622213720_HDR_0045,local\LULO4\LuoJia1-01_LR201806299406_20180622213720_HDR_0045_meta.xml,local\LULO4\LuoJia1-01_LR201806299406_20180622213720_HDR_0045_gec.tif,hf://buckets/cbernegger/LULO4/LuoJia1-01_LR201806299406_20180622213720_HDR_0045_meta.xml,hf://buckets/cbernegger/LULO4/LuoJia1-01_LR201806299406_20180622213720_HDR_0045_gec.tif,-1.704389,48.54987,3.603809,51.467217,1.186866,50.116896,2018-6-22T21:37:7.38786
LuoJia1-01_LR201806299406_20180622213725_HDR_0046,local\LULO4\LuoJia1-01_LR201806299406_20180622213725_HDR_0046_meta.xml,local\LULO4\LuoJia1-01_LR201806299406_20180622213725_HDR_0046_gec.tif,hf://buckets/cbernegger/LULO4/LuoJia1-01_LR201806299406_20180622213725_HDR_0046_meta.xml,hf://buckets/cbernegger/LULO4/LuoJia1-01_LR201806299406_20180622213725_HDR_0046_gec.tif,-1.869939,48.843036,3.476487,51.76988,1.042438,50.41494,2018-6-22T21:37:12.3927
LuoJia1-01_LR201806299406_20180622213730_HDR_0047,local\LULO4\LuoJia1-01_LR201806299406_20180622213730_HDR_0047_meta.xml,local\LULO4\LuoJia1-01_LR201806299406_20180622213730_HDR_0047_gec.tif,hf://buckets/cbernegger/LULO4/LuoJia1-01_LR201806299406_20180622213730_HDR_0047_meta.xml,hf://buckets/cbernegger/LULO4/LuoJia1-01_LR201806299406_20180622213730_HDR_0047_gec.tif,-2.0372,49.136687,3.348957,52.067321,0.897723,50.710448,2018-6-22T21:37:17.3976
LuoJia1-01_LR201806299406_20180622213735_HDR_0048,local\LULO4\LuoJia1-01_LR201806299406_20180622213735_HDR_0048_meta.xml,local\LULO4\LuoJia1-01_LR201806299406_20180622213735_HDR_0048_gec.tif,hf://buckets/cbernegger/LULO4/LuoJia1-01_LR201806299406_20180622213735_HDR_0048_meta.xml,hf://buckets/cbernegger/LULO4/LuoJia1-01_LR201806299406_20180622213735_HDR_0048_gec.tif,-2.211559,49.431763,3.220643,52.364713,0.748303,51.007712,2018-6-22T21:37:22.4025
LuoJia1-01_LR201806299406_20180622213740_HDR_0049,local\LULO4\LuoJia1-01_LR201806299406_20180622213740_HDR_0049_meta.xml,local\LULO4\LuoJia1-01_LR201806299406_20180622213740_HDR_0049_gec.tif,hf://buckets/cbernegger/LULO4/LuoJia1-01_LR201806299406_20180622213740_HDR_0049_meta.xml,hf://buckets/cbernegger/LULO4/LuoJia1-01_LR201806299406_20180622213740_HDR_0049_gec.tif,-2.376179,49.722176,3.086824,52.66361,0.601774,51.302154,2018-6-22T21:37:27.4065
LuoJia1-01_LR201806304569_20180629210539_HDR_0001,local\LULO4\LuoJia1-01_LR201806304569_20180629210539_HDR_0001_meta.xml,local\LULO4\LuoJia1-01_LR201806304569_20180629210539_HDR_0001_gec.tif,hf://buckets/cbernegger/LULO4/LuoJia1-01_LR201806304569_20180629210539_HDR_0001_meta.xml,hf://buckets/cbernegger/LULO4/LuoJia1-01_LR201806304569_20180629210539_HDR_0001_gec.tif,11.460065,34.543097,15.373806,37.653939,13.509332,36.2804,2018-6-29T21:5:27.18216
LuoJia1-01_LR201806304569_20180629210554_HDR_0004,local\LULO4\LuoJia1-01_LR201806304569_20180629210554_HDR_0004_meta.xml,local\LULO4\LuoJia1-01_LR201806304569_20180629210554_HDR_0004_gec.tif,hf://buckets/cbernegger/LULO4/LuoJia1-01_LR201806304569_20180629210554_HDR_0004_meta.xml,hf://buckets/cbernegger/LULO4/LuoJia1-01_LR201806304569_20180629210554_HDR_0004_gec.tif,11.146004,35.331224,15.158904,38.367908,13.239062,37.045891,2018-6-29T21:5:42.19674
LuoJia1-01_LR201806304569_20180629210604_HDR_0006,local\LULO4\LuoJia1-01_LR201806304569_20180629210604_HDR_0006_meta.xml,local\LULO4\LuoJia1-01_LR201806304569_20180629210604_HDR_0006_gec.tif,hf://buckets/cbernegger/LULO4/LuoJia1-01_LR201806304569_20180629210604_HDR_0006_meta.xml,hf://buckets/cbernegger/LULO4/LuoJia1-01_LR201806304569_20180629210604_HDR_0006_gec.tif,11.050071,35.673284,15.028946,38.830854,13.12511,37.435175,2018-6-29T21:5:52.20646
LuoJia1-01_LR201806304569_20180629210609_HDR_0007,local\LULO4\LuoJia1-01_LR201806304569_20180629210609_HDR_0007_meta.xml,local\LULO4\LuoJia1-01_LR201806304569_20180629210609_HDR_0007_gec.tif,hf://buckets/cbernegger/LULO4/LuoJia1-01_LR201806304569_20180629210609_HDR_0007_meta.xml,hf://buckets/cbernegger/LULO4/LuoJia1-01_LR201806304569_20180629210609_HDR_0007_gec.tif,10.884796,36.050561,14.975854,39.042105,13.010841,37.745359,2018-6-29T21:5:57.21132
LuoJia1-01_LR201806304569_20180629210614_HDR_0008,local\LULO4\LuoJia1-01_LR201806304569_20180629210614_HDR_0008_meta.xml,local\LULO4\LuoJia1-01_LR201806304569_20180629210614_HDR_0008_gec.tif,hf://buckets/cbernegger/LULO4/LuoJia1-01_LR201806304569_20180629210614_HDR_0008_meta.xml,hf://buckets/cbernegger/LULO4/LuoJia1-01_LR201806304569_20180629210614_HDR_0008_gec.tif,10.704751,36.452973,14.840664,39.406014,12.856711,38.134467,2018-6-29T21:6:2.216182
LuoJia1-01_LR201806304569_20180629210620_HDR_0009,local\LULO4\LuoJia1-01_LR201806304569_20180629210620_HDR_0009_meta.xml,local\LULO4\LuoJia1-01_LR201806304569_20180629210620_HDR_0009_gec.tif,hf://buckets/cbernegger/LULO4/LuoJia1-01_LR201806304569_20180629210620_HDR_0009_meta.xml,hf://buckets/cbernegger/LULO4/LuoJia1-01_LR201806304569_20180629210620_HDR_0009_gec.tif,10.609722,36.716334,14.695323,39.790178,12.736572,38.461404,2018-6-29T21:6:7.221045
LuoJia1-01_LR201806304569_20180629210635_HDR_0012,local\LULO4\LuoJia1-01_LR201806304569_20180629210635_HDR_0012_meta.xml,local\LULO4\LuoJia1-01_LR201806304569_20180629210635_HDR_0012_gec.tif,hf://buckets/cbernegger/LULO4/LuoJia1-01_LR201806304569_20180629210635_HDR_0012_meta.xml,hf://buckets/cbernegger/LULO4/LuoJia1-01_LR201806304569_20180629210635_HDR_0012_gec.tif,10.312985,37.485229,14.531216,40.448491,12.498612,39.180189,2018-6-29T21:6:22.23465
LuoJia1-01_LR201806304569_20180629210640_HDR_0013,local\LULO4\LuoJia1-01_LR201806304569_20180629210640_HDR_0013_meta.xml,local\LULO4\LuoJia1-01_LR201806304569_20180629210640_HDR_0013_gec.tif,hf://buckets/cbernegger/LULO4/LuoJia1-01_LR201806304569_20180629210640_HDR_0013_meta.xml,hf://buckets/cbernegger/LULO4/LuoJia1-01_LR201806304569_20180629210640_HDR_0013_gec.tif,10.136817,37.899203,14.363924,40.869598,12.336138,39.594923,2018-6-29T21:6:27.24050
LuoJia1-01_LR201806304569_20180629210649_HDR_0015,local\LULO4\LuoJia1-01_LR201806304569_20180629210649_HDR_0015_meta.xml,local\LULO4\LuoJia1-01_LR201806304569_20180629210649_HDR_0015_gec.tif,hf://buckets/cbernegger/LULO4/LuoJia1-01_LR201806304569_20180629210649_HDR_0015_meta.xml,hf://buckets/cbernegger/LULO4/LuoJia1-01_LR201806304569_20180629210649_HDR_0015_gec.tif,10.009517,38.343211,14.154788,41.535564,12.158565,40.161534,2018-6-29T21:6:37.25023
LuoJia1-01_LR201806304569_20180629210700_HDR_0017,local\LULO4\LuoJia1-01_LR201806304569_20180629210700_HDR_0017_meta.xml,local\LULO4\LuoJia1-01_LR201806304569_20180629210700_HDR_0017_gec.tif,hf://buckets/cbernegger/LULO4/LuoJia1-01_LR201806304569_20180629210700_HDR_0017_meta.xml,hf://buckets/cbernegger/LULO4/LuoJia1-01_LR201806304569_20180629210700_HDR_0017_gec.tif,9.737603,38.964948,14.06494,41.939543,11.979778,40.667404,2018-6-29T21:6:47.25996
LuoJia1-01_LR201806304569_20180629210705_HDR_0018,local\LULO4\LuoJia1-01_LR201806304569_20180629210705_HDR_0018_meta.xml,local\LULO4\LuoJia1-01_LR201806304569_20180629210705_HDR_0018_gec.tif,hf://buckets/cbernegger/LULO4/LuoJia1-01_LR201806304569_20180629210705_HDR_0018_meta.xml,hf://buckets/cbernegger/LULO4/LuoJia1-01_LR201806304569_20180629210705_HDR_0018_gec.tif,9.553824,39.386854,13.892145,42.365947,11.81131,41.089591,2018-6-29T21:6:52.26483
LuoJia1-01_LR201806304569_20180629210710_HDR_0019,local\LULO4\LuoJia1-01_LR201806304569_20180629210710_HDR_0019_meta.xml,local\LULO4\LuoJia1-01_LR201806304569_20180629210710_HDR_0019_gec.tif,hf://buckets/cbernegger/LULO4/LuoJia1-01_LR201806304569_20180629210710_HDR_0019_meta.xml,hf://buckets/cbernegger/LULO4/LuoJia1-01_LR201806304569_20180629210710_HDR_0019_gec.tif,9.45917,39.665041,13.748463,42.763726,11.691932,41.429609,2018-6-29T21:6:57.26970
LuoJia1-01_LR201806304569_20180629210715_HDR_0020,local\LULO4\LuoJia1-01_LR201806304569_20180629210715_HDR_0020_meta.xml,local\LULO4\LuoJia1-01_LR201806304569_20180629210715_HDR_0020_gec.tif,hf://buckets/cbernegger/LULO4/LuoJia1-01_LR201806304569_20180629210715_HDR_0020_meta.xml,hf://buckets/cbernegger/LULO4/LuoJia1-01_LR201806304569_20180629210715_HDR_0020_gec.tif,9.417847,39.831573,13.670129,43.047531,11.622534,41.664942,2018-6-29T21:7:2.274572
LuoJia1-01_LR201806304569_20180629210720_HDR_0021,local\LULO4\LuoJia1-01_LR201806304569_20180629210720_HDR_0021_meta.xml,local\LULO4\LuoJia1-01_LR201806304569_20180629210720_HDR_0021_gec.tif,hf://buckets/cbernegger/LULO4/LuoJia1-01_LR201806304569_20180629210720_HDR_0021_meta.xml,hf://buckets/cbernegger/LULO4/LuoJia1-01_LR201806304569_20180629210720_HDR_0021_gec.tif,9.383673,39.964727,13.630568,43.244923,11.579755,41.825116,2018-6-29T21:7:7.279443
LuoJia1-01_LR201806304569_20180629210725_HDR_0022,local\LULO4\LuoJia1-01_LR201806304569_20180629210725_HDR_0022_meta.xml,local\LULO4\LuoJia1-01_LR201806304569_20180629210725_HDR_0022_gec.tif,hf://buckets/cbernegger/LULO4/LuoJia1-01_LR201806304569_20180629210725_HDR_0022_meta.xml,hf://buckets/cbernegger/LULO4/LuoJia1-01_LR201806304569_20180629210725_HDR_0022_gec.tif,9.168336,40.414642,13.59449,43.420309,11.460528,42.134582,2018-6-29T21:7:12.28431
LuoJia1-01_LR201806304569_20180629210730_HDR_0023,local\LULO4\LuoJia1-01_LR201806304569_20180629210730_HDR_0023_meta.xml,local\LULO4\LuoJia1-01_LR201806304569_20180629210730_HDR_0023_gec.tif,hf://buckets/cbernegger/LULO4/LuoJia1-01_LR201806304569_20180629210730_HDR_0023_meta.xml,hf://buckets/cbernegger/LULO4/LuoJia1-01_LR201806304569_20180629210730_HDR_0023_gec.tif,8.954855,40.872013,13.428547,43.837497,11.282757,42.569633,2018-6-29T21:7:17.28918
LuoJia1-01_LR201806304569_20180629210735_HDR_0024,local\LULO4\LuoJia1-01_LR201806304569_20180629210735_HDR_0024_meta.xml,local\LULO4\LuoJia1-01_LR201806304569_20180629210735_HDR_0024_gec.tif,hf://buckets/cbernegger/LULO4/LuoJia1-01_LR201806304569_20180629210735_HDR_0024_meta.xml,hf://buckets/cbernegger/LULO4/LuoJia1-01_LR201806304569_20180629210735_HDR_0024_gec.tif,8.8269,41.178321,13.26295,44.262908,11.139635,42.936794,2018-6-29T21:7:22.29323
LuoJia1-01_LR201806304569_20180629210740_HDR_0025,local\LULO4\LuoJia1-01_LR201806304569_20180629210740_HDR_0025_meta.xml,local\LULO4\LuoJia1-01_LR201806304569_20180629210740_HDR_0025_gec.tif,hf://buckets/cbernegger/LULO4/LuoJia1-01_LR201806304569_20180629210740_HDR_0025_meta.xml,hf://buckets/cbernegger/LULO4/LuoJia1-01_LR201806304569_20180629210740_HDR_0025_gec.tif,8.766333,41.361564,13.160527,44.570261,11.050906,43.191337,2018-6-29T21:7:27.29892
LuoJia1-01_LR201806304569_20180629210745_HDR_0026,local\LULO4\LuoJia1-01_LR201806304569_20180629210745_HDR_0026_meta.xml,local\LULO4\LuoJia1-01_LR201806304569_20180629210745_HDR_0026_gec.tif,hf://buckets/cbernegger/LULO4/LuoJia1-01_LR201806304569_20180629210745_HDR_0026_meta.xml,hf://buckets/cbernegger/LULO4/LuoJia1-01_LR201806304569_20180629210745_HDR_0026_gec.tif,8.725231,41.499501,13.107081,44.78121,10.999656,43.362806,2018-6-29T21:7:32.30379
LuoJia1-01_LR201806304569_20180629210750_HDR_0027,local\LULO4\LuoJia1-01_LR201806304569_20180629210750_HDR_0027_meta.xml,local\LULO4\LuoJia1-01_LR201806304569_20180629210750_HDR_0027_gec.tif,hf://buckets/cbernegger/LULO4/LuoJia1-01_LR201806304569_20180629210750_HDR_0027_meta.xml,hf://buckets/cbernegger/LULO4/LuoJia1-01_LR201806304569_20180629210750_HDR_0027_gec.tif,8.535988,41.894968,13.069622,44.959506,10.88817,43.641998,2018-6-29T21:7:37.30867
LuoJia1-01_LR201806304569_20180629210755_HDR_0028,local\LULO4\LuoJia1-01_LR201806304569_20180629210755_HDR_0028_meta.xml,local\LULO4\LuoJia1-01_LR201806304569_20180629210755_HDR_0028_gec.tif,hf://buckets/cbernegger/LULO4/LuoJia1-01_LR201806304569_20180629210755_HDR_0028_meta.xml,hf://buckets/cbernegger/LULO4/LuoJia1-01_LR201806304569_20180629210755_HDR_0028_gec.tif,8.304642,42.35125,12.919891,45.330699,10.708338,44.057323,2018-6-29T21:7:42.31354
LuoJia1-01_LR201806304569_20180629210800_HDR_0029,local\LULO4\LuoJia1-01_LR201806304569_20180629210800_HDR_0029_meta.xml,local\LULO4\LuoJia1-01_LR201806304569_20180629210800_HDR_0029_gec.tif,hf://buckets/cbernegger/LULO4/LuoJia1-01_LR201806304569_20180629210800_HDR_0029_meta.xml,hf://buckets/cbernegger/LULO4/LuoJia1-01_LR201806304569_20180629210800_HDR_0029_gec.tif,8.167352,42.66908,12.740186,45.757494,10.552957,44.431666,2018-6-29T21:7:47.31841
LuoJia1-01_LR201806304569_20180629210805_HDR_0030,local\LULO4\LuoJia1-01_LR201806304569_20180629210805_HDR_0030_meta.xml,local\LULO4\LuoJia1-01_LR201806304569_20180629210805_HDR_0030_gec.tif,hf://buckets/cbernegger/LULO4/LuoJia1-01_LR201806304569_20180629210805_HDR_0030_meta.xml,hf://buckets/cbernegger/LULO4/LuoJia1-01_LR201806304569_20180629210805_HDR_0030_gec.tif,8.112451,42.862956,12.631034,46.076793,10.459481,44.694994,2018-6-29T21:7:52.32329
LuoJia1-01_LR201806304569_20180629210810_HDR_0031,local\LULO4\LuoJia1-01_LR201806304569_20180629210810_HDR_0031_meta.xml,local\LULO4\LuoJia1-01_LR201806304569_20180629210810_HDR_0031_gec.tif,hf://buckets/cbernegger/LULO4/LuoJia1-01_LR201806304569_20180629210810_HDR_0031_meta.xml,hf://buckets/cbernegger/LULO4/LuoJia1-01_LR201806304569_20180629210810_HDR_0031_gec.tif,8.07401,42.998164,12.577433,46.295205,10.406823,44.872218,2018-6-29T21:7:57.32816
LuoJia1-01_LR201806304569_20180629210815_HDR_0032,local\LULO4\LuoJia1-01_LR201806304569_20180629210815_HDR_0032_meta.xml,local\LULO4\LuoJia1-01_LR201806304569_20180629210815_HDR_0032_gec.tif,hf://buckets/cbernegger/LULO4/LuoJia1-01_LR201806304569_20180629210815_HDR_0032_meta.xml,hf://buckets/cbernegger/LULO4/LuoJia1-01_LR201806304569_20180629210815_HDR_0032_gec.tif,7.913253,43.324839,12.540696,46.471657,10.307014,45.1176,2018-6-29T21:8:2.333037
LuoJia1-01_LR201806304569_20180629210820_HDR_0033,local\LULO4\LuoJia1-01_LR201806304569_20180629210820_HDR_0033_meta.xml,local\LULO4\LuoJia1-01_LR201806304569_20180629210820_HDR_0033_gec.tif,hf://buckets/cbernegger/LULO4/LuoJia1-01_LR201806304569_20180629210820_HDR_0033_meta.xml,hf://buckets/cbernegger/LULO4/LuoJia1-01_LR201806304569_20180629210820_HDR_0033_gec.tif,7.650405,43.813044,12.408541,46.796294,10.121366,45.52435,2018-6-29T21:8:7.337913
LuoJia1-01_LR201806304569_20180629210830_HDR_0035,local\LULO4\LuoJia1-01_LR201806304569_20180629210830_HDR_0035_meta.xml,local\LULO4\LuoJia1-01_LR201806304569_20180629210830_HDR_0035_gec.tif,hf://buckets/cbernegger/LULO4/LuoJia1-01_LR201806304569_20180629210830_HDR_0035_meta.xml,hf://buckets/cbernegger/LULO4/LuoJia1-01_LR201806304569_20180629210830_HDR_0035_gec.tif,7.394309,44.385882,12.080665,47.586282,9.838642,46.212009,2018-6-29T21:8:17.34766
LuoJia1-01_LR201806304569_20180629210835_HDR_0036,local\LULO4\LuoJia1-01_LR201806304569_20180629210835_HDR_0036_meta.xml,local\LULO4\LuoJia1-01_LR201806304569_20180629210835_HDR_0036_gec.tif,hf://buckets/cbernegger/LULO4/LuoJia1-01_LR201806304569_20180629210835_HDR_0036_meta.xml,hf://buckets/cbernegger/LULO4/LuoJia1-01_LR201806304569_20180629210835_HDR_0036_gec.tif,7.346521,44.543297,12.011679,47.824063,9.7805,46.411248,2018-6-29T21:8:22.35254
LuoJia1-01_LR201806304569_20180629210840_HDR_0037,local\LULO4\LuoJia1-01_LR201806304569_20180629210840_HDR_0037_meta.xml,local\LULO4\LuoJia1-01_LR201806304569_20180629210840_HDR_0037_gec.tif,hf://buckets/cbernegger/LULO4/LuoJia1-01_LR201806304569_20180629210840_HDR_0037_meta.xml,hf://buckets/cbernegger/LULO4/LuoJia1-01_LR201806304569_20180629210840_HDR_0037_gec.tif,7.180859,44.872621,11.969685,48.014558,9.675672,46.663628,2018-6-29T21:8:27.35741
LuoJia1-01_LR201806304569_20180629210845_HDR_0038,local\LULO4\LuoJia1-01_LR201806304569_20180629210845_HDR_0038_meta.xml,local\LULO4\LuoJia1-01_LR201806304569_20180629210845_HDR_0038_gec.tif,hf://buckets/cbernegger/LULO4/LuoJia1-01_LR201806304569_20180629210845_HDR_0038_meta.xml,hf://buckets/cbernegger/LULO4/LuoJia1-01_LR201806304569_20180629210845_HDR_0038_gec.tif,6.943956,45.338604,11.840928,48.341643,9.496483,47.058003,2018-6-29T21:8:32.36229
LuoJia1-01_LR201806304569_20180629210900_HDR_0041,local\LULO4\LuoJia1-01_LR201806304569_20180629210900_HDR_0041_meta.xml,local\LULO4\LuoJia1-01_LR201806304569_20180629210900_HDR_0041_gec.tif,hf://buckets/cbernegger/LULO4/LuoJia1-01_LR201806304569_20180629210900_HDR_0041_meta.xml,hf://buckets/cbernegger/LULO4/LuoJia1-01_LR201806304569_20180629210900_HDR_0041_gec.tif,6.653366,46.037281,11.467521,49.332255,9.158977,47.906199,2018-6-29T21:8:47.37692
LuoJia1-01_LR201806304569_20180629210905_HDR_0042,local\LULO4\LuoJia1-01_LR201806304569_20180629210905_HDR_0042_meta.xml,local\LULO4\LuoJia1-01_LR201806304569_20180629210905_HDR_0042_gec.tif,hf://buckets/cbernegger/LULO4/LuoJia1-01_LR201806304569_20180629210905_HDR_0042_meta.xml,hf://buckets/cbernegger/LULO4/LuoJia1-01_LR201806304569_20180629210905_HDR_0042_gec.tif,6.503359,46.30868,11.42896,49.513891,9.067267,48.125796,2018-6-29T21:8:52.38180
LuoJia1-01_LR201806304569_20180629210925_HDR_0046,local\LULO4\LuoJia1-01_LR201806304569_20180629210925_HDR_0046_meta.xml,local\LULO4\LuoJia1-01_LR201806304569_20180629210925_HDR_0046_gec.tif,hf://buckets/cbernegger/LULO4/LuoJia1-01_LR201806304569_20180629210925_HDR_0046_meta.xml,hf://buckets/cbernegger/LULO4/LuoJia1-01_LR201806304569_20180629210925_HDR_0046_gec.tif,5.868463,47.513707,10.861337,50.829539,8.46628,49.398813,2018-6-29T21:9:12.40131
LuoJia1-01_LR201806304569_20180629210950_HDR_0051,local\LULO4\LuoJia1-01_LR201806304569_20180629210950_HDR_0051_meta.xml,local\LULO4\LuoJia1-01_LR201806304569_20180629210950_HDR_0051_gec.tif,hf://buckets/cbernegger/LULO4/LuoJia1-01_LR201806304569_20180629210950_HDR_0051_meta.xml,hf://buckets/cbernegger/LULO4/LuoJia1-01_LR201806304569_20180629210950_HDR_0051_gec.tif,5.056162,49.020534,10.231495,52.348002,7.75325,50.913543,2018-6-29T21:9:37.42571
LuoJia1-01_LR201806304569_20180629211015_HDR_0056,local\LULO4\LuoJia1-01_LR201806304569_20180629211015_HDR_0056_meta.xml,local\LULO4\LuoJia1-01_LR201806304569_20180629211015_HDR_0056_gec.tif,hf://buckets/cbernegger/LULO4/LuoJia1-01_LR201806304569_20180629211015_HDR_0056_meta.xml,hf://buckets/cbernegger/LULO4/LuoJia1-01_LR201806304569_20180629211015_HDR_0056_gec.tif,4.173028,50.494083,9.561198,53.839996,6.980368,52.402174,2018-6-29T21:10:2.45012
LuoJia1-01_LR201806304569_20180629211020_HDR_0057,local\LULO4\LuoJia1-01_LR201806304569_20180629211020_HDR_0057_meta.xml,local\LULO4\LuoJia1-01_LR201806304569_20180629211020_HDR_0057_gec.tif,hf://buckets/cbernegger/LULO4/LuoJia1-01_LR201806304569_20180629211020_HDR_0057_meta.xml,hf://buckets/cbernegger/LULO4/LuoJia1-01_LR201806304569_20180629211020_HDR_0057_gec.tif,4.11987,50.594371,9.508174,54.026073,6.911645,52.560655,2018-6-29T21:10:7.45500
LuoJia1-01_LR201807117767_20180711030533_HDR_0001,local\LULO4\LuoJia1-01_LR201807117767_20180711030533_HDR_0001_meta.xml,local\LULO4\LuoJia1-01_LR201807117767_20180711030533_HDR_0001_gec.tif,hf://buckets/cbernegger/LULO4/LuoJia1-01_LR201807117767_20180711030533_HDR_0001_meta.xml,hf://buckets/cbernegger/LULO4/LuoJia1-01_LR201807117767_20180711030533_HDR_0001_gec.tif,-77.248037,34.81856,-73.500848,37.744217,-75.284555,36.3287,2018-7-11T3:5:21.117204
LuoJia1-01_LR201807117767_20180711030534_HDR_0002,local\LULO4\LuoJia1-01_LR201807117767_20180711030534_HDR_0002_meta.xml,local\LULO4\LuoJia1-01_LR201807117767_20180711030534_HDR_0002_gec.tif,hf://buckets/cbernegger/LULO4/LuoJia1-01_LR201807117767_20180711030534_HDR_0002_meta.xml,hf://buckets/cbernegger/LULO4/LuoJia1-01_LR201807117767_20180711030534_HDR_0002_gec.tif,-77.269267,34.878516,-73.518822,37.804505,-75.304088,36.388857,2018-7-11T3:5:22.118175
LuoJia1-01_LR201807117767_20180711030535_HDR_0003,local\LULO4\LuoJia1-01_LR201807117767_20180711030535_HDR_0003_meta.xml,local\LULO4\LuoJia1-01_LR201807117767_20180711030535_HDR_0003_gec.tif,hf://buckets/cbernegger/LULO4/LuoJia1-01_LR201807117767_20180711030535_HDR_0003_meta.xml,hf://buckets/cbernegger/LULO4/LuoJia1-01_LR201807117767_20180711030535_HDR_0003_gec.tif,-77.290369,34.938518,-73.536639,37.864822,-75.323189,36.449155,2018-7-11T3:5:23.119146
LuoJia1-01_LR201807117767_20180711030536_HDR_0004,local\LULO4\LuoJia1-01_LR201807117767_20180711030536_HDR_0004_meta.xml,local\LULO4\LuoJia1-01_LR201807117767_20180711030536_HDR_0004_gec.tif,hf://buckets/cbernegger/LULO4/LuoJia1-01_LR201807117767_20180711030536_HDR_0004_meta.xml,hf://buckets/cbernegger/LULO4/LuoJia1-01_LR201807117767_20180711030536_HDR_0004_gec.tif,-77.311915,34.998472,-73.554342,37.925172,-75.34264,36.509322,2018-7-11T3:5:24.120117
LuoJia1-01_LR201807117767_20180711030537_HDR_0005,local\LULO4\LuoJia1-01_LR201807117767_20180711030537_HDR_0005_meta.xml,local\LULO4\LuoJia1-01_LR201807117767_20180711030537_HDR_0005_gec.tif,hf://buckets/cbernegger/LULO4/LuoJia1-01_LR201807117767_20180711030537_HDR_0005_meta.xml,hf://buckets/cbernegger/LULO4/LuoJia1-01_LR201807117767_20180711030537_HDR_0005_gec.tif,-77.333729,35.058496,-73.572388,37.985528,-75.362355,36.56968,2018-7-11T3:5:25.121088
LuoJia1-01_LR201807117767_20180711030538_HDR_0006,local\LULO4\LuoJia1-01_LR201807117767_20180711030538_HDR_0006_meta.xml,local\LULO4\LuoJia1-01_LR201807117767_20180711030538_HDR_0006_gec.tif,hf://buckets/cbernegger/LULO4/LuoJia1-01_LR201807117767_20180711030538_HDR_0006_meta.xml,hf://buckets/cbernegger/LULO4/LuoJia1-01_LR201807117767_20180711030538_HDR_0006_gec.tif,-77.355633,35.11819,-73.590691,38.045888,-75.382313,36.629846,2018-7-11T3:5:26.121486
LuoJia1-01_LR201807117767_20180711030539_HDR_0007,local\LULO4\LuoJia1-01_LR201807117767_20180711030539_HDR_0007_meta.xml,local\LULO4\LuoJia1-01_LR201807117767_20180711030539_HDR_0007_gec.tif,hf://buckets/cbernegger/LULO4/LuoJia1-01_LR201807117767_20180711030539_HDR_0007_meta.xml,hf://buckets/cbernegger/LULO4/LuoJia1-01_LR201807117767_20180711030539_HDR_0007_gec.tif,-77.377619,35.177612,-73.609205,38.105978,-75.402326,36.689684,2018-7-11T3:5:27.123030
LuoJia1-01_LR201807117767_20180711030540_HDR_0008,local\LULO4\LuoJia1-01_LR201807117767_20180711030540_HDR_0008_meta.xml,local\LULO4\LuoJia1-01_LR201807117767_20180711030540_HDR_0008_gec.tif,hf://buckets/cbernegger/LULO4/LuoJia1-01_LR201807117767_20180711030540_HDR_0008_meta.xml,hf://buckets/cbernegger/LULO4/LuoJia1-01_LR201807117767_20180711030540_HDR_0008_gec.tif,-77.399987,35.237152,-73.627726,38.165746,-75.422422,36.749353,2018-7-11T3:5:28.124001
LuoJia1-01_LR201807117767_20180711030541_HDR_0009,local\LULO4\LuoJia1-01_LR201807117767_20180711030541_HDR_0009_meta.xml,local\LULO4\LuoJia1-01_LR201807117767_20180711030541_HDR_0009_gec.tif,hf://buckets/cbernegger/LULO4/LuoJia1-01_LR201807117767_20180711030541_HDR_0009_meta.xml,hf://buckets/cbernegger/LULO4/LuoJia1-01_LR201807117767_20180711030541_HDR_0009_gec.tif,-77.422434,35.297405,-73.646517,38.225801,-75.443169,36.809623,2018-7-11T3:5:29.124973
LuoJia1-01_LR201807117767_20180711030542_HDR_0010,local\LULO4\LuoJia1-01_LR201807117767_20180711030542_HDR_0010_meta.xml,local\LULO4\LuoJia1-01_LR201807117767_20180711030542_HDR_0010_gec.tif,hf://buckets/cbernegger/LULO4/LuoJia1-01_LR201807117767_20180711030542_HDR_0010_meta.xml,hf://buckets/cbernegger/LULO4/LuoJia1-01_LR201807117767_20180711030542_HDR_0010_gec.tif,-77.443409,35.35782,-73.665234,38.286485,-75.462886,36.870442,2018-7-11T3:5:30.125263
LuoJia1-01_LR201807117767_20180711030543_HDR_0011,local\LULO4\LuoJia1-01_LR201807117767_20180711030543_HDR_0011_meta.xml,local\LULO4\LuoJia1-01_LR201807117767_20180711030543_HDR_0011_gec.tif,hf://buckets/cbernegger/LULO4/LuoJia1-01_LR201807117767_20180711030543_HDR_0011_meta.xml,hf://buckets/cbernegger/LULO4/LuoJia1-01_LR201807117767_20180711030543_HDR_0011_gec.tif,-77.463577,35.418188,-73.682713,38.34735,-75.481256,36.930846,2018-7-11T3:5:31.126915
LuoJia1-01_LR201807117767_20180711030544_HDR_0012,local\LULO4\LuoJia1-01_LR201807117767_20180711030544_HDR_0012_meta.xml,local\LULO4\LuoJia1-01_LR201807117767_20180711030544_HDR_0012_gec.tif,hf://buckets/cbernegger/LULO4/LuoJia1-01_LR201807117767_20180711030544_HDR_0012_meta.xml,hf://buckets/cbernegger/LULO4/LuoJia1-01_LR201807117767_20180711030544_HDR_0012_gec.tif,-77.483325,35.479045,-73.699313,38.408012,-75.499434,36.99159,2018-7-11T3:5:32.127886
LuoJia1-01_LR201807117767_20180711030545_HDR_0013,local\LULO4\LuoJia1-01_LR201807117767_20180711030545_HDR_0013_meta.xml,local\LULO4\LuoJia1-01_LR201807117767_20180711030545_HDR_0013_gec.tif,hf://buckets/cbernegger/LULO4/LuoJia1-01_LR201807117767_20180711030545_HDR_0013_meta.xml,hf://buckets/cbernegger/LULO4/LuoJia1-01_LR201807117767_20180711030545_HDR_0013_gec.tif,-77.502756,35.539743,-73.715739,38.469124,-75.517227,37.052738,2018-7-11T3:5:33.128858
LuoJia1-01_LR201807117767_20180711030546_HDR_0014,local\LULO4\LuoJia1-01_LR201807117767_20180711030546_HDR_0014_meta.xml,local\LULO4\LuoJia1-01_LR201807117767_20180711030546_HDR_0014_gec.tif,hf://buckets/cbernegger/LULO4/LuoJia1-01_LR201807117767_20180711030546_HDR_0014_meta.xml,hf://buckets/cbernegger/LULO4/LuoJia1-01_LR201807117767_20180711030546_HDR_0014_gec.tif,-77.522179,35.599705,-73.731866,38.530146,-75.535003,37.113122,2018-7-11T3:5:34.129621
LuoJia1-01_LR201807117767_20180711030547_HDR_0015,local\LULO4\LuoJia1-01_LR201807117767_20180711030547_HDR_0015_meta.xml,local\LULO4\LuoJia1-01_LR201807117767_20180711030547_HDR_0015_gec.tif,hf://buckets/cbernegger/LULO4/LuoJia1-01_LR201807117767_20180711030547_HDR_0015_meta.xml,hf://buckets/cbernegger/LULO4/LuoJia1-01_LR201807117767_20180711030547_HDR_0015_gec.tif,-77.541854,35.65972,-73.747924,38.590525,-75.552653,37.173143,2018-7-11T3:5:35.130801
LuoJia1-01_LR201807117767_20180711030548_HDR_0016,local\LULO4\LuoJia1-01_LR201807117767_20180711030548_HDR_0016_meta.xml,local\LULO4\LuoJia1-01_LR201807117767_20180711030548_HDR_0016_gec.tif,hf://buckets/cbernegger/LULO4/LuoJia1-01_LR201807117767_20180711030548_HDR_0016_meta.xml,hf://buckets/cbernegger/LULO4/LuoJia1-01_LR201807117767_20180711030548_HDR_0016_gec.tif,-77.562179,35.720034,-73.764227,38.650906,-75.571,37.233633,2018-7-11T3:5:36.131772
LuoJia1-01_LR201807117767_20180711030549_HDR_0017,local\LULO4\LuoJia1-01_LR201807117767_20180711030549_HDR_0017_meta.xml,local\LULO4\LuoJia1-01_LR201807117767_20180711030549_HDR_0017_gec.tif,hf://buckets/cbernegger/LULO4/LuoJia1-01_LR201807117767_20180711030549_HDR_0017_meta.xml,hf://buckets/cbernegger/LULO4/LuoJia1-01_LR201807117767_20180711030549_HDR_0017_gec.tif,-77.582361,35.780452,-73.781103,38.711522,-75.589551,37.294034,2018-7-11T3:5:37.132743
LuoJia1-01_LR201807117767_20180711030550_HDR_0018,local\LULO4\LuoJia1-01_LR201807117767_20180711030550_HDR_0018_meta.xml,local\LULO4\LuoJia1-01_LR201807117767_20180711030550_HDR_0018_gec.tif,hf://buckets/cbernegger/LULO4/LuoJia1-01_LR201807117767_20180711030550_HDR_0018_meta.xml,hf://buckets/cbernegger/LULO4/LuoJia1-01_LR201807117767_20180711030550_HDR_0018_gec.tif,-77.602468,35.841131,-73.797972,38.772176,-75.607837,37.354769,2018-7-11T3:5:38.133715
LuoJia1-01_LR201807117767_20180711030551_HDR_0019,local\LULO4\LuoJia1-01_LR201807117767_20180711030551_HDR_0019_meta.xml,local\LULO4\LuoJia1-01_LR201807117767_20180711030551_HDR_0019_gec.tif,hf://buckets/cbernegger/LULO4/LuoJia1-01_LR201807117767_20180711030551_HDR_0019_meta.xml,hf://buckets/cbernegger/LULO4/LuoJia1-01_LR201807117767_20180711030551_HDR_0019_gec.tif,-77.622699,35.901615,-73.81483,38.832992,-75.626357,37.415478,2018-7-11T3:5:39.134687
LuoJia1-01_LR201807117767_20180711030552_HDR_0020,local\LULO4\LuoJia1-01_LR201807117767_20180711030552_HDR_0020_meta.xml,local\LULO4\LuoJia1-01_LR201807117767_20180711030552_HDR_0020_gec.tif,hf://buckets/cbernegger/LULO4/LuoJia1-01_LR201807117767_20180711030552_HDR_0020_meta.xml,hf://buckets/cbernegger/LULO4/LuoJia1-01_LR201807117767_20180711030552_HDR_0020_gec.tif,-77.643026,35.961825,-73.831964,38.893576,-75.645061,37.47586,2018-7-11T3:5:40.135658
LuoJia1-01_LR201807117767_20180711030553_HDR_0021,local\LULO4\LuoJia1-01_LR201807117767_20180711030553_HDR_0021_meta.xml,local\LULO4\LuoJia1-01_LR201807117767_20180711030553_HDR_0021_gec.tif,hf://buckets/cbernegger/LULO4/LuoJia1-01_LR201807117767_20180711030553_HDR_0021_meta.xml,hf://buckets/cbernegger/LULO4/LuoJia1-01_LR201807117767_20180711030553_HDR_0021_gec.tif,-77.663017,36.022043,-73.848918,38.953929,-75.663242,37.536118,2018-7-11T3:5:41.136630
LuoJia1-01_LR201807117767_20180711030554_HDR_0022,local\LULO4\LuoJia1-01_LR201807117767_20180711030554_HDR_0022_meta.xml,local\LULO4\LuoJia1-01_LR201807117767_20180711030554_HDR_0022_gec.tif,hf://buckets/cbernegger/LULO4/LuoJia1-01_LR201807117767_20180711030554_HDR_0022_meta.xml,hf://buckets/cbernegger/LULO4/LuoJia1-01_LR201807117767_20180711030554_HDR_0022_gec.tif,-77.683177,36.082207,-73.865673,39.014322,-75.68178,37.596516,2018-7-11T3:5:42.137601
LuoJia1-01_LR201807117767_20180711030555_HDR_0023,local\LULO4\LuoJia1-01_LR201807117767_20180711030555_HDR_0023_meta.xml,local\LULO4\LuoJia1-01_LR201807117767_20180711030555_HDR_0023_gec.tif,hf://buckets/cbernegger/LULO4/LuoJia1-01_LR201807117767_20180711030555_HDR_0023_meta.xml,hf://buckets/cbernegger/LULO4/LuoJia1-01_LR201807117767_20180711030555_HDR_0023_gec.tif,-77.703585,36.142113,-73.882648,39.074729,-75.700344,37.656699,2018-7-11T3:5:43.138573
LuoJia1-01_LR201807117767_20180711030556_HDR_0024,local\LULO4\LuoJia1-01_LR201807117767_20180711030556_HDR_0024_meta.xml,local\LULO4\LuoJia1-01_LR201807117767_20180711030556_HDR_0024_gec.tif,hf://buckets/cbernegger/LULO4/LuoJia1-01_LR201807117767_20180711030556_HDR_0024_meta.xml,hf://buckets/cbernegger/LULO4/LuoJia1-01_LR201807117767_20180711030556_HDR_0024_gec.tif,-77.723985,36.202312,-73.899573,39.134939,-75.718875,37.71671,2018-7-11T3:5:44.139545
LuoJia1-01_LR201807117767_20180711030557_HDR_0025,local\LULO4\LuoJia1-01_LR201807117767_20180711030557_HDR_0025_meta.xml,local\LULO4\LuoJia1-01_LR201807117767_20180711030557_HDR_0025_gec.tif,hf://buckets/cbernegger/LULO4/LuoJia1-01_LR201807117767_20180711030557_HDR_0025_meta.xml,hf://buckets/cbernegger/LULO4/LuoJia1-01_LR201807117767_20180711030557_HDR_0025_gec.tif,-77.744013,36.263066,-73.91649,39.195435,-75.737456,37.777515,2018-7-11T3:5:45.140516
LuoJia1-01_LR201807117767_20180711030558_HDR_0026,local\LULO4\LuoJia1-01_LR201807117767_20180711030558_HDR_0026_meta.xml,local\LULO4\LuoJia1-01_LR201807117767_20180711030558_HDR_0026_gec.tif,hf://buckets/cbernegger/LULO4/LuoJia1-01_LR201807117767_20180711030558_HDR_0026_meta.xml,hf://buckets/cbernegger/LULO4/LuoJia1-01_LR201807117767_20180711030558_HDR_0026_gec.tif,-77.764196,36.32384,-73.933168,39.2565,-75.755506,37.838435,2018-7-11T3:5:46.141488
LuoJia1-01_LR201807117767_20180711030559_HDR_0027,local\LULO4\LuoJia1-01_LR201807117767_20180711030559_HDR_0027_meta.xml,local\LULO4\LuoJia1-01_LR201807117767_20180711030559_HDR_0027_gec.tif,hf://buckets/cbernegger/LULO4/LuoJia1-01_LR201807117767_20180711030559_HDR_0027_meta.xml,hf://buckets/cbernegger/LULO4/LuoJia1-01_LR201807117767_20180711030559_HDR_0027_gec.tif,-77.784741,36.384379,-73.949774,39.317623,-75.77416,37.899338,2018-7-11T3:5:47.142460
LuoJia1-01_LR201807117767_20180711030600_HDR_0028,local\LULO4\LuoJia1-01_LR201807117767_20180711030600_HDR_0028_meta.xml,local\LULO4\LuoJia1-01_LR201807117767_20180711030600_HDR_0028_gec.tif,hf://buckets/cbernegger/LULO4/LuoJia1-01_LR201807117767_20180711030600_HDR_0028_meta.xml,hf://buckets/cbernegger/LULO4/LuoJia1-01_LR201807117767_20180711030600_HDR_0028_gec.tif,-77.805761,36.444793,-73.966938,39.378536,-75.79321,37.959844,2018-7-11T3:5:48.143432
LuoJia1-01_LR201807117767_20180711030601_HDR_0029,local\LULO4\LuoJia1-01_LR201807117767_20180711030601_HDR_0029_meta.xml,local\LULO4\LuoJia1-01_LR201807117767_20180711030601_HDR_0029_gec.tif,hf://buckets/cbernegger/LULO4/LuoJia1-01_LR201807117767_20180711030601_HDR_0029_meta.xml,hf://buckets/cbernegger/LULO4/LuoJia1-01_LR201807117767_20180711030601_HDR_0029_gec.tif,-77.826783,36.505299,-73.984375,39.439263,-75.812292,38.020579,2018-7-11T3:5:49.144404
LuoJia1-01_LR201807117767_20180711030602_HDR_0030,local\LULO4\LuoJia1-01_LR201807117767_20180711030602_HDR_0030_meta.xml,local\LULO4\LuoJia1-01_LR201807117767_20180711030602_HDR_0030_gec.tif,hf://buckets/cbernegger/LULO4/LuoJia1-01_LR201807117767_20180711030602_HDR_0030_meta.xml,hf://buckets/cbernegger/LULO4/LuoJia1-01_LR201807117767_20180711030602_HDR_0030_gec.tif,-77.847364,36.565801,-74.001781,39.499999,-75.831239,38.081093,2018-7-11T3:5:50.145375
LuoJia1-01_LR201807117767_20180711030603_HDR_0031,local\LULO4\LuoJia1-01_LR201807117767_20180711030603_HDR_0031_meta.xml,local\LULO4\LuoJia1-01_LR201807117767_20180711030603_HDR_0031_gec.tif,hf://buckets/cbernegger/LULO4/LuoJia1-01_LR201807117767_20180711030603_HDR_0031_meta.xml,hf://buckets/cbernegger/LULO4/LuoJia1-01_LR201807117767_20180711030603_HDR_0031_gec.tif,-77.86667,36.626464,-74.018817,39.560643,-75.849513,38.141759,2018-7-11T3:5:51.146347
LuoJia1-01_LR201807117767_20180711030604_HDR_0032,local\LULO4\LuoJia1-01_LR201807117767_20180711030604_HDR_0032_meta.xml,local\LULO4\LuoJia1-01_LR201807117767_20180711030604_HDR_0032_gec.tif,hf://buckets/cbernegger/LULO4/LuoJia1-01_LR201807117767_20180711030604_HDR_0032_meta.xml,hf://buckets/cbernegger/LULO4/LuoJia1-01_LR201807117767_20180711030604_HDR_0032_gec.tif,-77.884516,36.687066,-74.035166,39.621346,-75.867053,38.202423,2018-7-11T3:5:52.147319
LuoJia1-01_LR201807117767_20180711030605_HDR_0033,local\LULO4\LuoJia1-01_LR201807117767_20180711030605_HDR_0033_meta.xml,local\LULO4\LuoJia1-01_LR201807117767_20180711030605_HDR_0033_gec.tif,hf://buckets/cbernegger/LULO4/LuoJia1-01_LR201807117767_20180711030605_HDR_0033_meta.xml,hf://buckets/cbernegger/LULO4/LuoJia1-01_LR201807117767_20180711030605_HDR_0033_gec.tif,-77.906806,36.747544,-74.051367,39.682054,-75.885221,38.262968,2018-7-11T3:5:53.148291
LuoJia1-01_LR201807117767_20180711030606_HDR_0034,local\LULO4\LuoJia1-01_LR201807117767_20180711030606_HDR_0034_meta.xml,local\LULO4\LuoJia1-01_LR201807117767_20180711030606_HDR_0034_gec.tif,hf://buckets/cbernegger/LULO4/LuoJia1-01_LR201807117767_20180711030606_HDR_0034_meta.xml,hf://buckets/cbernegger/LULO4/LuoJia1-01_LR201807117767_20180711030606_HDR_0034_gec.tif,-77.928256,36.808116,-74.068327,39.742803,-75.904339,38.323647,2018-7-11T3:5:54.149263
LuoJia1-01_LR201807117767_20180711030607_HDR_0035,local\LULO4\LuoJia1-01_LR201807117767_20180711030607_HDR_0035_meta.xml,local\LULO4\LuoJia1-01_LR201807117767_20180711030607_HDR_0035_gec.tif,hf://buckets/cbernegger/LULO4/LuoJia1-01_LR201807117767_20180711030607_HDR_0035_meta.xml,hf://buckets/cbernegger/LULO4/LuoJia1-01_LR201807117767_20180711030607_HDR_0035_gec.tif,-77.949536,36.86853,-74.086164,39.80366,-75.924244,38.384393,2018-7-11T3:5:55.150235
LuoJia1-01_LR201807117767_20180711030608_HDR_0036,local\LULO4\LuoJia1-01_LR201807117767_20180711030608_HDR_0036_meta.xml,local\LULO4\LuoJia1-01_LR201807117767_20180711030608_HDR_0036_gec.tif,hf://buckets/cbernegger/LULO4/LuoJia1-01_LR201807117767_20180711030608_HDR_0036_meta.xml,hf://buckets/cbernegger/LULO4/LuoJia1-01_LR201807117767_20180711030608_HDR_0036_gec.tif,-77.970037,36.928897,-74.103974,39.864327,-75.943109,38.444724,2018-7-11T3:5:56.151158
LuoJia1-01_LR201807117767_20180711030609_HDR_0037,local\LULO4\LuoJia1-01_LR201807117767_20180711030609_HDR_0037_meta.xml,local\LULO4\LuoJia1-01_LR201807117767_20180711030609_HDR_0037_gec.tif,hf://buckets/cbernegger/LULO4/LuoJia1-01_LR201807117767_20180711030609_HDR_0037_meta.xml,hf://buckets/cbernegger/LULO4/LuoJia1-01_LR201807117767_20180711030609_HDR_0037_gec.tif,-77.990617,36.989279,-74.120877,39.924925,-75.961381,38.505401,2018-7-11T3:5:57.152179
LuoJia1-01_LR201807117767_20180711030610_HDR_0038,local\LULO4\LuoJia1-01_LR201807117767_20180711030610_HDR_0038_meta.xml,local\LULO4\LuoJia1-01_LR201807117767_20180711030610_HDR_0038_gec.tif,hf://buckets/cbernegger/LULO4/LuoJia1-01_LR201807117767_20180711030610_HDR_0038_meta.xml,hf://buckets/cbernegger/LULO4/LuoJia1-01_LR201807117767_20180711030610_HDR_0038_gec.tif,-78.012413,37.04935,-74.137877,39.985579,-75.980589,38.565697,2018-7-11T3:5:58.153151
LuoJia1-01_LR201807117767_20180711030611_HDR_0039,local\LULO4\LuoJia1-01_LR201807117767_20180711030611_HDR_0039_meta.xml,local\LULO4\LuoJia1-01_LR201807117767_20180711030611_HDR_0039_gec.tif,hf://buckets/cbernegger/LULO4/LuoJia1-01_LR201807117767_20180711030611_HDR_0039_meta.xml,hf://buckets/cbernegger/LULO4/LuoJia1-01_LR201807117767_20180711030611_HDR_0039_gec.tif,-78.035957,37.109898,-74.156069,40.045981,-76.001154,38.626024,2018-7-11T3:5:59.154124
LuoJia1-01_LR201807117767_20180711030612_HDR_0040,local\LULO4\LuoJia1-01_LR201807117767_20180711030612_HDR_0040_meta.xml,local\LULO4\LuoJia1-01_LR201807117767_20180711030612_HDR_0040_gec.tif,hf://buckets/cbernegger/LULO4/LuoJia1-01_LR201807117767_20180711030612_HDR_0040_meta.xml,hf://buckets/cbernegger/LULO4/LuoJia1-01_LR201807117767_20180711030612_HDR_0040_gec.tif,-78.061454,37.171213,-74.175943,40.10692,-76.023772,38.687413,2018-7-11T3:6:0.154823
LuoJia1-01_LR201807117767_20180711030613_HDR_0041,local\LULO4\LuoJia1-01_LR201807117767_20180711030613_HDR_0041_meta.xml,local\LULO4\LuoJia1-01_LR201807117767_20180711030613_HDR_0041_gec.tif,hf://buckets/cbernegger/LULO4/LuoJia1-01_LR201807117767_20180711030613_HDR_0041_meta.xml,hf://buckets/cbernegger/LULO4/LuoJia1-01_LR201807117767_20180711030613_HDR_0041_gec.tif,-78.084989,37.232746,-74.196593,40.16862,-76.045631,38.749146,2018-7-11T3:6:1.156068
LuoJia1-01_LR201807117767_20180711030614_HDR_0042,local\LULO4\LuoJia1-01_LR201807117767_20180711030614_HDR_0042_meta.xml,local\LULO4\LuoJia1-01_LR201807117767_20180711030614_HDR_0042_gec.tif,hf://buckets/cbernegger/LULO4/LuoJia1-01_LR201807117767_20180711030614_HDR_0042_meta.xml,hf://buckets/cbernegger/LULO4/LuoJia1-01_LR201807117767_20180711030614_HDR_0042_gec.tif,-78.107516,37.293984,-74.216241,40.230524,-76.06644,38.810768,2018-7-11T3:6:2.157040
LuoJia1-01_LR201807117767_20180711030615_HDR_0043,local\LULO4\LuoJia1-01_LR201807117767_20180711030615_HDR_0043_meta.xml,local\LULO4\LuoJia1-01_LR201807117767_20180711030615_HDR_0043_gec.tif,hf://buckets/cbernegger/LULO4/LuoJia1-01_LR201807117767_20180711030615_HDR_0043_meta.xml,hf://buckets/cbernegger/LULO4/LuoJia1-01_LR201807117767_20180711030615_HDR_0043_gec.tif,-78.128203,37.354764,-74.234624,40.291959,-76.085784,38.871804,2018-7-11T3:6:3.157361
LuoJia1-01_LR201807117767_20180711030616_HDR_0044,local\LULO4\LuoJia1-01_LR201807117767_20180711030616_HDR_0044_meta.xml,local\LULO4\LuoJia1-01_LR201807117767_20180711030616_HDR_0044_gec.tif,hf://buckets/cbernegger/LULO4/LuoJia1-01_LR201807117767_20180711030616_HDR_0044_meta.xml,hf://buckets/cbernegger/LULO4/LuoJia1-01_LR201807117767_20180711030616_HDR_0044_gec.tif,-78.149292,37.41549,-74.251991,40.353134,-76.104732,38.932754,2018-7-11T3:6:4.158550
LuoJia1-01_LR201807117767_20180711030617_HDR_0045,local\LULO4\LuoJia1-01_LR201807117767_20180711030617_HDR_0045_meta.xml,local\LULO4\LuoJia1-01_LR201807117767_20180711030617_HDR_0045_gec.tif,hf://buckets/cbernegger/LULO4/LuoJia1-01_LR201807117767_20180711030617_HDR_0045_meta.xml,hf://buckets/cbernegger/LULO4/LuoJia1-01_LR201807117767_20180711030617_HDR_0045_gec.tif,-78.169606,37.475806,-74.269071,40.414196,-76.12353,38.993406,2018-7-11T3:6:5.159023
LuoJia1-01_LR201807117767_20180711030618_HDR_0046,local\LULO4\LuoJia1-01_LR201807117767_20180711030618_HDR_0046_meta.xml,local\LULO4\LuoJia1-01_LR201807117767_20180711030618_HDR_0046_gec.tif,hf://buckets/cbernegger/LULO4/LuoJia1-01_LR201807117767_20180711030618_HDR_0046_meta.xml,hf://buckets/cbernegger/LULO4/LuoJia1-01_LR201807117767_20180711030618_HDR_0046_gec.tif,-78.188507,37.536189,-74.285964,40.474709,-76.142036,39.053744,2018-7-11T3:6:6.160929
LuoJia1-01_LR201807117767_20180711030619_HDR_0047,local\LULO4\LuoJia1-01_LR201807117767_20180711030619_HDR_0047_meta.xml,local\LULO4\LuoJia1-01_LR201807117767_20180711030619_HDR_0047_gec.tif,hf://buckets/cbernegger/LULO4/LuoJia1-01_LR201807117767_20180711030619_HDR_0047_meta.xml,hf://buckets/cbernegger/LULO4/LuoJia1-01_LR201807117767_20180711030619_HDR_0047_gec.tif,-78.209369,37.596821,-74.302619,40.535389,-76.16036,39.114367,2018-7-11T3:6:7.161902
LuoJia1-01_LR201807117767_20180711030620_HDR_0048,local\LULO4\LuoJia1-01_LR201807117767_20180711030620_HDR_0048_meta.xml,local\LULO4\LuoJia1-01_LR201807117767_20180711030620_HDR_0048_gec.tif,hf://buckets/cbernegger/LULO4/LuoJia1-01_LR201807117767_20180711030620_HDR_0048_meta.xml,hf://buckets/cbernegger/LULO4/LuoJia1-01_LR201807117767_20180711030620_HDR_0048_gec.tif,-78.229981,37.657123,-74.319485,40.596167,-76.179257,39.175143,2018-7-11T3:6:8.162874
LuoJia1-01_LR201807117767_20180711030621_HDR_0049,local\LULO4\LuoJia1-01_LR201807117767_20180711030621_HDR_0049_meta.xml,local\LULO4\LuoJia1-01_LR201807117767_20180711030621_HDR_0049_gec.tif,hf://buckets/cbernegger/LULO4/LuoJia1-01_LR201807117767_20180711030621_HDR_0049_meta.xml,hf://buckets/cbernegger/LULO4/LuoJia1-01_LR201807117767_20180711030621_HDR_0049_gec.tif,-78.250717,37.717321,-74.336504,40.656663,-76.197818,39.235122,2018-7-11T3:6:9.163144
LuoJia1-01_LR201807117767_20180711030622_HDR_0050,local\LULO4\LuoJia1-01_LR201807117767_20180711030622_HDR_0050_meta.xml,local\LULO4\LuoJia1-01_LR201807117767_20180711030622_HDR_0050_gec.tif,hf://buckets/cbernegger/LULO4/LuoJia1-01_LR201807117767_20180711030622_HDR_0050_meta.xml,hf://buckets/cbernegger/LULO4/LuoJia1-01_LR201807117767_20180711030622_HDR_0050_gec.tif,-78.27234,37.778111,-74.353775,40.717024,-76.217288,39.295966,2018-7-11T3:6:10.164819
LuoJia1-01_LR201807117767_20180711030623_HDR_0051,local\LULO4\LuoJia1-01_LR201807117767_20180711030623_HDR_0051_meta.xml,local\LULO4\LuoJia1-01_LR201807117767_20180711030623_HDR_0051_gec.tif,hf://buckets/cbernegger/LULO4/LuoJia1-01_LR201807117767_20180711030623_HDR_0051_meta.xml,hf://buckets/cbernegger/LULO4/LuoJia1-01_LR201807117767_20180711030623_HDR_0051_gec.tif,-78.291969,37.838722,-74.371272,40.778138,-76.236092,39.356709,2018-7-11T3:6:11.165791
LuoJia1-01_LR201807117767_20180711030624_HDR_0052,local\LULO4\LuoJia1-01_LR201807117767_20180711030624_HDR_0052_meta.xml,local\LULO4\LuoJia1-01_LR201807117767_20180711030624_HDR_0052_gec.tif,hf://buckets/cbernegger/LULO4/LuoJia1-01_LR201807117767_20180711030624_HDR_0052_meta.xml,hf://buckets/cbernegger/LULO4/LuoJia1-01_LR201807117767_20180711030624_HDR_0052_gec.tif,-78.313105,37.898856,-74.388347,40.838625,-76.254892,39.417141,2018-7-11T3:6:12.166764
LuoJia1-01_LR201807117767_20180711030625_HDR_0053,local\LULO4\LuoJia1-01_LR201807117767_20180711030625_HDR_0053_meta.xml,local\LULO4\LuoJia1-01_LR201807117767_20180711030625_HDR_0053_gec.tif,hf://buckets/cbernegger/LULO4/LuoJia1-01_LR201807117767_20180711030625_HDR_0053_meta.xml,hf://buckets/cbernegger/LULO4/LuoJia1-01_LR201807117767_20180711030625_HDR_0053_gec.tif,-78.33337,37.95886,-74.405336,40.899015,-76.273554,39.477281,2018-7-11T3:6:13.167736
LuoJia1-01_LR201807117767_20180711030626_HDR_0054,local\LULO4\LuoJia1-01_LR201807117767_20180711030626_HDR_0054_meta.xml,local\LULO4\LuoJia1-01_LR201807117767_20180711030626_HDR_0054_gec.tif,hf://buckets/cbernegger/LULO4/LuoJia1-01_LR201807117767_20180711030626_HDR_0054_meta.xml,hf://buckets/cbernegger/LULO4/LuoJia1-01_LR201807117767_20180711030626_HDR_0054_gec.tif,-78.356174,38.018491,-74.422558,40.959189,-76.292823,39.537593,2018-7-11T3:6:14.168709
LuoJia1-01_LR201807117767_20180711030627_HDR_0055,local\LULO4\LuoJia1-01_LR201807117767_20180711030627_HDR_0055_meta.xml,local\LULO4\LuoJia1-01_LR201807117767_20180711030627_HDR_0055_gec.tif,hf://buckets/cbernegger/LULO4/LuoJia1-01_LR201807117767_20180711030627_HDR_0055_meta.xml,hf://buckets/cbernegger/LULO4/LuoJia1-01_LR201807117767_20180711030627_HDR_0055_gec.tif,-78.375906,38.077735,-74.439932,41.019561,-76.311926,39.597034,2018-7-11T3:6:15.169681
LuoJia1-01_LR201807117767_20180711030628_HDR_0056,local\LULO4\LuoJia1-01_LR201807117767_20180711030628_HDR_0056_meta.xml,local\LULO4\LuoJia1-01_LR201807117767_20180711030628_HDR_0056_gec.tif,hf://buckets/cbernegger/LULO4/LuoJia1-01_LR201807117767_20180711030628_HDR_0056_meta.xml,hf://buckets/cbernegger/LULO4/LuoJia1-01_LR201807117767_20180711030628_HDR_0056_gec.tif,-78.397955,38.137433,-74.457112,41.079206,-76.330966,39.65688,2018-7-11T3:6:16.170654
LuoJia1-01_LR201807117767_20180711030629_HDR_0057,local\LULO4\LuoJia1-01_LR201807117767_20180711030629_HDR_0057_meta.xml,local\LULO4\LuoJia1-01_LR201807117767_20180711030629_HDR_0057_gec.tif,hf://buckets/cbernegger/LULO4/LuoJia1-01_LR201807117767_20180711030629_HDR_0057_meta.xml,hf://buckets/cbernegger/LULO4/LuoJia1-01_LR201807117767_20180711030629_HDR_0057_gec.tif,-78.418284,38.197001,-74.474442,41.13904,-76.349967,39.716702,2018-7-11T3:6:17.171627
LuoJia1-01_LR201807117767_20180711030630_HDR_0058,local\LULO4\LuoJia1-01_LR201807117767_20180711030630_HDR_0058_meta.xml,local\LULO4\LuoJia1-01_LR201807117767_20180711030630_HDR_0058_gec.tif,hf://buckets/cbernegger/LULO4/LuoJia1-01_LR201807117767_20180711030630_HDR_0058_meta.xml,hf://buckets/cbernegger/LULO4/LuoJia1-01_LR201807117767_20180711030630_HDR_0058_gec.tif,-78.438641,38.256624,-74.491792,41.198864,-76.369318,39.776488,2018-7-11T3:6:18.172600
LuoJia1-01_LR201807144680_20180713200735_HDR_0002,local\LULO4\LuoJia1-01_LR201807144680_20180713200735_HDR_0002_meta.xml,local\LULO4\LuoJia1-01_LR201807144680_20180713200735_HDR_0002_gec.tif,hf://buckets/cbernegger/LULO4/LuoJia1-01_LR201807144680_20180713200735_HDR_0002_meta.xml,hf://buckets/cbernegger/LULO4/LuoJia1-01_LR201807144680_20180713200735_HDR_0002_gec.tif,29.365818,29.3436,32.852466,32.055753,31.142752,30.69997,2018-7-13T20:7:22.23065
LuoJia1-01_LR201807144680_20180713200740_HDR_0003,local\LULO4\LuoJia1-01_LR201807144680_20180713200740_HDR_0003_meta.xml,local\LULO4\LuoJia1-01_LR201807144680_20180713200740_HDR_0003_gec.tif,hf://buckets/cbernegger/LULO4/LuoJia1-01_LR201807144680_20180713200740_HDR_0003_meta.xml,hf://buckets/cbernegger/LULO4/LuoJia1-01_LR201807144680_20180713200740_HDR_0003_gec.tif,29.355713,29.645827,32.834073,32.332509,31.12476,30.989063,2018-7-13T20:7:27.23551
LuoJia1-01_LR201807144680_20180713200750_HDR_0005,local\LULO4\LuoJia1-01_LR201807144680_20180713200750_HDR_0005_meta.xml,local\LULO4\LuoJia1-01_LR201807144680_20180713200750_HDR_0005_gec.tif,hf://buckets/cbernegger/LULO4/LuoJia1-01_LR201807144680_20180713200750_HDR_0005_meta.xml,hf://buckets/cbernegger/LULO4/LuoJia1-01_LR201807144680_20180713200750_HDR_0005_gec.tif,29.254135,30.249347,32.763855,32.901805,31.036143,31.578423,2018-7-13T20:7:37.24523
LuoJia1-01_LR201807144680_20180713200755_HDR_0006,local\LULO4\LuoJia1-01_LR201807144680_20180713200755_HDR_0006_meta.xml,local\LULO4\LuoJia1-01_LR201807144680_20180713200755_HDR_0006_gec.tif,hf://buckets/cbernegger/LULO4/LuoJia1-01_LR201807144680_20180713200755_HDR_0006_meta.xml,hf://buckets/cbernegger/LULO4/LuoJia1-01_LR201807144680_20180713200755_HDR_0006_gec.tif,29.178834,30.547105,32.698244,33.191618,30.964875,31.873002,2018-7-13T20:7:42.25009
LuoJia1-01_LR201807144680_20180713200800_HDR_0007,local\LULO4\LuoJia1-01_LR201807144680_20180713200800_HDR_0007_meta.xml,local\LULO4\LuoJia1-01_LR201807144680_20180713200800_HDR_0007_gec.tif,hf://buckets/cbernegger/LULO4/LuoJia1-01_LR201807144680_20180713200800_HDR_0007_meta.xml,hf://buckets/cbernegger/LULO4/LuoJia1-01_LR201807144680_20180713200800_HDR_0007_gec.tif,29.100044,30.848739,32.623815,33.481004,30.888245,32.169918,2018-7-13T20:7:47.25495
LuoJia1-01_LR201807144680_20180713200805_HDR_0008,local\LULO4\LuoJia1-01_LR201807144680_20180713200805_HDR_0008_meta.xml,local\LULO4\LuoJia1-01_LR201807144680_20180713200805_HDR_0008_gec.tif,hf://buckets/cbernegger/LULO4/LuoJia1-01_LR201807144680_20180713200805_HDR_0008_meta.xml,hf://buckets/cbernegger/LULO4/LuoJia1-01_LR201807144680_20180713200805_HDR_0008_gec.tif,29.024448,31.150953,32.549105,33.776629,30.813684,32.469475,2018-7-13T20:7:52.25981
LuoJia1-01_LR201807144680_20180713200810_HDR_0009,local\LULO4\LuoJia1-01_LR201807144680_20180713200810_HDR_0009_meta.xml,local\LULO4\LuoJia1-01_LR201807144680_20180713200810_HDR_0009_gec.tif,hf://buckets/cbernegger/LULO4/LuoJia1-01_LR201807144680_20180713200810_HDR_0009_meta.xml,hf://buckets/cbernegger/LULO4/LuoJia1-01_LR201807144680_20180713200810_HDR_0009_gec.tif,28.94088,31.453732,32.479558,34.074373,30.737571,32.770503,2018-7-13T20:7:57.26467
LuoJia1-01_LR201807144680_20180713200815_HDR_0010,local\LULO4\LuoJia1-01_LR201807144680_20180713200815_HDR_0010_meta.xml,local\LULO4\LuoJia1-01_LR201807144680_20180713200815_HDR_0010_gec.tif,hf://buckets/cbernegger/LULO4/LuoJia1-01_LR201807144680_20180713200815_HDR_0010_meta.xml,hf://buckets/cbernegger/LULO4/LuoJia1-01_LR201807144680_20180713200815_HDR_0010_gec.tif,28.852145,31.757487,32.405441,34.375198,30.656474,33.07341,2018-7-13T20:8:2.269539
LuoJia1-01_LR201807144680_20180713200820_HDR_0011,local\LULO4\LuoJia1-01_LR201807144680_20180713200820_HDR_0011_meta.xml,local\LULO4\LuoJia1-01_LR201807144680_20180713200820_HDR_0011_gec.tif,hf://buckets/cbernegger/LULO4/LuoJia1-01_LR201807144680_20180713200820_HDR_0011_meta.xml,hf://buckets/cbernegger/LULO4/LuoJia1-01_LR201807144680_20180713200820_HDR_0011_gec.tif,28.764605,32.060364,32.32828,34.678452,30.574433,33.376798,2018-7-13T20:8:7.273555
LuoJia1-01_LR201807144680_20180713200825_HDR_0012,local\LULO4\LuoJia1-01_LR201807144680_20180713200825_HDR_0012_meta.xml,local\LULO4\LuoJia1-01_LR201807144680_20180713200825_HDR_0012_gec.tif,hf://buckets/cbernegger/LULO4/LuoJia1-01_LR201807144680_20180713200825_HDR_0012_meta.xml,hf://buckets/cbernegger/LULO4/LuoJia1-01_LR201807144680_20180713200825_HDR_0012_gec.tif,28.678705,32.361255,32.252979,34.981484,30.494108,33.67869,2018-7-13T20:8:12.27926
LuoJia1-01_LR201807144680_20180713200830_HDR_0013,local\LULO4\LuoJia1-01_LR201807144680_20180713200830_HDR_0013_meta.xml,local\LULO4\LuoJia1-01_LR201807144680_20180713200830_HDR_0013_gec.tif,hf://buckets/cbernegger/LULO4/LuoJia1-01_LR201807144680_20180713200830_HDR_0013_meta.xml,hf://buckets/cbernegger/LULO4/LuoJia1-01_LR201807144680_20180713200830_HDR_0013_gec.tif,28.588986,32.66386,32.179572,35.282523,30.412881,33.980786,2018-7-13T20:8:17.28413
LuoJia1-01_LR201807144680_20180713200835_HDR_0014,local\LULO4\LuoJia1-01_LR201807144680_20180713200835_HDR_0014_meta.xml,local\LULO4\LuoJia1-01_LR201807144680_20180713200835_HDR_0014_gec.tif,hf://buckets/cbernegger/LULO4/LuoJia1-01_LR201807144680_20180713200835_HDR_0014_meta.xml,hf://buckets/cbernegger/LULO4/LuoJia1-01_LR201807144680_20180713200835_HDR_0014_gec.tif,28.492889,32.966583,32.102912,35.585524,30.32662,34.283847,2018-7-13T20:8:22.28899
LuoJia1-01_LR201807144680_20180713200840_HDR_0015,local\LULO4\LuoJia1-01_LR201807144680_20180713200840_HDR_0015_meta.xml,local\LULO4\LuoJia1-01_LR201807144680_20180713200840_HDR_0015_gec.tif,hf://buckets/cbernegger/LULO4/LuoJia1-01_LR201807144680_20180713200840_HDR_0015_meta.xml,hf://buckets/cbernegger/LULO4/LuoJia1-01_LR201807144680_20180713200840_HDR_0015_gec.tif,28.398722,33.271898,32.020789,35.889102,30.239322,34.588367,2018-7-13T20:8:27.29318
LuoJia1-01_LR201807144680_20180713200845_HDR_0016,local\LULO4\LuoJia1-01_LR201807144680_20180713200845_HDR_0016_meta.xml,local\LULO4\LuoJia1-01_LR201807144680_20180713200845_HDR_0016_gec.tif,hf://buckets/cbernegger/LULO4/LuoJia1-01_LR201807144680_20180713200845_HDR_0016_meta.xml,hf://buckets/cbernegger/LULO4/LuoJia1-01_LR201807144680_20180713200845_HDR_0016_gec.tif,28.301213,33.578564,31.940529,36.195049,30.150762,34.894917,2018-7-13T20:8:32.29773
LuoJia1-01_LR201807144680_20180713200850_HDR_0017,local\LULO4\LuoJia1-01_LR201807144680_20180713200850_HDR_0017_meta.xml,local\LULO4\LuoJia1-01_LR201807144680_20180713200850_HDR_0017_gec.tif,hf://buckets/cbernegger/LULO4/LuoJia1-01_LR201807144680_20180713200850_HDR_0017_meta.xml,hf://buckets/cbernegger/LULO4/LuoJia1-01_LR201807144680_20180713200850_HDR_0017_gec.tif,28.208251,33.883322,31.857542,36.502644,30.063781,35.201067,2018-7-13T20:8:37.30359
LuoJia1-01_LR201807144680_20180713200855_HDR_0018,local\LULO4\LuoJia1-01_LR201807144680_20180713200855_HDR_0018_meta.xml,local\LULO4\LuoJia1-01_LR201807144680_20180713200855_HDR_0018_gec.tif,hf://buckets/cbernegger/LULO4/LuoJia1-01_LR201807144680_20180713200855_HDR_0018_meta.xml,hf://buckets/cbernegger/LULO4/LuoJia1-01_LR201807144680_20180713200855_HDR_0018_gec.tif,28.113087,34.186125,31.779307,36.808322,29.977091,35.505347,2018-7-13T20:8:42.30846
LuoJia1-01_LR201807144680_20180713200900_HDR_0019,local\LULO4\LuoJia1-01_LR201807144680_20180713200900_HDR_0019_meta.xml,local\LULO4\LuoJia1-01_LR201807144680_20180713200900_HDR_0019_gec.tif,hf://buckets/cbernegger/LULO4/LuoJia1-01_LR201807144680_20180713200900_HDR_0019_meta.xml,hf://buckets/cbernegger/LULO4/LuoJia1-01_LR201807144680_20180713200900_HDR_0019_gec.tif,28.022076,34.488399,31.699253,37.11118,29.892297,35.808379,2018-7-13T20:8:47.31333
LuoJia1-01_LR201807144680_20180713200905_HDR_0020,local\LULO4\LuoJia1-01_LR201807144680_20180713200905_HDR_0020_meta.xml,local\LULO4\LuoJia1-01_LR201807144680_20180713200905_HDR_0020_gec.tif,hf://buckets/cbernegger/LULO4/LuoJia1-01_LR201807144680_20180713200905_HDR_0020_meta.xml,hf://buckets/cbernegger/LULO4/LuoJia1-01_LR201807144680_20180713200905_HDR_0020_gec.tif,27.92748,34.792981,31.623748,37.413716,29.80713,36.112798,2018-7-13T20:8:52.31820
LuoJia1-01_LR201807144680_20180713200910_HDR_0021,local\LULO4\LuoJia1-01_LR201807144680_20180713200910_HDR_0021_meta.xml,local\LULO4\LuoJia1-01_LR201807144680_20180713200910_HDR_0021_gec.tif,hf://buckets/cbernegger/LULO4/LuoJia1-01_LR201807144680_20180713200910_HDR_0021_meta.xml,hf://buckets/cbernegger/LULO4/LuoJia1-01_LR201807144680_20180713200910_HDR_0021_gec.tif,27.829505,35.094761,31.544153,37.719375,29.717847,36.416595,2018-7-13T20:8:57.32307
LuoJia1-01_LR201807144680_20180713200915_HDR_0022,local\LULO4\LuoJia1-01_LR201807144680_20180713200915_HDR_0022_meta.xml,local\LULO4\LuoJia1-01_LR201807144680_20180713200915_HDR_0022_gec.tif,hf://buckets/cbernegger/LULO4/LuoJia1-01_LR201807144680_20180713200915_HDR_0022_meta.xml,hf://buckets/cbernegger/LULO4/LuoJia1-01_LR201807144680_20180713200915_HDR_0022_gec.tif,27.740392,35.397826,31.461434,38.021931,29.632685,36.719794,2018-7-13T20:9:2.327942
LuoJia1-01_LR201807144680_20180713200920_HDR_0023,local\LULO4\LuoJia1-01_LR201807144680_20180713200920_HDR_0023_meta.xml,local\LULO4\LuoJia1-01_LR201807144680_20180713200920_HDR_0023_gec.tif,hf://buckets/cbernegger/LULO4/LuoJia1-01_LR201807144680_20180713200920_HDR_0023_meta.xml,hf://buckets/cbernegger/LULO4/LuoJia1-01_LR201807144680_20180713200920_HDR_0023_gec.tif,27.648669,35.698521,31.38726,38.326164,29.549314,37.021533,2018-7-13T20:9:7.332813
LuoJia1-01_LR201807144680_20180713200925_HDR_0024,local\LULO4\LuoJia1-01_LR201807144680_20180713200925_HDR_0024_meta.xml,local\LULO4\LuoJia1-01_LR201807144680_20180713200925_HDR_0024_gec.tif,hf://buckets/cbernegger/LULO4/LuoJia1-01_LR201807144680_20180713200925_HDR_0024_meta.xml,hf://buckets/cbernegger/LULO4/LuoJia1-01_LR201807144680_20180713200925_HDR_0024_gec.tif,27.555891,36.001096,31.310482,38.626662,29.464605,37.323527,2018-7-13T20:9:12.33768
LuoJia1-01_LR201807144680_20180713200930_HDR_0025,local\LULO4\LuoJia1-01_LR201807144680_20180713200930_HDR_0025_meta.xml,local\LULO4\LuoJia1-01_LR201807144680_20180713200930_HDR_0025_gec.tif,hf://buckets/cbernegger/LULO4/LuoJia1-01_LR201807144680_20180713200930_HDR_0025_meta.xml,hf://buckets/cbernegger/LULO4/LuoJia1-01_LR201807144680_20180713200930_HDR_0025_gec.tif,27.458314,36.304445,31.23348,38.930654,29.37853,37.627145,2018-7-13T20:9:17.34255
LuoJia1-01_LR201807144680_20180713200935_HDR_0026,local\LULO4\LuoJia1-01_LR201807144680_20180713200935_HDR_0026_meta.xml,local\LULO4\LuoJia1-01_LR201807144680_20180713200935_HDR_0026_gec.tif,hf://buckets/cbernegger/LULO4/LuoJia1-01_LR201807144680_20180713200935_HDR_0026_meta.xml,hf://buckets/cbernegger/LULO4/LuoJia1-01_LR201807144680_20180713200935_HDR_0026_gec.tif,27.358592,36.606019,31.153902,39.234468,29.288284,37.92996,2018-7-13T20:9:22.34742
LuoJia1-01_LR201807144680_20180713200940_HDR_0027,local\LULO4\LuoJia1-01_LR201807144680_20180713200940_HDR_0027_meta.xml,local\LULO4\LuoJia1-01_LR201807144680_20180713200940_HDR_0027_gec.tif,hf://buckets/cbernegger/LULO4/LuoJia1-01_LR201807144680_20180713200940_HDR_0027_meta.xml,hf://buckets/cbernegger/LULO4/LuoJia1-01_LR201807144680_20180713200940_HDR_0027_gec.tif,27.248054,36.909696,31.065663,39.537043,29.191619,38.233023,2018-7-13T20:9:27.35229
LuoJia1-01_LR201807144680_20180713200945_HDR_0028,local\LULO4\LuoJia1-01_LR201807144680_20180713200945_HDR_0028_meta.xml,local\LULO4\LuoJia1-01_LR201807144680_20180713200945_HDR_0028_gec.tif,hf://buckets/cbernegger/LULO4/LuoJia1-01_LR201807144680_20180713200945_HDR_0028_meta.xml,hf://buckets/cbernegger/LULO4/LuoJia1-01_LR201807144680_20180713200945_HDR_0028_gec.tif,27.144096,37.215626,30.974212,39.842565,29.094474,38.53787,2018-7-13T20:9:32.35717
LuoJia1-01_LR201807144680_20180713200950_HDR_0029,local\LULO4\LuoJia1-01_LR201807144680_20180713200950_HDR_0029_meta.xml,local\LULO4\LuoJia1-01_LR201807144680_20180713200950_HDR_0029_gec.tif,hf://buckets/cbernegger/LULO4/LuoJia1-01_LR201807144680_20180713200950_HDR_0029_meta.xml,hf://buckets/cbernegger/LULO4/LuoJia1-01_LR201807144680_20180713200950_HDR_0029_gec.tif,27.044959,37.520747,30.887871,40.150132,29.002286,38.844016,2018-7-13T20:9:37.36204
LuoJia1-01_LR201807144680_20180713200955_HDR_0030,local\LULO4\LuoJia1-01_LR201807144680_20180713200955_HDR_0030_meta.xml,local\LULO4\LuoJia1-01_LR201807144680_20180713200955_HDR_0030_gec.tif,hf://buckets/cbernegger/LULO4/LuoJia1-01_LR201807144680_20180713200955_HDR_0030_meta.xml,hf://buckets/cbernegger/LULO4/LuoJia1-01_LR201807144680_20180713200955_HDR_0030_gec.tif,26.945044,37.820839,30.806782,40.457675,28.912126,39.147698,2018-7-13T20:9:42.36688
LuoJia1-01_LR201807144680_20180713201000_HDR_0031,local\LULO4\LuoJia1-01_LR201807144680_20180713201000_HDR_0031_meta.xml,local\LULO4\LuoJia1-01_LR201807144680_20180713201000_HDR_0031_gec.tif,hf://buckets/cbernegger/LULO4/LuoJia1-01_LR201807144680_20180713201000_HDR_0031_meta.xml,hf://buckets/cbernegger/LULO4/LuoJia1-01_LR201807144680_20180713201000_HDR_0031_gec.tif,26.841869,38.121207,30.724351,40.760242,28.820586,39.449298,2018-7-13T20:9:47.37179
LuoJia1-01_LR201807144680_20180713201005_HDR_0032,local\LULO4\LuoJia1-01_LR201807144680_20180713201005_HDR_0032_meta.xml,local\LULO4\LuoJia1-01_LR201807144680_20180713201005_HDR_0032_gec.tif,hf://buckets/cbernegger/LULO4/LuoJia1-01_LR201807144680_20180713201005_HDR_0032_meta.xml,hf://buckets/cbernegger/LULO4/LuoJia1-01_LR201807144680_20180713201005_HDR_0032_gec.tif,26.739556,38.421573,30.641481,41.061857,28.727449,39.750046,2018-7-13T20:9:52.37666
LuoJia1-01_LR201807144680_20180713201010_HDR_0033,local\LULO4\LuoJia1-01_LR201807144680_20180713201010_HDR_0033_meta.xml,local\LULO4\LuoJia1-01_LR201807144680_20180713201010_HDR_0033_gec.tif,hf://buckets/cbernegger/LULO4/LuoJia1-01_LR201807144680_20180713201010_HDR_0033_meta.xml,hf://buckets/cbernegger/LULO4/LuoJia1-01_LR201807144680_20180713201010_HDR_0033_gec.tif,26.633005,38.723749,30.555884,41.363279,28.632324,40.05223,2018-7-13T20:9:57.38154
LuoJia1-01_LR201807144680_20180713201015_HDR_0034,local\LULO4\LuoJia1-01_LR201807144680_20180713201015_HDR_0034_meta.xml,local\LULO4\LuoJia1-01_LR201807144680_20180713201015_HDR_0034_gec.tif,hf://buckets/cbernegger/LULO4/LuoJia1-01_LR201807144680_20180713201015_HDR_0034_meta.xml,hf://buckets/cbernegger/LULO4/LuoJia1-01_LR201807144680_20180713201015_HDR_0034_gec.tif,26.528568,39.029143,30.469242,41.667489,28.537427,40.356643,2018-7-13T20:10:2.38641
LuoJia1-01_LR201807144680_20180713201020_HDR_0035,local\LULO4\LuoJia1-01_LR201807144680_20180713201020_HDR_0035_meta.xml,local\LULO4\LuoJia1-01_LR201807144680_20180713201020_HDR_0035_gec.tif,hf://buckets/cbernegger/LULO4/LuoJia1-01_LR201807144680_20180713201020_HDR_0035_meta.xml,hf://buckets/cbernegger/LULO4/LuoJia1-01_LR201807144680_20180713201020_HDR_0035_gec.tif,26.420095,39.330219,30.385034,41.973016,28.441369,40.660293,2018-7-13T20:10:7.39129
LuoJia1-01_LR201807144680_20180713201025_HDR_0036,local\LULO4\LuoJia1-01_LR201807144680_20180713201025_HDR_0036_meta.xml,local\LULO4\LuoJia1-01_LR201807144680_20180713201025_HDR_0036_gec.tif,hf://buckets/cbernegger/LULO4/LuoJia1-01_LR201807144680_20180713201025_HDR_0036_meta.xml,hf://buckets/cbernegger/LULO4/LuoJia1-01_LR201807144680_20180713201025_HDR_0036_gec.tif,26.308352,39.631874,30.296394,42.276718,28.341085,40.962508,2018-7-13T20:10:12.3961
LuoJia1-01_LR201807144680_20180713201030_HDR_0037,local\LULO4\LuoJia1-01_LR201807144680_20180713201030_HDR_0037_meta.xml,local\LULO4\LuoJia1-01_LR201807144680_20180713201030_HDR_0037_gec.tif,hf://buckets/cbernegger/LULO4/LuoJia1-01_LR201807144680_20180713201030_HDR_0037_meta.xml,hf://buckets/cbernegger/LULO4/LuoJia1-01_LR201807144680_20180713201030_HDR_0037_gec.tif,26.19656,39.936315,30.205454,42.579803,28.240235,41.266337,2018-7-13T20:10:17.4010
LuoJia1-01_LR201807144680_20180713201035_HDR_0038,local\LULO4\LuoJia1-01_LR201807144680_20180713201035_HDR_0038_meta.xml,local\LULO4\LuoJia1-01_LR201807144680_20180713201035_HDR_0038_gec.tif,hf://buckets/cbernegger/LULO4/LuoJia1-01_LR201807144680_20180713201035_HDR_0038_meta.xml,hf://buckets/cbernegger/LULO4/LuoJia1-01_LR201807144680_20180713201035_HDR_0038_gec.tif,26.085862,40.236986,30.113413,42.885099,28.139871,41.569817,2018-7-13T20:10:22.4052
LuoJia1-01_LR201807144680_20180713201040_HDR_0039,local\LULO4\LuoJia1-01_LR201807144680_20180713201040_HDR_0039_meta.xml,local\LULO4\LuoJia1-01_LR201807144680_20180713201040_HDR_0039_gec.tif,hf://buckets/cbernegger/LULO4/LuoJia1-01_LR201807144680_20180713201040_HDR_0039_meta.xml,hf://buckets/cbernegger/LULO4/LuoJia1-01_LR201807144680_20180713201040_HDR_0039_gec.tif,25.980939,40.538884,30.025196,43.188494,28.042034,41.872781,2018-7-13T20:10:27.4107
LuoJia1-01_LR201807144680_20180713201045_HDR_0040,local\LULO4\LuoJia1-01_LR201807144680_20180713201045_HDR_0040_meta.xml,local\LULO4\LuoJia1-01_LR201807144680_20180713201045_HDR_0040_gec.tif,hf://buckets/cbernegger/LULO4/LuoJia1-01_LR201807144680_20180713201045_HDR_0040_meta.xml,hf://buckets/cbernegger/LULO4/LuoJia1-01_LR201807144680_20180713201045_HDR_0040_gec.tif,25.874525,40.842314,29.940888,43.492503,27.947981,42.17608,2018-7-13T20:10:32.4156
LuoJia1-01_LR201807144680_20180713201050_HDR_0041,local\LULO4\LuoJia1-01_LR201807144680_20180713201050_HDR_0041_meta.xml,local\LULO4\LuoJia1-01_LR201807144680_20180713201050_HDR_0041_gec.tif,hf://buckets/cbernegger/LULO4/LuoJia1-01_LR201807144680_20180713201050_HDR_0041_meta.xml,hf://buckets/cbernegger/LULO4/LuoJia1-01_LR201807144680_20180713201050_HDR_0041_gec.tif,25.758518,41.145815,29.856801,43.796767,27.847866,42.480178,2018-7-13T20:10:37.4205
LuoJia1-01_LR201807144680_20180713201055_HDR_0042,local\LULO4\LuoJia1-01_LR201807144680_20180713201055_HDR_0042_meta.xml,local\LULO4\LuoJia1-01_LR201807144680_20180713201055_HDR_0042_gec.tif,hf://buckets/cbernegger/LULO4/LuoJia1-01_LR201807144680_20180713201055_HDR_0042_meta.xml,hf://buckets/cbernegger/LULO4/LuoJia1-01_LR201807144680_20180713201055_HDR_0042_gec.tif,25.640785,41.446379,29.762213,44.101668,27.742704,42.783332,2018-7-13T20:10:42.4254
LuoJia1-01_LR201807144680_20180713201100_HDR_0043,local\LULO4\LuoJia1-01_LR201807144680_20180713201100_HDR_0043_meta.xml,local\LULO4\LuoJia1-01_LR201807144680_20180713201100_HDR_0043_gec.tif,hf://buckets/cbernegger/LULO4/LuoJia1-01_LR201807144680_20180713201100_HDR_0043_meta.xml,hf://buckets/cbernegger/LULO4/LuoJia1-01_LR201807144680_20180713201100_HDR_0043_gec.tif,25.525148,41.744568,29.666998,44.404165,27.637646,43.083233,2018-7-13T20:10:47.4303
LuoJia1-01_LR201807144680_20180713201105_HDR_0044,local\LULO4\LuoJia1-01_LR201807144680_20180713201105_HDR_0044_meta.xml,local\LULO4\LuoJia1-01_LR201807144680_20180713201105_HDR_0044_gec.tif,hf://buckets/cbernegger/LULO4/LuoJia1-01_LR201807144680_20180713201105_HDR_0044_meta.xml,hf://buckets/cbernegger/LULO4/LuoJia1-01_LR201807144680_20180713201105_HDR_0044_gec.tif,25.411302,42.048253,29.573537,44.704035,27.534725,43.38551,2018-7-13T20:10:52.4351
LuoJia1-01_LR201807144680_20180713201110_HDR_0045,local\LULO4\LuoJia1-01_LR201807144680_20180713201110_HDR_0045_meta.xml,local\LULO4\LuoJia1-01_LR201807144680_20180713201110_HDR_0045_gec.tif,hf://buckets/cbernegger/LULO4/LuoJia1-01_LR201807144680_20180713201110_HDR_0045_meta.xml,hf://buckets/cbernegger/LULO4/LuoJia1-01_LR201807144680_20180713201110_HDR_0045_gec.tif,25.297357,42.34797,29.482187,45.008769,27.431897,43.68761,2018-7-13T20:10:57.4400
LuoJia1-01_LR201807144680_20180713201115_HDR_0046,local\LULO4\LuoJia1-01_LR201807144680_20180713201115_HDR_0046_meta.xml,local\LULO4\LuoJia1-01_LR201807144680_20180713201115_HDR_0046_gec.tif,hf://buckets/cbernegger/LULO4/LuoJia1-01_LR201807144680_20180713201115_HDR_0046_meta.xml,hf://buckets/cbernegger/LULO4/LuoJia1-01_LR201807144680_20180713201115_HDR_0046_gec.tif,25.185971,42.645699,29.389855,45.30949,27.33022,43.986508,2018-7-13T20:11:2.44494
LuoJia1-01_LR201807144680_20180713201120_HDR_0047,local\LULO4\LuoJia1-01_LR201807144680_20180713201120_HDR_0047_meta.xml,local\LULO4\LuoJia1-01_LR201807144680_20180713201120_HDR_0047_gec.tif,hf://buckets/cbernegger/LULO4/LuoJia1-01_LR201807144680_20180713201120_HDR_0047_meta.xml,hf://buckets/cbernegger/LULO4/LuoJia1-01_LR201807144680_20180713201120_HDR_0047_gec.tif,25.072252,42.947633,29.299993,45.608143,27.228021,44.287287,2018-7-13T20:11:7.44982
LuoJia1-01_LR201807144680_20180713201125_HDR_0048,local\LULO4\LuoJia1-01_LR201807144680_20180713201125_HDR_0048_meta.xml,local\LULO4\LuoJia1-01_LR201807144680_20180713201125_HDR_0048_gec.tif,hf://buckets/cbernegger/LULO4/LuoJia1-01_LR201807144680_20180713201125_HDR_0048_meta.xml,hf://buckets/cbernegger/LULO4/LuoJia1-01_LR201807144680_20180713201125_HDR_0048_gec.tif,24.958148,43.249943,29.208749,45.9118,27.124198,44.590234,2018-7-13T20:11:12.4547
LuoJia1-01_LR201807144680_20180713201130_HDR_0049,local\LULO4\LuoJia1-01_LR201807144680_20180713201130_HDR_0049_meta.xml,local\LULO4\LuoJia1-01_LR201807144680_20180713201130_HDR_0049_gec.tif,hf://buckets/cbernegger/LULO4/LuoJia1-01_LR201807144680_20180713201130_HDR_0049_meta.xml,hf://buckets/cbernegger/LULO4/LuoJia1-01_LR201807144680_20180713201130_HDR_0049_gec.tif,24.835128,43.55599,29.115846,46.216181,27.019032,44.89546,2018-7-13T20:11:17.4595
LuoJia1-01_LR201807144680_20180713201135_HDR_0050,local\LULO4\LuoJia1-01_LR201807144680_20180713201135_HDR_0050_meta.xml,local\LULO4\LuoJia1-01_LR201807144680_20180713201135_HDR_0050_gec.tif,hf://buckets/cbernegger/LULO4/LuoJia1-01_LR201807144680_20180713201135_HDR_0050_meta.xml,hf://buckets/cbernegger/LULO4/LuoJia1-01_LR201807144680_20180713201135_HDR_0050_gec.tif,24.71214,43.857953,29.020945,46.523116,26.910793,45.200037,2018-7-13T20:11:22.4644
LuoJia1-01_LR201807144680_20180713201140_HDR_0051,local\LULO4\LuoJia1-01_LR201807144680_20180713201140_HDR_0051_meta.xml,local\LULO4\LuoJia1-01_LR201807144680_20180713201140_HDR_0051_gec.tif,hf://buckets/cbernegger/LULO4/LuoJia1-01_LR201807144680_20180713201140_HDR_0051_meta.xml,hf://buckets/cbernegger/LULO4/LuoJia1-01_LR201807144680_20180713201140_HDR_0051_gec.tif,24.590327,44.159519,28.923519,46.827545,26.802143,45.503122,2018-7-13T20:11:27.4693
LuoJia1-01_LR201807144680_20180713201145_HDR_0052,local\LULO4\LuoJia1-01_LR201807144680_20180713201145_HDR_0052_meta.xml,local\LULO4\LuoJia1-01_LR201807144680_20180713201145_HDR_0052_gec.tif,hf://buckets/cbernegger/LULO4/LuoJia1-01_LR201807144680_20180713201145_HDR_0052_meta.xml,hf://buckets/cbernegger/LULO4/LuoJia1-01_LR201807144680_20180713201145_HDR_0052_gec.tif,24.469474,44.459429,28.827698,47.13107,26.694539,45.804542,2018-7-13T20:11:32.4742
LuoJia1-01_LR201807144680_20180713201150_HDR_0053,local\LULO4\LuoJia1-01_LR201807144680_20180713201150_HDR_0053_meta.xml,local\LULO4\LuoJia1-01_LR201807144680_20180713201150_HDR_0053_gec.tif,hf://buckets/cbernegger/LULO4/LuoJia1-01_LR201807144680_20180713201150_HDR_0053_meta.xml,hf://buckets/cbernegger/LULO4/LuoJia1-01_LR201807144680_20180713201150_HDR_0053_gec.tif,24.342319,44.759709,28.731908,47.432608,26.583584,46.105486,2018-7-13T20:11:37.4791
LuoJia1-01_LR201807144680_20180713201155_HDR_0054,local\LULO4\LuoJia1-01_LR201807144680_20180713201155_HDR_0054_meta.xml,local\LULO4\LuoJia1-01_LR201807144680_20180713201155_HDR_0054_gec.tif,hf://buckets/cbernegger/LULO4/LuoJia1-01_LR201807144680_20180713201155_HDR_0054_meta.xml,hf://buckets/cbernegger/LULO4/LuoJia1-01_LR201807144680_20180713201155_HDR_0054_gec.tif,24.21333,45.059622,28.630874,47.734092,26.468772,46.405973,2018-7-13T20:11:42.4839
LuoJia1-01_LR201807144680_20180713201200_HDR_0055,local\LULO4\LuoJia1-01_LR201807144680_20180713201200_HDR_0055_meta.xml,local\LULO4\LuoJia1-01_LR201807144680_20180713201200_HDR_0055_gec.tif,hf://buckets/cbernegger/LULO4/LuoJia1-01_LR201807144680_20180713201200_HDR_0055_meta.xml,hf://buckets/cbernegger/LULO4/LuoJia1-01_LR201807144680_20180713201200_HDR_0055_gec.tif,24.082654,45.3629,28.527331,48.035411,26.352178,46.708273,2018-7-13T20:11:47.4888
LuoJia1-01_LR201807144680_20180713201205_HDR_0056,local\LULO4\LuoJia1-01_LR201807144680_20180713201205_HDR_0056_meta.xml,local\LULO4\LuoJia1-01_LR201807144680_20180713201205_HDR_0056_gec.tif,hf://buckets/cbernegger/LULO4/LuoJia1-01_LR201807144680_20180713201205_HDR_0056_meta.xml,hf://buckets/cbernegger/LULO4/LuoJia1-01_LR201807144680_20180713201205_HDR_0056_gec.tif,23.95245,45.663374,28.423148,48.339345,26.236913,47.009991,2018-7-13T20:11:52.4937
LuoJia1-01_LR201807144680_20180713201210_HDR_0057,local\LULO4\LuoJia1-01_LR201807144680_20180713201210_HDR_0057_meta.xml,local\LULO4\LuoJia1-01_LR201807144680_20180713201210_HDR_0057_gec.tif,hf://buckets/cbernegger/LULO4/LuoJia1-01_LR201807144680_20180713201210_HDR_0057_meta.xml,hf://buckets/cbernegger/LULO4/LuoJia1-01_LR201807144680_20180713201210_HDR_0057_gec.tif,23.825504,45.962706,28.321882,48.640912,26.122527,47.311261,2018-7-13T20:11:57.4986
LuoJia1-01_LR201807144680_20180713201215_HDR_0058,local\LULO4\LuoJia1-01_LR201807144680_20180713201215_HDR_0058_meta.xml,local\LULO4\LuoJia1-01_LR201807144680_20180713201215_HDR_0058_gec.tif,hf://buckets/cbernegger/LULO4/LuoJia1-01_LR201807144680_20180713201215_HDR_0058_meta.xml,hf://buckets/cbernegger/LULO4/LuoJia1-01_LR201807144680_20180713201215_HDR_0058_gec.tif,23.695505,46.262853,28.221193,48.943308,26.007235,47.612735,2018-7-13T20:12:2.50351
LuoJia1-01_LR201807154405_20180714140034_HDR_0000,local\LULO4\LuoJia1-01_LR201807154405_20180714140034_HDR_0000_meta.xml,local\LULO4\LuoJia1-01_LR201807154405_20180714140034_HDR_0000_gec.tif,hf://buckets/cbernegger/LULO4/LuoJia1-01_LR201807154405_20180714140034_HDR_0000_meta.xml,hf://buckets/cbernegger/LULO4/LuoJia1-01_LR201807154405_20180714140034_HDR_0000_gec.tif,119.791079,27.083836,123.476565,29.857622,121.778532,28.560953,2018-7-14T14:0:22.15993
LuoJia1-01_LR201807154405_20180714140039_HDR_0001,local\LULO4\LuoJia1-01_LR201807154405_20180714140039_HDR_0001_meta.xml,local\LULO4\LuoJia1-01_LR201807154405_20180714140039_HDR_0001_gec.tif,hf://buckets/cbernegger/LULO4/LuoJia1-01_LR201807154405_20180714140039_HDR_0001_meta.xml,hf://buckets/cbernegger/LULO4/LuoJia1-01_LR201807154405_20180714140039_HDR_0001_gec.tif,119.689942,27.388157,123.397719,30.160396,121.690117,28.865048,2018-7-14T14:0:27.16515
LuoJia1-01_LR201807154405_20180714140044_HDR_0002,local\LULO4\LuoJia1-01_LR201807154405_20180714140044_HDR_0002_meta.xml,local\LULO4\LuoJia1-01_LR201807154405_20180714140044_HDR_0002_gec.tif,hf://buckets/cbernegger/LULO4/LuoJia1-01_LR201807154405_20180714140044_HDR_0002_meta.xml,hf://buckets/cbernegger/LULO4/LuoJia1-01_LR201807154405_20180714140044_HDR_0002_gec.tif,119.594607,27.689755,123.313545,30.46558,121.60074,29.169376,2018-7-14T14:0:32.17001
LuoJia1-01_LR201807154405_20180714140049_HDR_0003,local\LULO4\LuoJia1-01_LR201807154405_20180714140049_HDR_0003_meta.xml,local\LULO4\LuoJia1-01_LR201807154405_20180714140049_HDR_0003_gec.tif,hf://buckets/cbernegger/LULO4/LuoJia1-01_LR201807154405_20180714140049_HDR_0003_meta.xml,hf://buckets/cbernegger/LULO4/LuoJia1-01_LR201807154405_20180714140049_HDR_0003_gec.tif,119.504695,27.99313,123.231749,30.769282,121.516352,29.470958,2018-7-14T14:0:37.17486
LuoJia1-01_LR201807154405_20180714140054_HDR_0004,local\LULO4\LuoJia1-01_LR201807154405_20180714140054_HDR_0004_meta.xml,local\LULO4\LuoJia1-01_LR201807154405_20180714140054_HDR_0004_gec.tif,hf://buckets/cbernegger/LULO4/LuoJia1-01_LR201807154405_20180714140054_HDR_0004_meta.xml,hf://buckets/cbernegger/LULO4/LuoJia1-01_LR201807154405_20180714140054_HDR_0004_gec.tif,119.413102,28.297675,123.153986,31.071917,121.433192,29.775558,2018-7-14T14:0:42.17972
LuoJia1-01_LR201807154405_20180714140059_HDR_0005,local\LULO4\LuoJia1-01_LR201807154405_20180714140059_HDR_0005_meta.xml,local\LULO4\LuoJia1-01_LR201807154405_20180714140059_HDR_0005_gec.tif,hf://buckets/cbernegger/LULO4/LuoJia1-01_LR201807154405_20180714140059_HDR_0005_meta.xml,hf://buckets/cbernegger/LULO4/LuoJia1-01_LR201807154405_20180714140059_HDR_0005_gec.tif,119.323438,28.600548,123.075875,31.377828,121.348727,30.080438,2018-7-14T14:0:47.18458
LuoJia1-01_LR201807154405_20180714140104_HDR_0006,local\LULO4\LuoJia1-01_LR201807154405_20180714140104_HDR_0006_meta.xml,local\LULO4\LuoJia1-01_LR201807154405_20180714140104_HDR_0006_gec.tif,hf://buckets/cbernegger/LULO4/LuoJia1-01_LR201807154405_20180714140104_HDR_0006_meta.xml,hf://buckets/cbernegger/LULO4/LuoJia1-01_LR201807154405_20180714140104_HDR_0006_gec.tif,119.235932,28.902199,122.998495,31.682373,121.268969,30.383296,2018-7-14T14:0:52.18944
LuoJia1-01_LR201807154405_20180714140109_HDR_0007,local\LULO4\LuoJia1-01_LR201807154405_20180714140109_HDR_0007_meta.xml,local\LULO4\LuoJia1-01_LR201807154405_20180714140109_HDR_0007_gec.tif,hf://buckets/cbernegger/LULO4/LuoJia1-01_LR201807154405_20180714140109_HDR_0007_meta.xml,hf://buckets/cbernegger/LULO4/LuoJia1-01_LR201807154405_20180714140109_HDR_0007_gec.tif,119.14295,29.206421,122.923549,31.986495,121.183926,30.688567,2018-7-14T14:0:57.19430
LuoJia1-01_LR201807154405_20180714140114_HDR_0008,local\LULO4\LuoJia1-01_LR201807154405_20180714140114_HDR_0008_meta.xml,local\LULO4\LuoJia1-01_LR201807154405_20180714140114_HDR_0008_gec.tif,hf://buckets/cbernegger/LULO4/LuoJia1-01_LR201807154405_20180714140114_HDR_0008_meta.xml,hf://buckets/cbernegger/LULO4/LuoJia1-01_LR201807154405_20180714140114_HDR_0008_gec.tif,119.055005,29.509975,122.844058,32.292203,121.10081,30.992089,2018-7-14T14:1:2.199166
LuoJia1-01_LR201807154405_20180714140119_HDR_0009,local\LULO4\LuoJia1-01_LR201807154405_20180714140119_HDR_0009_meta.xml,local\LULO4\LuoJia1-01_LR201807154405_20180714140119_HDR_0009_gec.tif,hf://buckets/cbernegger/LULO4/LuoJia1-01_LR201807154405_20180714140119_HDR_0009_meta.xml,hf://buckets/cbernegger/LULO4/LuoJia1-01_LR201807154405_20180714140119_HDR_0009_gec.tif,118.966722,29.815572,122.767473,32.595726,121.019069,31.296178,2018-7-14T14:1:7.204028
LuoJia1-01_LR201807154405_20180714140125_HDR_0010,local\LULO4\LuoJia1-01_LR201807154405_20180714140125_HDR_0010_meta.xml,local\LULO4\LuoJia1-01_LR201807154405_20180714140125_HDR_0010_gec.tif,hf://buckets/cbernegger/LULO4/LuoJia1-01_LR201807154405_20180714140125_HDR_0010_meta.xml,hf://buckets/cbernegger/LULO4/LuoJia1-01_LR201807154405_20180714140125_HDR_0010_gec.tif,118.87408,30.115471,122.690892,32.900051,120.93578,31.599608,2018-7-14T14:1:12.20889
LuoJia1-01_LR201807154405_20180714140129_HDR_0011,local\LULO4\LuoJia1-01_LR201807154405_20180714140129_HDR_0011_meta.xml,local\LULO4\LuoJia1-01_LR201807154405_20180714140129_HDR_0011_gec.tif,hf://buckets/cbernegger/LULO4/LuoJia1-01_LR201807154405_20180714140129_HDR_0011_meta.xml,hf://buckets/cbernegger/LULO4/LuoJia1-01_LR201807154405_20180714140129_HDR_0011_gec.tif,118.778029,30.418346,122.61152,33.202788,120.848216,31.900806,2018-7-14T14:1:17.21375
LuoJia1-01_LR201807154405_20180714140134_HDR_0012,local\LULO4\LuoJia1-01_LR201807154405_20180714140134_HDR_0012_meta.xml,local\LULO4\LuoJia1-01_LR201807154405_20180714140134_HDR_0012_gec.tif,hf://buckets/cbernegger/LULO4/LuoJia1-01_LR201807154405_20180714140134_HDR_0012_meta.xml,hf://buckets/cbernegger/LULO4/LuoJia1-01_LR201807154405_20180714140134_HDR_0012_gec.tif,118.681287,30.719803,122.529957,33.505325,120.76083,32.204447,2018-7-14T14:1:22.21861
LuoJia1-01_LR201807154405_20180714140139_HDR_0013,local\LULO4\LuoJia1-01_LR201807154405_20180714140139_HDR_0013_meta.xml,local\LULO4\LuoJia1-01_LR201807154405_20180714140139_HDR_0013_gec.tif,hf://buckets/cbernegger/LULO4/LuoJia1-01_LR201807154405_20180714140139_HDR_0013_meta.xml,hf://buckets/cbernegger/LULO4/LuoJia1-01_LR201807154405_20180714140139_HDR_0013_gec.tif,118.581343,31.023992,122.448255,33.810675,120.670781,32.50938,2018-7-14T14:1:27.22348
LuoJia1-01_LR201807154405_20180714140145_HDR_0014,local\LULO4\LuoJia1-01_LR201807154405_20180714140145_HDR_0014_meta.xml,local\LULO4\LuoJia1-01_LR201807154405_20180714140145_HDR_0014_gec.tif,hf://buckets/cbernegger/LULO4/LuoJia1-01_LR201807154405_20180714140145_HDR_0014_meta.xml,hf://buckets/cbernegger/LULO4/LuoJia1-01_LR201807154405_20180714140145_HDR_0014_gec.tif,118.480943,31.329389,122.36405,34.116706,120.579638,32.815423,2018-7-14T14:1:32.22834
LuoJia1-01_LR201807154405_20180714140149_HDR_0015,local\LULO4\LuoJia1-01_LR201807154405_20180714140149_HDR_0015_meta.xml,local\LULO4\LuoJia1-01_LR201807154405_20180714140149_HDR_0015_gec.tif,hf://buckets/cbernegger/LULO4/LuoJia1-01_LR201807154405_20180714140149_HDR_0015_meta.xml,hf://buckets/cbernegger/LULO4/LuoJia1-01_LR201807154405_20180714140149_HDR_0015_gec.tif,118.38185,31.632931,122.279173,34.423328,120.487814,33.120317,2018-7-14T14:1:37.23321
LuoJia1-01_LR201807154405_20180714140154_HDR_0016,local\LULO4\LuoJia1-01_LR201807154405_20180714140154_HDR_0016_meta.xml,local\LULO4\LuoJia1-01_LR201807154405_20180714140154_HDR_0016_gec.tif,hf://buckets/cbernegger/LULO4/LuoJia1-01_LR201807154405_20180714140154_HDR_0016_meta.xml,hf://buckets/cbernegger/LULO4/LuoJia1-01_LR201807154405_20180714140154_HDR_0016_gec.tif,118.286935,31.936292,122.195435,34.728164,120.399844,33.424236,2018-7-14T14:1:42.23712
LuoJia1-01_LR201807154405_20180714140200_HDR_0017,local\LULO4\LuoJia1-01_LR201807154405_20180714140200_HDR_0017_meta.xml,local\LULO4\LuoJia1-01_LR201807154405_20180714140200_HDR_0017_gec.tif,hf://buckets/cbernegger/LULO4/LuoJia1-01_LR201807154405_20180714140200_HDR_0017_meta.xml,hf://buckets/cbernegger/LULO4/LuoJia1-01_LR201807154405_20180714140200_HDR_0017_gec.tif,118.190805,32.240433,122.114861,35.032804,120.31234,33.728718,2018-7-14T14:1:47.24294
LuoJia1-01_LR201807154405_20180714140205_HDR_0018,local\LULO4\LuoJia1-01_LR201807154405_20180714140205_HDR_0018_meta.xml,local\LULO4\LuoJia1-01_LR201807154405_20180714140205_HDR_0018_gec.tif,hf://buckets/cbernegger/LULO4/LuoJia1-01_LR201807154405_20180714140205_HDR_0018_meta.xml,hf://buckets/cbernegger/LULO4/LuoJia1-01_LR201807154405_20180714140205_HDR_0018_gec.tif,118.092057,32.541878,122.033562,35.337926,120.223031,34.032077,2018-7-14T14:1:52.24729
LuoJia1-01_LR201807154405_20180714140210_HDR_0019,local\LULO4\LuoJia1-01_LR201807154405_20180714140210_HDR_0019_meta.xml,local\LULO4\LuoJia1-01_LR201807154405_20180714140210_HDR_0019_gec.tif,hf://buckets/cbernegger/LULO4/LuoJia1-01_LR201807154405_20180714140210_HDR_0019_meta.xml,hf://buckets/cbernegger/LULO4/LuoJia1-01_LR201807154405_20180714140210_HDR_0019_gec.tif,117.991865,32.842573,121.950118,35.641038,120.132002,34.334096,2018-7-14T14:1:57.25268
LuoJia1-01_LR201807154405_20180714140215_HDR_0020,local\LULO4\LuoJia1-01_LR201807154405_20180714140215_HDR_0020_meta.xml,local\LULO4\LuoJia1-01_LR201807154405_20180714140215_HDR_0020_gec.tif,hf://buckets/cbernegger/LULO4/LuoJia1-01_LR201807154405_20180714140215_HDR_0020_meta.xml,hf://buckets/cbernegger/LULO4/LuoJia1-01_LR201807154405_20180714140215_HDR_0020_gec.tif,117.891967,33.144675,121.865812,35.94358,120.040377,34.636601,2018-7-14T14:2:2.257549
LuoJia1-01_LR201807154405_20180714140220_HDR_0021,local\LULO4\LuoJia1-01_LR201807154405_20180714140220_HDR_0021_meta.xml,local\LULO4\LuoJia1-01_LR201807154405_20180714140220_HDR_0021_gec.tif,hf://buckets/cbernegger/LULO4/LuoJia1-01_LR201807154405_20180714140220_HDR_0021_meta.xml,hf://buckets/cbernegger/LULO4/LuoJia1-01_LR201807154405_20180714140220_HDR_0021_gec.tif,117.790048,33.445279,121.780864,36.246888,119.9473,34.938672,2018-7-14T14:2:7.262418
LuoJia1-01_LR201807154405_20180714140225_HDR_0022,local\LULO4\LuoJia1-01_LR201807154405_20180714140225_HDR_0022_meta.xml,local\LULO4\LuoJia1-01_LR201807154405_20180714140225_HDR_0022_gec.tif,hf://buckets/cbernegger/LULO4/LuoJia1-01_LR201807154405_20180714140225_HDR_0022_meta.xml,hf://buckets/cbernegger/LULO4/LuoJia1-01_LR201807154405_20180714140225_HDR_0022_gec.tif,117.694118,33.749159,121.695044,36.549331,119.857481,35.241813,2018-7-14T14:2:12.26728
LuoJia1-01_LR201807154405_20180714140230_HDR_0023,local\LULO4\LuoJia1-01_LR201807154405_20180714140230_HDR_0023_meta.xml,local\LULO4\LuoJia1-01_LR201807154405_20180714140230_HDR_0023_gec.tif,hf://buckets/cbernegger/LULO4/LuoJia1-01_LR201807154405_20180714140230_HDR_0023_meta.xml,hf://buckets/cbernegger/LULO4/LuoJia1-01_LR201807154405_20180714140230_HDR_0023_gec.tif,117.590566,34.048784,121.613617,36.853252,119.764838,35.54397,2018-7-14T14:2:17.27215
LuoJia1-01_LR201807154405_20180714140255_HDR_0028,local\LULO4\LuoJia1-01_LR201807154405_20180714140255_HDR_0028_meta.xml,local\LULO4\LuoJia1-01_LR201807154405_20180714140255_HDR_0028_gec.tif,hf://buckets/cbernegger/LULO4/LuoJia1-01_LR201807154405_20180714140255_HDR_0028_meta.xml,hf://buckets/cbernegger/LULO4/LuoJia1-01_LR201807154405_20180714140255_HDR_0028_gec.tif,117.05886,35.561473,121.172371,38.368703,119.285636,37.05798,2018-7-14T14:2:42.29651
LuoJia1-01_LR201807154405_20180714140355_HDR_0040,local\LULO4\LuoJia1-01_LR201807154405_20180714140355_HDR_0040_meta.xml,local\LULO4\LuoJia1-01_LR201807154405_20180714140355_HDR_0040_gec.tif,hf://buckets/cbernegger/LULO4/LuoJia1-01_LR201807154405_20180714140355_HDR_0040_meta.xml,hf://buckets/cbernegger/LULO4/LuoJia1-01_LR201807154405_20180714140355_HDR_0040_gec.tif,115.721524,39.170982,120.080592,42.007598,118.081039,40.684686,2018-7-14T14:3:42.35501
LuoJia1-01_LR201807154405_20180714140400_HDR_0041,local\LULO4\LuoJia1-01_LR201807154405_20180714140400_HDR_0041_meta.xml,local\LULO4\LuoJia1-01_LR201807154405_20180714140400_HDR_0041_gec.tif,hf://buckets/cbernegger/LULO4/LuoJia1-01_LR201807154405_20180714140400_HDR_0041_meta.xml,hf://buckets/cbernegger/LULO4/LuoJia1-01_LR201807154405_20180714140400_HDR_0041_gec.tif,115.602565,39.468969,119.980938,42.306984,117.971881,40.9837,2018-7-14T14:3:47.35988
LuoJia1-01_LR201807154405_20180714140405_HDR_0042,local\LULO4\LuoJia1-01_LR201807154405_20180714140405_HDR_0042_meta.xml,local\LULO4\LuoJia1-01_LR201807154405_20180714140405_HDR_0042_gec.tif,hf://buckets/cbernegger/LULO4/LuoJia1-01_LR201807154405_20180714140405_HDR_0042_meta.xml,hf://buckets/cbernegger/LULO4/LuoJia1-01_LR201807154405_20180714140405_HDR_0042_gec.tif,115.483619,39.76688,119.883158,42.607125,117.865952,41.282768,2018-7-14T14:3:52.36476
LuoJia1-01_LR201807154405_20180714140505_HDR_0054,local\LULO4\LuoJia1-01_LR201807154405_20180714140505_HDR_0054_meta.xml,local\LULO4\LuoJia1-01_LR201807154405_20180714140505_HDR_0054_gec.tif,hf://buckets/cbernegger/LULO4/LuoJia1-01_LR201807154405_20180714140505_HDR_0054_meta.xml,hf://buckets/cbernegger/LULO4/LuoJia1-01_LR201807154405_20180714140505_HDR_0054_gec.tif,113.964482,43.369971,118.673453,46.230655,116.51972,44.895681,2018-7-14T14:4:52.42331
LuoJia1-01_LR201807154405_20180714140510_HDR_0055,local\LULO4\LuoJia1-01_LR201807154405_20180714140510_HDR_0055_meta.xml,local\LULO4\LuoJia1-01_LR201807154405_20180714140510_HDR_0055_gec.tif,hf://buckets/cbernegger/LULO4/LuoJia1-01_LR201807154405_20180714140510_HDR_0055_meta.xml,hf://buckets/cbernegger/LULO4/LuoJia1-01_LR201807154405_20180714140510_HDR_0055_gec.tif,113.83063,43.667598,118.568312,46.530314,116.401336,45.19484,2018-7-14T14:4:57.42820
LuoJia1-01_LR201807154405_20180714140515_HDR_0056,local\LULO4\LuoJia1-01_LR201807154405_20180714140515_HDR_0056_meta.xml,local\LULO4\LuoJia1-01_LR201807154405_20180714140515_HDR_0056_gec.tif,hf://buckets/cbernegger/LULO4/LuoJia1-01_LR201807154405_20180714140515_HDR_0056_meta.xml,hf://buckets/cbernegger/LULO4/LuoJia1-01_LR201807154405_20180714140515_HDR_0056_gec.tif,113.69596,43.965626,118.461768,46.830951,116.282069,45.493617,2018-7-14T14:5:2.433082
LuoJia1-01_LR201807154405_20180714140520_HDR_0057,local\LULO4\LuoJia1-01_LR201807154405_20180714140520_HDR_0057_meta.xml,local\LULO4\LuoJia1-01_LR201807154405_20180714140520_HDR_0057_gec.tif,hf://buckets/cbernegger/LULO4/LuoJia1-01_LR201807154405_20180714140520_HDR_0057_meta.xml,hf://buckets/cbernegger/LULO4/LuoJia1-01_LR201807154405_20180714140520_HDR_0057_gec.tif,113.561817,44.266729,118.354652,47.130852,116.163271,45.794328,2018-7-14T14:5:7.437964
LuoJia1-01_LR201807154405_20180714140525_HDR_0058,local\LULO4\LuoJia1-01_LR201807154405_20180714140525_HDR_0058_meta.xml,local\LULO4\LuoJia1-01_LR201807154405_20180714140525_HDR_0058_gec.tif,hf://buckets/cbernegger/LULO4/LuoJia1-01_LR201807154405_20180714140525_HDR_0058_meta.xml,hf://buckets/cbernegger/LULO4/LuoJia1-01_LR201807154405_20180714140525_HDR_0058_gec.tif,113.426487,44.568132,118.248259,47.433843,116.044276,46.096212,2018-7-14T14:5:12.44284
LuoJia1-01_LR201807158979_20180715142345_HDR_0000,local\LULO4\LuoJia1-01_LR201807158979_20180715142345_HDR_0000_meta.xml,local\LULO4\LuoJia1-01_LR201807158979_20180715142345_HDR_0000_gec.tif,hf://buckets/cbernegger/LULO4/LuoJia1-01_LR201807158979_20180715142345_HDR_0000_meta.xml,hf://buckets/cbernegger/LULO4/LuoJia1-01_LR201807158979_20180715142345_HDR_0000_gec.tif,117.70104,25.169562,121.077848,27.799776,119.326653,26.43153,2018-7-15T14:23:32.2209
LuoJia1-01_LR201807158979_20180715142349_HDR_0001,local\LULO4\LuoJia1-01_LR201807158979_20180715142349_HDR_0001_meta.xml,local\LULO4\LuoJia1-01_LR201807158979_20180715142349_HDR_0001_gec.tif,hf://buckets/cbernegger/LULO4/LuoJia1-01_LR201807158979_20180715142349_HDR_0001_meta.xml,hf://buckets/cbernegger/LULO4/LuoJia1-01_LR201807158979_20180715142349_HDR_0001_gec.tif,117.623817,25.474978,121.011845,28.103018,119.252074,26.736357,2018-7-15T14:23:37.2257
LuoJia1-01_LR201807158979_20180715142354_HDR_0002,local\LULO4\LuoJia1-01_LR201807158979_20180715142354_HDR_0002_meta.xml,local\LULO4\LuoJia1-01_LR201807158979_20180715142354_HDR_0002_gec.tif,hf://buckets/cbernegger/LULO4/LuoJia1-01_LR201807158979_20180715142354_HDR_0002_meta.xml,hf://buckets/cbernegger/LULO4/LuoJia1-01_LR201807158979_20180715142354_HDR_0002_gec.tif,117.54719,25.77898,120.94276,28.4079,119.180867,27.040353,2018-7-15T14:23:42.2306
LuoJia1-01_LR201807158979_20180715142400_HDR_0003,local\LULO4\LuoJia1-01_LR201807158979_20180715142400_HDR_0003_meta.xml,local\LULO4\LuoJia1-01_LR201807158979_20180715142400_HDR_0003_gec.tif,hf://buckets/cbernegger/LULO4/LuoJia1-01_LR201807158979_20180715142400_HDR_0003_meta.xml,hf://buckets/cbernegger/LULO4/LuoJia1-01_LR201807158979_20180715142400_HDR_0003_gec.tif,117.470178,26.084695,120.876824,28.711905,119.109247,27.345299,2018-7-15T14:23:47.2352
LuoJia1-01_LR201807158979_20180715142405_HDR_0004,local\LULO4\LuoJia1-01_LR201807158979_20180715142405_HDR_0004_meta.xml,local\LULO4\LuoJia1-01_LR201807158979_20180715142405_HDR_0004_gec.tif,hf://buckets/cbernegger/LULO4/LuoJia1-01_LR201807158979_20180715142405_HDR_0004_meta.xml,hf://buckets/cbernegger/LULO4/LuoJia1-01_LR201807158979_20180715142405_HDR_0004_gec.tif,117.392107,26.391472,120.810152,29.019644,119.037768,27.652478,2018-7-15T14:23:52.2403
LuoJia1-01_LR201807158979_20180715142410_HDR_0005,local\LULO4\LuoJia1-01_LR201807158979_20180715142410_HDR_0005_meta.xml,local\LULO4\LuoJia1-01_LR201807158979_20180715142410_HDR_0005_gec.tif,hf://buckets/cbernegger/LULO4/LuoJia1-01_LR201807158979_20180715142410_HDR_0005_meta.xml,hf://buckets/cbernegger/LULO4/LuoJia1-01_LR201807158979_20180715142410_HDR_0005_gec.tif,117.314624,26.699928,120.742022,29.32824,118.965228,27.960867,2018-7-15T14:23:57.2452
LuoJia1-01_LR201807158979_20180715142415_HDR_0006,local\LULO4\LuoJia1-01_LR201807158979_20180715142415_HDR_0006_meta.xml,local\LULO4\LuoJia1-01_LR201807158979_20180715142415_HDR_0006_gec.tif,hf://buckets/cbernegger/LULO4/LuoJia1-01_LR201807158979_20180715142415_HDR_0006_meta.xml,hf://buckets/cbernegger/LULO4/LuoJia1-01_LR201807158979_20180715142415_HDR_0006_gec.tif,117.231632,27.005055,120.673911,29.636081,118.888054,28.267549,2018-7-15T14:24:2.25008
LuoJia1-01_LR201807158979_20180715142420_HDR_0007,local\LULO4\LuoJia1-01_LR201807158979_20180715142420_HDR_0007_meta.xml,local\LULO4\LuoJia1-01_LR201807158979_20180715142420_HDR_0007_gec.tif,hf://buckets/cbernegger/LULO4/LuoJia1-01_LR201807158979_20180715142420_HDR_0007_meta.xml,hf://buckets/cbernegger/LULO4/LuoJia1-01_LR201807158979_20180715142420_HDR_0007_gec.tif,117.15469,27.310365,120.599451,29.94124,118.813672,28.572998,2018-7-15T14:24:7.25494
LuoJia1-01_LR201807158979_20180715142425_HDR_0008,local\LULO4\LuoJia1-01_LR201807158979_20180715142425_HDR_0008_meta.xml,local\LULO4\LuoJia1-01_LR201807158979_20180715142425_HDR_0008_gec.tif,hf://buckets/cbernegger/LULO4/LuoJia1-01_LR201807158979_20180715142425_HDR_0008_meta.xml,hf://buckets/cbernegger/LULO4/LuoJia1-01_LR201807158979_20180715142425_HDR_0008_gec.tif,117.079015,27.617111,120.532705,30.247634,118.74415,28.878794,2018-7-15T14:24:12.2598
LuoJia1-01_LR201807158979_20180715142430_HDR_0009,local\LULO4\LuoJia1-01_LR201807158979_20180715142430_HDR_0009_meta.xml,local\LULO4\LuoJia1-01_LR201807158979_20180715142430_HDR_0009_gec.tif,hf://buckets/cbernegger/LULO4/LuoJia1-01_LR201807158979_20180715142430_HDR_0009_meta.xml,hf://buckets/cbernegger/LULO4/LuoJia1-01_LR201807158979_20180715142430_HDR_0009_gec.tif,117.004278,27.92236,120.466724,30.553562,118.673981,29.184737,2018-7-15T14:24:17.2646
LuoJia1-01_LR201807158979_20180715142435_HDR_0010,local\LULO4\LuoJia1-01_LR201807158979_20180715142435_HDR_0010_meta.xml,local\LULO4\LuoJia1-01_LR201807158979_20180715142435_HDR_0010_gec.tif,hf://buckets/cbernegger/LULO4/LuoJia1-01_LR201807158979_20180715142435_HDR_0010_meta.xml,hf://buckets/cbernegger/LULO4/LuoJia1-01_LR201807158979_20180715142435_HDR_0010_gec.tif,116.923255,28.225312,120.403627,30.860936,118.602365,29.489961,2018-7-15T14:24:22.2695
LuoJia1-01_LR201807158979_20180715142440_HDR_0011,local\LULO4\LuoJia1-01_LR201807158979_20180715142440_HDR_0011_meta.xml,local\LULO4\LuoJia1-01_LR201807158979_20180715142440_HDR_0011_gec.tif,hf://buckets/cbernegger/LULO4/LuoJia1-01_LR201807158979_20180715142440_HDR_0011_meta.xml,hf://buckets/cbernegger/LULO4/LuoJia1-01_LR201807158979_20180715142440_HDR_0011_gec.tif,116.840404,28.530181,120.333751,31.164863,118.525507,29.795034,2018-7-15T14:24:27.2743
LuoJia1-01_LR201807158979_20180715142445_HDR_0012,local\LULO4\LuoJia1-01_LR201807158979_20180715142445_HDR_0012_meta.xml,local\LULO4\LuoJia1-01_LR201807158979_20180715142445_HDR_0012_gec.tif,hf://buckets/cbernegger/LULO4/LuoJia1-01_LR201807158979_20180715142445_HDR_0012_meta.xml,hf://buckets/cbernegger/LULO4/LuoJia1-01_LR201807158979_20180715142445_HDR_0012_gec.tif,116.762315,28.835168,120.263179,31.471472,118.450042,30.100415,2018-7-15T14:24:32.2792
LuoJia1-01_LR201807158979_20180715142450_HDR_0013,local\LULO4\LuoJia1-01_LR201807158979_20180715142450_HDR_0013_meta.xml,local\LULO4\LuoJia1-01_LR201807158979_20180715142450_HDR_0013_gec.tif,hf://buckets/cbernegger/LULO4/LuoJia1-01_LR201807158979_20180715142450_HDR_0013_meta.xml,hf://buckets/cbernegger/LULO4/LuoJia1-01_LR201807158979_20180715142450_HDR_0013_gec.tif,116.681963,29.137695,120.196468,31.776644,118.376798,30.404302,2018-7-15T14:24:37.2841
LuoJia1-01_LR201807158979_20180715142455_HDR_0014,local\LULO4\LuoJia1-01_LR201807158979_20180715142455_HDR_0014_meta.xml,local\LULO4\LuoJia1-01_LR201807158979_20180715142455_HDR_0014_gec.tif,hf://buckets/cbernegger/LULO4/LuoJia1-01_LR201807158979_20180715142455_HDR_0014_meta.xml,hf://buckets/cbernegger/LULO4/LuoJia1-01_LR201807158979_20180715142455_HDR_0014_gec.tif,116.602321,29.442912,120.128736,32.079904,118.303492,30.708864,2018-7-15T14:24:42.2889
LuoJia1-01_LR201807158979_20180715142500_HDR_0015,local\LULO4\LuoJia1-01_LR201807158979_20180715142500_HDR_0015_meta.xml,local\LULO4\LuoJia1-01_LR201807158979_20180715142500_HDR_0015_gec.tif,hf://buckets/cbernegger/LULO4/LuoJia1-01_LR201807158979_20180715142500_HDR_0015_meta.xml,hf://buckets/cbernegger/LULO4/LuoJia1-01_LR201807158979_20180715142500_HDR_0015_gec.tif,116.515155,29.746544,120.060103,32.385929,118.225562,31.01339,2018-7-15T14:24:47.2938
LuoJia1-01_LR201807158979_20180715142505_HDR_0016,local\LULO4\LuoJia1-01_LR201807158979_20180715142505_HDR_0016_meta.xml,local\LULO4\LuoJia1-01_LR201807158979_20180715142505_HDR_0016_gec.tif,hf://buckets/cbernegger/LULO4/LuoJia1-01_LR201807158979_20180715142505_HDR_0016_meta.xml,hf://buckets/cbernegger/LULO4/LuoJia1-01_LR201807158979_20180715142505_HDR_0016_gec.tif,116.430949,30.051241,119.984037,32.689129,118.145264,31.317202,2018-7-15T14:24:52.2987
LuoJia1-01_LR201807158979_20180715142510_HDR_0017,local\LULO4\LuoJia1-01_LR201807158979_20180715142510_HDR_0017_meta.xml,local\LULO4\LuoJia1-01_LR201807158979_20180715142510_HDR_0017_gec.tif,hf://buckets/cbernegger/LULO4/LuoJia1-01_LR201807158979_20180715142510_HDR_0017_meta.xml,hf://buckets/cbernegger/LULO4/LuoJia1-01_LR201807158979_20180715142510_HDR_0017_gec.tif,116.351243,30.358081,119.910438,32.993094,118.069514,31.623692,2018-7-15T14:24:57.3035
LuoJia1-01_LR201807158979_20180715142515_HDR_0018,local\LULO4\LuoJia1-01_LR201807158979_20180715142515_HDR_0018_meta.xml,local\LULO4\LuoJia1-01_LR201807158979_20180715142515_HDR_0018_gec.tif,hf://buckets/cbernegger/LULO4/LuoJia1-01_LR201807158979_20180715142515_HDR_0018_meta.xml,hf://buckets/cbernegger/LULO4/LuoJia1-01_LR201807158979_20180715142515_HDR_0018_gec.tif,116.270162,30.663164,119.844016,33.301935,117.995931,31.930274,2018-7-15T14:25:2.30845
LuoJia1-01_LR201807158979_20180715142520_HDR_0019,local\LULO4\LuoJia1-01_LR201807158979_20180715142520_HDR_0019_meta.xml,local\LULO4\LuoJia1-01_LR201807158979_20180715142520_HDR_0019_gec.tif,hf://buckets/cbernegger/LULO4/LuoJia1-01_LR201807158979_20180715142520_HDR_0019_meta.xml,hf://buckets/cbernegger/LULO4/LuoJia1-01_LR201807158979_20180715142520_HDR_0019_gec.tif,116.1856,30.967782,119.775035,33.608157,117.919077,32.235746,2018-7-15T14:25:7.31325
LuoJia1-01_LR201807158979_20180715142525_HDR_0020,local\LULO4\LuoJia1-01_LR201807158979_20180715142525_HDR_0020_meta.xml,local\LULO4\LuoJia1-01_LR201807158979_20180715142525_HDR_0020_gec.tif,hf://buckets/cbernegger/LULO4/LuoJia1-01_LR201807158979_20180715142525_HDR_0020_meta.xml,hf://buckets/cbernegger/LULO4/LuoJia1-01_LR201807158979_20180715142525_HDR_0020_gec.tif,116.104954,31.272811,119.705528,33.914321,117.843414,32.541188,2018-7-15T14:25:12.3181
LuoJia1-01_LR201807158979_20180715142530_HDR_0021,local\LULO4\LuoJia1-01_LR201807158979_20180715142530_HDR_0021_meta.xml,local\LULO4\LuoJia1-01_LR201807158979_20180715142530_HDR_0021_gec.tif,hf://buckets/cbernegger/LULO4/LuoJia1-01_LR201807158979_20180715142530_HDR_0021_meta.xml,hf://buckets/cbernegger/LULO4/LuoJia1-01_LR201807158979_20180715142530_HDR_0021_gec.tif,116.02282,31.57719,119.63833,34.220185,117.768602,32.846111,2018-7-15T14:25:17.3230
LuoJia1-01_LR201807158979_20180715142535_HDR_0022,local\LULO4\LuoJia1-01_LR201807158979_20180715142535_HDR_0022_meta.xml,local\LULO4\LuoJia1-01_LR201807158979_20180715142535_HDR_0022_gec.tif,hf://buckets/cbernegger/LULO4/LuoJia1-01_LR201807158979_20180715142535_HDR_0022_meta.xml,hf://buckets/cbernegger/LULO4/LuoJia1-01_LR201807158979_20180715142535_HDR_0022_gec.tif,115.937716,31.882378,119.569338,34.525214,117.691413,33.151367,2018-7-15T14:25:22.3279
LuoJia1-01_LR201807158979_20180715142540_HDR_0023,local\LULO4\LuoJia1-01_LR201807158979_20180715142540_HDR_0023_meta.xml,local\LULO4\LuoJia1-01_LR201807158979_20180715142540_HDR_0023_gec.tif,hf://buckets/cbernegger/LULO4/LuoJia1-01_LR201807158979_20180715142540_HDR_0023_meta.xml,hf://buckets/cbernegger/LULO4/LuoJia1-01_LR201807158979_20180715142540_HDR_0023_gec.tif,115.852568,32.18725,119.497777,34.831305,117.61321,33.456933,2018-7-15T14:25:27.3328
LuoJia1-01_LR201807158979_20180715142545_HDR_0024,local\LULO4\LuoJia1-01_LR201807158979_20180715142545_HDR_0024_meta.xml,local\LULO4\LuoJia1-01_LR201807158979_20180715142545_HDR_0024_gec.tif,hf://buckets/cbernegger/LULO4/LuoJia1-01_LR201807158979_20180715142545_HDR_0024_meta.xml,hf://buckets/cbernegger/LULO4/LuoJia1-01_LR201807158979_20180715142545_HDR_0024_gec.tif,115.766093,32.492235,119.42669,35.137212,117.534005,33.76237,2018-7-15T14:25:32.3376
LuoJia1-01_LR201807158979_20180715142550_HDR_0025,local\LULO4\LuoJia1-01_LR201807158979_20180715142550_HDR_0025_meta.xml,local\LULO4\LuoJia1-01_LR201807158979_20180715142550_HDR_0025_gec.tif,hf://buckets/cbernegger/LULO4/LuoJia1-01_LR201807158979_20180715142550_HDR_0025_meta.xml,hf://buckets/cbernegger/LULO4/LuoJia1-01_LR201807158979_20180715142550_HDR_0025_gec.tif,115.682993,32.798248,119.354033,35.443141,117.456557,34.068334,2018-7-15T14:25:37.3425
LuoJia1-01_LR201807158979_20180715142555_HDR_0026,local\LULO4\LuoJia1-01_LR201807158979_20180715142555_HDR_0026_meta.xml,local\LULO4\LuoJia1-01_LR201807158979_20180715142555_HDR_0026_gec.tif,hf://buckets/cbernegger/LULO4/LuoJia1-01_LR201807158979_20180715142555_HDR_0026_meta.xml,hf://buckets/cbernegger/LULO4/LuoJia1-01_LR201807158979_20180715142555_HDR_0026_gec.tif,115.595017,33.101889,119.284508,35.74945,117.377404,34.373022,2018-7-15T14:25:42.3474
LuoJia1-01_LR201807158979_20180715142600_HDR_0027,local\LULO4\LuoJia1-01_LR201807158979_20180715142600_HDR_0027_meta.xml,local\LULO4\LuoJia1-01_LR201807158979_20180715142600_HDR_0027_gec.tif,hf://buckets/cbernegger/LULO4/LuoJia1-01_LR201807158979_20180715142600_HDR_0027_meta.xml,hf://buckets/cbernegger/LULO4/LuoJia1-01_LR201807158979_20180715142600_HDR_0027_gec.tif,115.506167,33.406535,119.209629,36.05281,117.295819,34.677706,2018-7-15T14:25:47.3522
LuoJia1-01_LR201807158979_20180715142605_HDR_0028,local\LULO4\LuoJia1-01_LR201807158979_20180715142605_HDR_0028_meta.xml,local\LULO4\LuoJia1-01_LR201807158979_20180715142605_HDR_0028_gec.tif,hf://buckets/cbernegger/LULO4/LuoJia1-01_LR201807158979_20180715142605_HDR_0028_meta.xml,hf://buckets/cbernegger/LULO4/LuoJia1-01_LR201807158979_20180715142605_HDR_0028_gec.tif,115.420981,33.712037,119.135784,36.358585,117.216512,34.983562,2018-7-15T14:25:52.3571
LuoJia1-01_LR201807158979_20180715142610_HDR_0029,local\LULO4\LuoJia1-01_LR201807158979_20180715142610_HDR_0029_meta.xml,local\LULO4\LuoJia1-01_LR201807158979_20180715142610_HDR_0029_gec.tif,hf://buckets/cbernegger/LULO4/LuoJia1-01_LR201807158979_20180715142610_HDR_0029_meta.xml,hf://buckets/cbernegger/LULO4/LuoJia1-01_LR201807158979_20180715142610_HDR_0029_gec.tif,115.334425,34.015253,119.065828,36.66557,117.138121,35.28834,2018-7-15T14:25:57.3620
LuoJia1-01_LR201807158979_20180715142615_HDR_0030,local\LULO4\LuoJia1-01_LR201807158979_20180715142615_HDR_0030_meta.xml,local\LULO4\LuoJia1-01_LR201807158979_20180715142615_HDR_0030_gec.tif,hf://buckets/cbernegger/LULO4/LuoJia1-01_LR201807158979_20180715142615_HDR_0030_meta.xml,hf://buckets/cbernegger/LULO4/LuoJia1-01_LR201807158979_20180715142615_HDR_0030_gec.tif,115.245476,34.318095,118.994734,36.970654,117.057749,35.591843,2018-7-15T14:26:2.36690
LuoJia1-01_LR201807158979_20180715142620_HDR_0031,local\LULO4\LuoJia1-01_LR201807158979_20180715142620_HDR_0031_meta.xml,local\LULO4\LuoJia1-01_LR201807158979_20180715142620_HDR_0031_gec.tif,hf://buckets/cbernegger/LULO4/LuoJia1-01_LR201807158979_20180715142620_HDR_0031_meta.xml,hf://buckets/cbernegger/LULO4/LuoJia1-01_LR201807158979_20180715142620_HDR_0031_gec.tif,115.155086,34.621461,118.920462,37.274067,116.975062,35.895132,2018-7-15T14:26:7.37178
LuoJia1-01_LR201807158979_20180715142625_HDR_0032,local\LULO4\LuoJia1-01_LR201807158979_20180715142625_HDR_0032_meta.xml,local\LULO4\LuoJia1-01_LR201807158979_20180715142625_HDR_0032_gec.tif,hf://buckets/cbernegger/LULO4/LuoJia1-01_LR201807158979_20180715142625_HDR_0032_meta.xml,hf://buckets/cbernegger/LULO4/LuoJia1-01_LR201807158979_20180715142625_HDR_0032_gec.tif,115.066324,34.927365,118.844675,37.577921,116.893347,36.200645,2018-7-15T14:26:12.3766
LuoJia1-01_LR201807158979_20180715142630_HDR_0033,local\LULO4\LuoJia1-01_LR201807158979_20180715142630_HDR_0033_meta.xml,local\LULO4\LuoJia1-01_LR201807158979_20180715142630_HDR_0033_gec.tif,hf://buckets/cbernegger/LULO4/LuoJia1-01_LR201807158979_20180715142630_HDR_0033_meta.xml,hf://buckets/cbernegger/LULO4/LuoJia1-01_LR201807158979_20180715142630_HDR_0033_gec.tif,114.975093,35.229795,118.771346,37.884906,116.811129,36.504713,2018-7-15T14:26:17.3815
LuoJia1-01_LR201807158979_20180715142635_HDR_0034,local\LULO4\LuoJia1-01_LR201807158979_20180715142635_HDR_0034_meta.xml,local\LULO4\LuoJia1-01_LR201807158979_20180715142635_HDR_0034_gec.tif,hf://buckets/cbernegger/LULO4/LuoJia1-01_LR201807158979_20180715142635_HDR_0034_meta.xml,hf://buckets/cbernegger/LULO4/LuoJia1-01_LR201807158979_20180715142635_HDR_0034_gec.tif,114.879182,35.53352,118.694371,38.187215,116.724572,36.808169,2018-7-15T14:26:22.3864
LuoJia1-01_LR201807158979_20180715142640_HDR_0035,local\LULO4\LuoJia1-01_LR201807158979_20180715142640_HDR_0035_meta.xml,local\LULO4\LuoJia1-01_LR201807158979_20180715142640_HDR_0035_gec.tif,hf://buckets/cbernegger/LULO4/LuoJia1-01_LR201807158979_20180715142640_HDR_0035_meta.xml,hf://buckets/cbernegger/LULO4/LuoJia1-01_LR201807158979_20180715142640_HDR_0035_gec.tif,114.788098,35.838109,118.612574,38.491341,116.639564,37.112721,2018-7-15T14:26:27.3912
LuoJia1-01_LR201807158979_20180715142645_HDR_0036,local\LULO4\LuoJia1-01_LR201807158979_20180715142645_HDR_0036_meta.xml,local\LULO4\LuoJia1-01_LR201807158979_20180715142645_HDR_0036_gec.tif,hf://buckets/cbernegger/LULO4/LuoJia1-01_LR201807158979_20180715142645_HDR_0036_meta.xml,hf://buckets/cbernegger/LULO4/LuoJia1-01_LR201807158979_20180715142645_HDR_0036_gec.tif,114.695724,36.144471,118.53819,38.797082,116.555604,37.419011,2018-7-15T14:26:32.3961
LuoJia1-01_LR201807158979_20180715142650_HDR_0037,local\LULO4\LuoJia1-01_LR201807158979_20180715142650_HDR_0037_meta.xml,local\LULO4\LuoJia1-01_LR201807158979_20180715142650_HDR_0037_gec.tif,hf://buckets/cbernegger/LULO4/LuoJia1-01_LR201807158979_20180715142650_HDR_0037_meta.xml,hf://buckets/cbernegger/LULO4/LuoJia1-01_LR201807158979_20180715142650_HDR_0037_gec.tif,114.608056,36.448179,118.462183,39.104634,116.474504,37.724444,2018-7-15T14:26:37.4010
LuoJia1-01_LR201807158979_20180715142655_HDR_0038,local\LULO4\LuoJia1-01_LR201807158979_20180715142655_HDR_0038_meta.xml,local\LULO4\LuoJia1-01_LR201807158979_20180715142655_HDR_0038_gec.tif,hf://buckets/cbernegger/LULO4/LuoJia1-01_LR201807158979_20180715142655_HDR_0038_meta.xml,hf://buckets/cbernegger/LULO4/LuoJia1-01_LR201807158979_20180715142655_HDR_0038_gec.tif,114.517899,36.751069,118.39378,39.409693,116.393875,38.028063,2018-7-15T14:26:42.4059
LuoJia1-01_LR201807158979_20180715142705_HDR_0040,local\LULO4\LuoJia1-01_LR201807158979_20180715142705_HDR_0040_meta.xml,local\LULO4\LuoJia1-01_LR201807158979_20180715142705_HDR_0040_gec.tif,hf://buckets/cbernegger/LULO4/LuoJia1-01_LR201807158979_20180715142705_HDR_0040_meta.xml,hf://buckets/cbernegger/LULO4/LuoJia1-01_LR201807158979_20180715142705_HDR_0040_gec.tif,114.32797,37.35756,118.241244,40.017911,116.222254,38.635951,2018-7-15T14:26:52.4156
LuoJia1-01_LR201807158979_20180715142710_HDR_0041,local\LULO4\LuoJia1-01_LR201807158979_20180715142710_HDR_0041_meta.xml,local\LULO4\LuoJia1-01_LR201807158979_20180715142710_HDR_0041_gec.tif,hf://buckets/cbernegger/LULO4/LuoJia1-01_LR201807158979_20180715142710_HDR_0041_meta.xml,hf://buckets/cbernegger/LULO4/LuoJia1-01_LR201807158979_20180715142710_HDR_0041_gec.tif,114.229576,37.659355,118.164529,40.320648,116.133558,38.938652,2018-7-15T14:26:57.4205
LuoJia1-01_LR201807158979_20180715142715_HDR_0042,local\LULO4\LuoJia1-01_LR201807158979_20180715142715_HDR_0042_meta.xml,local\LULO4\LuoJia1-01_LR201807158979_20180715142715_HDR_0042_gec.tif,hf://buckets/cbernegger/LULO4/LuoJia1-01_LR201807158979_20180715142715_HDR_0042_meta.xml,hf://buckets/cbernegger/LULO4/LuoJia1-01_LR201807158979_20180715142715_HDR_0042_gec.tif,114.137118,37.962949,118.083333,40.62327,116.047818,39.241988,2018-7-15T14:27:2.42541
LuoJia1-01_LR201807158979_20180715142725_HDR_0044,local\LULO4\LuoJia1-01_LR201807158979_20180715142725_HDR_0044_meta.xml,local\LULO4\LuoJia1-01_LR201807158979_20180715142725_HDR_0044_gec.tif,hf://buckets/cbernegger/LULO4/LuoJia1-01_LR201807158979_20180715142725_HDR_0044_meta.xml,hf://buckets/cbernegger/LULO4/LuoJia1-01_LR201807158979_20180715142725_HDR_0044_gec.tif,113.947166,38.570265,117.934572,41.23379,115.877318,39.850904,2018-7-15T14:27:12.4351
LuoJia1-01_LR201807158979_20180715142730_HDR_0045,local\LULO4\LuoJia1-01_LR201807158979_20180715142730_HDR_0045_meta.xml,local\LULO4\LuoJia1-01_LR201807158979_20180715142730_HDR_0045_gec.tif,hf://buckets/cbernegger/LULO4/LuoJia1-01_LR201807158979_20180715142730_HDR_0045_meta.xml,hf://buckets/cbernegger/LULO4/LuoJia1-01_LR201807158979_20180715142730_HDR_0045_gec.tif,113.850495,38.874093,117.8582,41.5365,115.788912,40.154215,2018-7-15T14:27:17.4400
LuoJia1-01_LR201807158979_20180715142735_HDR_0046,local\LULO4\LuoJia1-01_LR201807158979_20180715142735_HDR_0046_meta.xml,local\LULO4\LuoJia1-01_LR201807158979_20180715142735_HDR_0046_gec.tif,hf://buckets/cbernegger/LULO4/LuoJia1-01_LR201807158979_20180715142735_HDR_0046_meta.xml,hf://buckets/cbernegger/LULO4/LuoJia1-01_LR201807158979_20180715142735_HDR_0046_gec.tif,113.749184,39.178386,117.780414,41.840815,115.698189,40.458117,2018-7-15T14:27:22.4449
LuoJia1-01_LR201807158979_20180715142740_HDR_0047,local\LULO4\LuoJia1-01_LR201807158979_20180715142740_HDR_0047_meta.xml,local\LULO4\LuoJia1-01_LR201807158979_20180715142740_HDR_0047_gec.tif,hf://buckets/cbernegger/LULO4/LuoJia1-01_LR201807158979_20180715142740_HDR_0047_meta.xml,hf://buckets/cbernegger/LULO4/LuoJia1-01_LR201807158979_20180715142740_HDR_0047_gec.tif,113.65122,39.484928,117.697914,42.144281,115.608704,40.762406,2018-7-15T14:27:27.4498
LuoJia1-01_LR201807158979_20180715142745_HDR_0048,local\LULO4\LuoJia1-01_LR201807158979_20180715142745_HDR_0048_meta.xml,local\LULO4\LuoJia1-01_LR201807158979_20180715142745_HDR_0048_gec.tif,hf://buckets/cbernegger/LULO4/LuoJia1-01_LR201807158979_20180715142745_HDR_0048_meta.xml,hf://buckets/cbernegger/LULO4/LuoJia1-01_LR201807158979_20180715142745_HDR_0048_gec.tif,113.550683,39.786205,117.618133,42.448653,115.518792,41.066158,2018-7-15T14:27:32.4546
LuoJia1-01_LR201807158979_20180715142750_HDR_0049,local\LULO4\LuoJia1-01_LR201807158979_20180715142750_HDR_0049_meta.xml,local\LULO4\LuoJia1-01_LR201807158979_20180715142750_HDR_0049_gec.tif,hf://buckets/cbernegger/LULO4/LuoJia1-01_LR201807158979_20180715142750_HDR_0049_meta.xml,hf://buckets/cbernegger/LULO4/LuoJia1-01_LR201807158979_20180715142750_HDR_0049_gec.tif,113.444829,40.090967,117.534362,42.75312,115.424871,41.371241,2018-7-15T14:27:37.4595
LuoJia1-01_LR201807158979_20180715142755_HDR_0050,local\LULO4\LuoJia1-01_LR201807158979_20180715142755_HDR_0050_meta.xml,local\LULO4\LuoJia1-01_LR201807158979_20180715142755_HDR_0050_gec.tif,hf://buckets/cbernegger/LULO4/LuoJia1-01_LR201807158979_20180715142755_HDR_0050_meta.xml,hf://buckets/cbernegger/LULO4/LuoJia1-01_LR201807158979_20180715142755_HDR_0050_gec.tif,113.339434,40.394353,117.44546,43.059612,115.330118,41.675365,2018-7-15T14:27:42.4644
LuoJia1-01_LR201807158979_20180715142800_HDR_0051,local\LULO4\LuoJia1-01_LR201807158979_20180715142800_HDR_0051_meta.xml,local\LULO4\LuoJia1-01_LR201807158979_20180715142800_HDR_0051_gec.tif,hf://buckets/cbernegger/LULO4/LuoJia1-01_LR201807158979_20180715142800_HDR_0051_meta.xml,hf://buckets/cbernegger/LULO4/LuoJia1-01_LR201807158979_20180715142800_HDR_0051_gec.tif,113.236876,40.697268,117.362843,43.362957,115.236324,41.978779,2018-7-15T14:27:47.4693
LuoJia1-01_LR201807158979_20180715142805_HDR_0052,local\LULO4\LuoJia1-01_LR201807158979_20180715142805_HDR_0052_meta.xml,local\LULO4\LuoJia1-01_LR201807158979_20180715142805_HDR_0052_gec.tif,hf://buckets/cbernegger/LULO4/LuoJia1-01_LR201807158979_20180715142805_HDR_0052_meta.xml,hf://buckets/cbernegger/LULO4/LuoJia1-01_LR201807158979_20180715142805_HDR_0052_gec.tif,113.133759,41.000702,117.280918,43.667558,115.144733,42.282494,2018-7-15T14:27:52.4742
LuoJia1-01_LR201807158979_20180715142810_HDR_0053,local\LULO4\LuoJia1-01_LR201807158979_20180715142810_HDR_0053_meta.xml,local\LULO4\LuoJia1-01_LR201807158979_20180715142810_HDR_0053_gec.tif,hf://buckets/cbernegger/LULO4/LuoJia1-01_LR201807158979_20180715142810_HDR_0053_meta.xml,hf://buckets/cbernegger/LULO4/LuoJia1-01_LR201807158979_20180715142810_HDR_0053_gec.tif,113.031515,41.302462,117.200509,43.972171,115.053382,42.585875,2018-7-15T14:27:57.4790
LuoJia1-01_LR201807158979_20180715142815_HDR_0054,local\LULO4\LuoJia1-01_LR201807158979_20180715142815_HDR_0054_meta.xml,local\LULO4\LuoJia1-01_LR201807158979_20180715142815_HDR_0054_gec.tif,hf://buckets/cbernegger/LULO4/LuoJia1-01_LR201807158979_20180715142815_HDR_0054_meta.xml,hf://buckets/cbernegger/LULO4/LuoJia1-01_LR201807158979_20180715142815_HDR_0054_gec.tif,112.926328,41.604369,117.116677,44.276052,114.960879,42.888761,2018-7-15T14:28:2.48397
LuoJia1-01_LR201807158979_20180715142820_HDR_0055,local\LULO4\LuoJia1-01_LR201807158979_20180715142820_HDR_0055_meta.xml,local\LULO4\LuoJia1-01_LR201807158979_20180715142820_HDR_0055_gec.tif,hf://buckets/cbernegger/LULO4/LuoJia1-01_LR201807158979_20180715142820_HDR_0055_meta.xml,hf://buckets/cbernegger/LULO4/LuoJia1-01_LR201807158979_20180715142820_HDR_0055_gec.tif,112.817142,41.906469,117.033717,44.579814,114.863347,43.190867,2018-7-15T14:28:7.48885
LuoJia1-01_LR201807158979_20180715142825_HDR_0056,local\LULO4\LuoJia1-01_LR201807158979_20180715142825_HDR_0056_meta.xml,local\LULO4\LuoJia1-01_LR201807158979_20180715142825_HDR_0056_gec.tif,hf://buckets/cbernegger/LULO4/LuoJia1-01_LR201807158979_20180715142825_HDR_0056_meta.xml,hf://buckets/cbernegger/LULO4/LuoJia1-01_LR201807158979_20180715142825_HDR_0056_gec.tif,112.716292,42.210979,116.94575,44.88239,114.770471,43.495199,2018-7-15T14:28:12.4937
LuoJia1-01_LR201807158979_20180715142830_HDR_0057,local\LULO4\LuoJia1-01_LR201807158979_20180715142830_HDR_0057_meta.xml,local\LULO4\LuoJia1-01_LR201807158979_20180715142830_HDR_0057_gec.tif,hf://buckets/cbernegger/LULO4/LuoJia1-01_LR201807158979_20180715142830_HDR_0057_meta.xml,hf://buckets/cbernegger/LULO4/LuoJia1-01_LR201807158979_20180715142830_HDR_0057_gec.tif,112.609939,42.512869,116.867754,45.1883,114.677716,43.799224,2018-7-15T14:28:17.4986
LuoJia1-01_LR201807158979_20180715142835_HDR_0058,local\LULO4\LuoJia1-01_LR201807158979_20180715142835_HDR_0058_meta.xml,local\LULO4\LuoJia1-01_LR201807158979_20180715142835_HDR_0058_gec.tif,hf://buckets/cbernegger/LULO4/LuoJia1-01_LR201807158979_20180715142835_HDR_0058_meta.xml,hf://buckets/cbernegger/LULO4/LuoJia1-01_LR201807158979_20180715142835_HDR_0058_gec.tif,112.502538,42.814912,116.785394,45.491972,114.582744,44.102321,2018-7-15T14:28:22.5034
LuoJia1-01_LR201807186256_20180717151035_HDR_0000,local\LULO4\LuoJia1-01_LR201807186256_20180717151035_HDR_0000_meta.xml,local\LULO4\LuoJia1-01_LR201807186256_20180717151035_HDR_0000_gec.tif,hf://buckets/cbernegger/LULO4/LuoJia1-01_LR201807186256_20180717151035_HDR_0000_meta.xml,hf://buckets/cbernegger/LULO4/LuoJia1-01_LR201807186256_20180717151035_HDR_0000_gec.tif,105.354494,21.672974,108.551309,24.264101,106.969524,22.974545,2018-7-17T15:10:22.2219
LuoJia1-01_LR201807186256_20180717151039_HDR_0001,local\LULO4\LuoJia1-01_LR201807186256_20180717151039_HDR_0001_meta.xml,local\LULO4\LuoJia1-01_LR201807186256_20180717151039_HDR_0001_gec.tif,hf://buckets/cbernegger/LULO4/LuoJia1-01_LR201807186256_20180717151039_HDR_0001_meta.xml,hf://buckets/cbernegger/LULO4/LuoJia1-01_LR201807186256_20180717151039_HDR_0001_gec.tif,105.2817,21.98018,108.483644,24.568271,106.90076,23.27992,2018-7-17T15:10:27.2268
LuoJia1-01_LR201807186256_20180717151044_HDR_0002,local\LULO4\LuoJia1-01_LR201807186256_20180717151044_HDR_0002_meta.xml,local\LULO4\LuoJia1-01_LR201807186256_20180717151044_HDR_0002_gec.tif,hf://buckets/cbernegger/LULO4/LuoJia1-01_LR201807186256_20180717151044_HDR_0002_meta.xml,hf://buckets/cbernegger/LULO4/LuoJia1-01_LR201807186256_20180717151044_HDR_0002_gec.tif,105.205802,22.285109,108.416941,24.872694,106.828376,23.585554,2018-7-17T15:10:32.2316
LuoJia1-01_LR201807186256_20180717151050_HDR_0003,local\LULO4\LuoJia1-01_LR201807186256_20180717151050_HDR_0003_meta.xml,local\LULO4\LuoJia1-01_LR201807186256_20180717151050_HDR_0003_gec.tif,hf://buckets/cbernegger/LULO4/LuoJia1-01_LR201807186256_20180717151050_HDR_0003_meta.xml,hf://buckets/cbernegger/LULO4/LuoJia1-01_LR201807186256_20180717151050_HDR_0003_gec.tif,105.128698,22.589137,108.346936,25.177699,106.755519,23.890247,2018-7-17T15:10:37.2365
LuoJia1-01_LR201807186256_20180717151055_HDR_0004,local\LULO4\LuoJia1-01_LR201807186256_20180717151055_HDR_0004_meta.xml,local\LULO4\LuoJia1-01_LR201807186256_20180717151055_HDR_0004_gec.tif,hf://buckets/cbernegger/LULO4/LuoJia1-01_LR201807186256_20180717151055_HDR_0004_meta.xml,hf://buckets/cbernegger/LULO4/LuoJia1-01_LR201807186256_20180717151055_HDR_0004_gec.tif,105.0492,22.894004,108.277635,25.481431,106.680911,24.194121,2018-7-17T15:10:42.2413
LuoJia1-01_LR201807186256_20180717151100_HDR_0005,local\LULO4\LuoJia1-01_LR201807186256_20180717151100_HDR_0005_meta.xml,local\LULO4\LuoJia1-01_LR201807186256_20180717151100_HDR_0005_gec.tif,hf://buckets/cbernegger/LULO4/LuoJia1-01_LR201807186256_20180717151100_HDR_0005_meta.xml,hf://buckets/cbernegger/LULO4/LuoJia1-01_LR201807186256_20180717151100_HDR_0005_gec.tif,104.971999,23.199802,108.204905,25.784869,106.605925,24.499513,2018-7-17T15:10:47.2462
LuoJia1-01_LR201807186256_20180717151104_HDR_0006,local\LULO4\LuoJia1-01_LR201807186256_20180717151104_HDR_0006_meta.xml,local\LULO4\LuoJia1-01_LR201807186256_20180717151104_HDR_0006_gec.tif,hf://buckets/cbernegger/LULO4/LuoJia1-01_LR201807186256_20180717151104_HDR_0006_meta.xml,hf://buckets/cbernegger/LULO4/LuoJia1-01_LR201807186256_20180717151104_HDR_0006_gec.tif,104.896714,23.506448,108.135671,26.091497,106.534761,24.805389,2018-7-17T15:10:52.2510
LuoJia1-01_LR201807186256_20180717151110_HDR_0007,local\LULO4\LuoJia1-01_LR201807186256_20180717151110_HDR_0007_meta.xml,local\LULO4\LuoJia1-01_LR201807186256_20180717151110_HDR_0007_gec.tif,hf://buckets/cbernegger/LULO4/LuoJia1-01_LR201807186256_20180717151110_HDR_0007_meta.xml,hf://buckets/cbernegger/LULO4/LuoJia1-01_LR201807186256_20180717151110_HDR_0007_gec.tif,104.820838,23.810755,108.068521,26.397559,106.462831,25.110304,2018-7-17T15:10:57.2559
LuoJia1-01_LR201807186256_20180717151115_HDR_0008,local\LULO4\LuoJia1-01_LR201807186256_20180717151115_HDR_0008_meta.xml,local\LULO4\LuoJia1-01_LR201807186256_20180717151115_HDR_0008_gec.tif,hf://buckets/cbernegger/LULO4/LuoJia1-01_LR201807186256_20180717151115_HDR_0008_meta.xml,hf://buckets/cbernegger/LULO4/LuoJia1-01_LR201807186256_20180717151115_HDR_0008_gec.tif,104.74142,24.116627,108.000439,26.702326,106.388791,25.416369,2018-7-17T15:11:2.26019
LuoJia1-01_LR201807186256_20180717151120_HDR_0009,local\LULO4\LuoJia1-01_LR201807186256_20180717151120_HDR_0009_meta.xml,local\LULO4\LuoJia1-01_LR201807186256_20180717151120_HDR_0009_gec.tif,hf://buckets/cbernegger/LULO4/LuoJia1-01_LR201807186256_20180717151120_HDR_0009_meta.xml,hf://buckets/cbernegger/LULO4/LuoJia1-01_LR201807186256_20180717151120_HDR_0009_gec.tif,104.666752,24.422111,107.930121,27.008896,106.318067,25.722675,2018-7-17T15:11:7.26509
LuoJia1-01_LR201807186256_20180717151124_HDR_0010,local\LULO4\LuoJia1-01_LR201807186256_20180717151124_HDR_0010_meta.xml,local\LULO4\LuoJia1-01_LR201807186256_20180717151124_HDR_0010_gec.tif,hf://buckets/cbernegger/LULO4/LuoJia1-01_LR201807186256_20180717151124_HDR_0010_meta.xml,hf://buckets/cbernegger/LULO4/LuoJia1-01_LR201807186256_20180717151124_HDR_0010_gec.tif,104.586336,24.728013,107.863528,27.315554,106.243784,26.027813,2018-7-17T15:11:12.2695
LuoJia1-01_LR201807186256_20180717151130_HDR_0011,local\LULO4\LuoJia1-01_LR201807186256_20180717151130_HDR_0011_meta.xml,local\LULO4\LuoJia1-01_LR201807186256_20180717151130_HDR_0011_gec.tif,hf://buckets/cbernegger/LULO4/LuoJia1-01_LR201807186256_20180717151130_HDR_0011_meta.xml,hf://buckets/cbernegger/LULO4/LuoJia1-01_LR201807186256_20180717151130_HDR_0011_gec.tif,104.50428,25.032844,107.791865,27.621317,106.167683,26.333352,2018-7-17T15:11:17.2754
LuoJia1-01_LR201807186256_20180717151135_HDR_0012,local\LULO4\LuoJia1-01_LR201807186256_20180717151135_HDR_0012_meta.xml,local\LULO4\LuoJia1-01_LR201807186256_20180717151135_HDR_0012_gec.tif,hf://buckets/cbernegger/LULO4/LuoJia1-01_LR201807186256_20180717151135_HDR_0012_meta.xml,hf://buckets/cbernegger/LULO4/LuoJia1-01_LR201807186256_20180717151135_HDR_0012_gec.tif,104.42116,25.338286,107.718933,27.927116,106.090335,26.638805,2018-7-17T15:11:22.2802
LuoJia1-01_LR201807186256_20180717151140_HDR_0013,local\LULO4\LuoJia1-01_LR201807186256_20180717151140_HDR_0013_meta.xml,local\LULO4\LuoJia1-01_LR201807186256_20180717151140_HDR_0013_gec.tif,hf://buckets/cbernegger/LULO4/LuoJia1-01_LR201807186256_20180717151140_HDR_0013_meta.xml,hf://buckets/cbernegger/LULO4/LuoJia1-01_LR201807186256_20180717151140_HDR_0013_gec.tif,104.33899,25.64245,107.645605,28.231661,106.015299,26.943327,2018-7-17T15:11:27.2851
LuoJia1-01_LR201807186256_20180717151145_HDR_0014,local\LULO4\LuoJia1-01_LR201807186256_20180717151145_HDR_0014_meta.xml,local\LULO4\LuoJia1-01_LR201807186256_20180717151145_HDR_0014_gec.tif,hf://buckets/cbernegger/LULO4/LuoJia1-01_LR201807186256_20180717151145_HDR_0014_meta.xml,hf://buckets/cbernegger/LULO4/LuoJia1-01_LR201807186256_20180717151145_HDR_0014_gec.tif,104.254446,25.94695,107.57612,28.535864,105.937509,27.248355,2018-7-17T15:11:32.2900
LuoJia1-01_LR201807186256_20180717151150_HDR_0015,local\LULO4\LuoJia1-01_LR201807186256_20180717151150_HDR_0015_meta.xml,local\LULO4\LuoJia1-01_LR201807186256_20180717151150_HDR_0015_gec.tif,hf://buckets/cbernegger/LULO4/LuoJia1-01_LR201807186256_20180717151150_HDR_0015_meta.xml,hf://buckets/cbernegger/LULO4/LuoJia1-01_LR201807186256_20180717151150_HDR_0015_gec.tif,104.174316,26.251147,107.500799,28.842771,105.860345,27.55399,2018-7-17T15:11:37.2948
LuoJia1-01_LR201807186256_20180717151155_HDR_0016,local\LULO4\LuoJia1-01_LR201807186256_20180717151155_HDR_0016_meta.xml,local\LULO4\LuoJia1-01_LR201807186256_20180717151155_HDR_0016_gec.tif,hf://buckets/cbernegger/LULO4/LuoJia1-01_LR201807186256_20180717151155_HDR_0016_meta.xml,hf://buckets/cbernegger/LULO4/LuoJia1-01_LR201807186256_20180717151155_HDR_0016_gec.tif,104.091841,26.554156,107.429571,29.14859,105.784214,27.856568,2018-7-17T15:11:42.2989
LuoJia1-01_LR201807186256_20180717151200_HDR_0017,local\LULO4\LuoJia1-01_LR201807186256_20180717151200_HDR_0017_meta.xml,local\LULO4\LuoJia1-01_LR201807186256_20180717151200_HDR_0017_gec.tif,hf://buckets/cbernegger/LULO4/LuoJia1-01_LR201807186256_20180717151200_HDR_0017_meta.xml,hf://buckets/cbernegger/LULO4/LuoJia1-01_LR201807186256_20180717151200_HDR_0017_gec.tif,104.008977,26.860941,107.358035,29.450975,105.707528,28.16038,2018-7-17T15:11:47.3046
LuoJia1-01_LR201807186256_20180717151205_HDR_0018,local\LULO4\LuoJia1-01_LR201807186256_20180717151205_HDR_0018_meta.xml,local\LULO4\LuoJia1-01_LR201807186256_20180717151205_HDR_0018_gec.tif,hf://buckets/cbernegger/LULO4/LuoJia1-01_LR201807186256_20180717151205_HDR_0018_meta.xml,hf://buckets/cbernegger/LULO4/LuoJia1-01_LR201807186256_20180717151205_HDR_0018_gec.tif,103.925232,27.162739,107.286453,29.756533,105.629963,28.465628,2018-7-17T15:11:52.3094
LuoJia1-01_LR201807186256_20180717151210_HDR_0019,local\LULO4\LuoJia1-01_LR201807186256_20180717151210_HDR_0019_meta.xml,local\LULO4\LuoJia1-01_LR201807186256_20180717151210_HDR_0019_gec.tif,hf://buckets/cbernegger/LULO4/LuoJia1-01_LR201807186256_20180717151210_HDR_0019_meta.xml,hf://buckets/cbernegger/LULO4/LuoJia1-01_LR201807186256_20180717151210_HDR_0019_gec.tif,103.842373,27.469314,107.214253,30.06157,105.552404,28.772033,2018-7-17T15:11:57.3143
LuoJia1-01_LR201807186256_20180717151215_HDR_0020,local\LULO4\LuoJia1-01_LR201807186256_20180717151215_HDR_0020_meta.xml,local\LULO4\LuoJia1-01_LR201807186256_20180717151215_HDR_0020_gec.tif,hf://buckets/cbernegger/LULO4/LuoJia1-01_LR201807186256_20180717151215_HDR_0020_meta.xml,hf://buckets/cbernegger/LULO4/LuoJia1-01_LR201807186256_20180717151215_HDR_0020_gec.tif,103.75976,27.773491,107.141787,30.370084,105.475026,29.077936,2018-7-17T15:12:2.31920
LuoJia1-01_LR201807186256_20180717151220_HDR_0021,local\LULO4\LuoJia1-01_LR201807186256_20180717151220_HDR_0021_meta.xml,local\LULO4\LuoJia1-01_LR201807186256_20180717151220_HDR_0021_gec.tif,hf://buckets/cbernegger/LULO4/LuoJia1-01_LR201807186256_20180717151220_HDR_0021_meta.xml,hf://buckets/cbernegger/LULO4/LuoJia1-01_LR201807186256_20180717151220_HDR_0021_gec.tif,103.679133,28.079102,107.069434,30.675817,105.39925,29.384565,2018-7-17T15:12:7.32330
LuoJia1-01_LR201807186256_20180717151225_HDR_0022,local\LULO4\LuoJia1-01_LR201807186256_20180717151225_HDR_0022_meta.xml,local\LULO4\LuoJia1-01_LR201807186256_20180717151225_HDR_0022_gec.tif,hf://buckets/cbernegger/LULO4/LuoJia1-01_LR201807186256_20180717151225_HDR_0022_meta.xml,hf://buckets/cbernegger/LULO4/LuoJia1-01_LR201807186256_20180717151225_HDR_0022_gec.tif,103.599063,28.38211,107.000467,30.983888,105.32444,29.68976,2018-7-17T15:12:12.3289
LuoJia1-01_LR201807186256_20180717151230_HDR_0023,local\LULO4\LuoJia1-01_LR201807186256_20180717151230_HDR_0023_meta.xml,local\LULO4\LuoJia1-01_LR201807186256_20180717151230_HDR_0023_gec.tif,hf://buckets/cbernegger/LULO4/LuoJia1-01_LR201807186256_20180717151230_HDR_0023_meta.xml,hf://buckets/cbernegger/LULO4/LuoJia1-01_LR201807186256_20180717151230_HDR_0023_gec.tif,103.517275,28.683919,106.932084,31.287565,105.24749,29.992631,2018-7-17T15:12:17.3338
LuoJia1-01_LR201807186256_20180717151235_HDR_0024,local\LULO4\LuoJia1-01_LR201807186256_20180717151235_HDR_0024_meta.xml,local\LULO4\LuoJia1-01_LR201807186256_20180717151235_HDR_0024_gec.tif,hf://buckets/cbernegger/LULO4/LuoJia1-01_LR201807186256_20180717151235_HDR_0024_meta.xml,hf://buckets/cbernegger/LULO4/LuoJia1-01_LR201807186256_20180717151235_HDR_0024_gec.tif,103.433407,28.99013,106.858595,31.590394,105.169095,30.297403,2018-7-17T15:12:22.3377
LuoJia1-01_LR201807186256_20180717151240_HDR_0025,local\LULO4\LuoJia1-01_LR201807186256_20180717151240_HDR_0025_meta.xml,local\LULO4\LuoJia1-01_LR201807186256_20180717151240_HDR_0025_gec.tif,hf://buckets/cbernegger/LULO4/LuoJia1-01_LR201807186256_20180717151240_HDR_0025_meta.xml,hf://buckets/cbernegger/LULO4/LuoJia1-01_LR201807186256_20180717151240_HDR_0025_gec.tif,103.350366,29.295664,106.786584,31.897448,105.090242,30.603813,2018-7-17T15:12:27.3435
LuoJia1-01_LR201807186256_20180717151245_HDR_0026,local\LULO4\LuoJia1-01_LR201807186256_20180717151245_HDR_0026_meta.xml,local\LULO4\LuoJia1-01_LR201807186256_20180717151245_HDR_0026_gec.tif,hf://buckets/cbernegger/LULO4/LuoJia1-01_LR201807186256_20180717151245_HDR_0026_meta.xml,hf://buckets/cbernegger/LULO4/LuoJia1-01_LR201807186256_20180717151245_HDR_0026_gec.tif,103.262812,29.601763,106.712004,32.203254,105.007327,30.910459,2018-7-17T15:12:32.3477
LuoJia1-01_LR201807186256_20180717151250_HDR_0027,local\LULO4\LuoJia1-01_LR201807186256_20180717151250_HDR_0027_meta.xml,local\LULO4\LuoJia1-01_LR201807186256_20180717151250_HDR_0027_gec.tif,hf://buckets/cbernegger/LULO4/LuoJia1-01_LR201807186256_20180717151250_HDR_0027_meta.xml,hf://buckets/cbernegger/LULO4/LuoJia1-01_LR201807186256_20180717151250_HDR_0027_gec.tif,103.174683,29.906375,106.633129,32.50993,104.925123,31.216473,2018-7-17T15:12:37.3532
LuoJia1-01_LR201807186256_20180717151255_HDR_0028,local\LULO4\LuoJia1-01_LR201807186256_20180717151255_HDR_0028_meta.xml,local\LULO4\LuoJia1-01_LR201807186256_20180717151255_HDR_0028_gec.tif,hf://buckets/cbernegger/LULO4/LuoJia1-01_LR201807186256_20180717151255_HDR_0028_meta.xml,hf://buckets/cbernegger/LULO4/LuoJia1-01_LR201807186256_20180717151255_HDR_0028_gec.tif,103.091213,30.208487,106.558044,32.815926,104.845398,31.519593,2018-7-17T15:12:42.3581
LuoJia1-01_LR201807186256_20180717151300_HDR_0029,local\LULO4\LuoJia1-01_LR201807186256_20180717151300_HDR_0029_meta.xml,local\LULO4\LuoJia1-01_LR201807186256_20180717151300_HDR_0029_gec.tif,hf://buckets/cbernegger/LULO4/LuoJia1-01_LR201807186256_20180717151300_HDR_0029_meta.xml,hf://buckets/cbernegger/LULO4/LuoJia1-01_LR201807186256_20180717151300_HDR_0029_gec.tif,103.008837,30.514101,106.484626,33.117007,104.767974,31.824034,2018-7-17T15:12:47.3630
LuoJia1-01_LR201807186256_20180717151305_HDR_0030,local\LULO4\LuoJia1-01_LR201807186256_20180717151305_HDR_0030_meta.xml,local\LULO4\LuoJia1-01_LR201807186256_20180717151305_HDR_0030_gec.tif,hf://buckets/cbernegger/LULO4/LuoJia1-01_LR201807186256_20180717151305_HDR_0030_meta.xml,hf://buckets/cbernegger/LULO4/LuoJia1-01_LR201807186256_20180717151305_HDR_0030_gec.tif,102.919546,30.819407,106.414033,33.423864,104.687731,32.129363,2018-7-17T15:12:52.3679
LuoJia1-01_LR201807186256_20180717151310_HDR_0031,local\LULO4\LuoJia1-01_LR201807186256_20180717151310_HDR_0031_meta.xml,local\LULO4\LuoJia1-01_LR201807186256_20180717151310_HDR_0031_gec.tif,hf://buckets/cbernegger/LULO4/LuoJia1-01_LR201807186256_20180717151310_HDR_0031_meta.xml,hf://buckets/cbernegger/LULO4/LuoJia1-01_LR201807186256_20180717151310_HDR_0031_gec.tif,102.832894,31.126883,106.337092,33.729041,104.607417,32.434612,2018-7-17T15:12:57.3727
LuoJia1-01_LR201807186256_20180717151315_HDR_0032,local\LULO4\LuoJia1-01_LR201807186256_20180717151315_HDR_0032_meta.xml,local\LULO4\LuoJia1-01_LR201807186256_20180717151315_HDR_0032_gec.tif,hf://buckets/cbernegger/LULO4/LuoJia1-01_LR201807186256_20180717151315_HDR_0032_meta.xml,hf://buckets/cbernegger/LULO4/LuoJia1-01_LR201807186256_20180717151315_HDR_0032_gec.tif,102.742851,31.429101,106.263861,34.032885,104.526181,32.736998,2018-7-17T15:13:2.37766
LuoJia1-01_LR201807186256_20180717151320_HDR_0033,local\LULO4\LuoJia1-01_LR201807186256_20180717151320_HDR_0033_meta.xml,local\LULO4\LuoJia1-01_LR201807186256_20180717151320_HDR_0033_gec.tif,hf://buckets/cbernegger/LULO4/LuoJia1-01_LR201807186256_20180717151320_HDR_0033_meta.xml,hf://buckets/cbernegger/LULO4/LuoJia1-01_LR201807186256_20180717151320_HDR_0033_gec.tif,102.651992,31.730947,106.186626,34.333689,104.441563,33.037237,2018-7-17T15:13:7.38254
LuoJia1-01_LR201807186256_20180717151325_HDR_0034,local\LULO4\LuoJia1-01_LR201807186256_20180717151325_HDR_0034_meta.xml,local\LULO4\LuoJia1-01_LR201807186256_20180717151325_HDR_0034_gec.tif,hf://buckets/cbernegger/LULO4/LuoJia1-01_LR201807186256_20180717151325_HDR_0034_meta.xml,hf://buckets/cbernegger/LULO4/LuoJia1-01_LR201807186256_20180717151325_HDR_0034_gec.tif,102.562238,32.034577,106.107501,34.634803,104.358409,33.3407,2018-7-17T15:13:12.3874
LuoJia1-01_LR201807186256_20180717151330_HDR_0035,local\LULO4\LuoJia1-01_LR201807186256_20180717151330_HDR_0035_meta.xml,local\LULO4\LuoJia1-01_LR201807186256_20180717151330_HDR_0035_gec.tif,hf://buckets/cbernegger/LULO4/LuoJia1-01_LR201807186256_20180717151330_HDR_0035_meta.xml,hf://buckets/cbernegger/LULO4/LuoJia1-01_LR201807186256_20180717151330_HDR_0035_gec.tif,102.471329,32.343832,106.030334,34.940483,104.275894,33.647572,2018-7-17T15:13:17.3922
LuoJia1-01_LR201807186256_20180717151335_HDR_0036,local\LULO4\LuoJia1-01_LR201807186256_20180717151335_HDR_0036_meta.xml,local\LULO4\LuoJia1-01_LR201807186256_20180717151335_HDR_0036_gec.tif,hf://buckets/cbernegger/LULO4/LuoJia1-01_LR201807186256_20180717151335_HDR_0036_meta.xml,hf://buckets/cbernegger/LULO4/LuoJia1-01_LR201807186256_20180717151335_HDR_0036_gec.tif,102.38034,32.646229,105.955947,35.248409,104.192155,33.953596,2018-7-17T15:13:22.3971
LuoJia1-01_LR201807186256_20180717151340_HDR_0037,local\LULO4\LuoJia1-01_LR201807186256_20180717151340_HDR_0037_meta.xml,local\LULO4\LuoJia1-01_LR201807186256_20180717151340_HDR_0037_gec.tif,hf://buckets/cbernegger/LULO4/LuoJia1-01_LR201807186256_20180717151340_HDR_0037_meta.xml,hf://buckets/cbernegger/LULO4/LuoJia1-01_LR201807186256_20180717151340_HDR_0037_gec.tif,102.285738,32.945011,105.875516,35.552478,104.105691,34.254529,2018-7-17T15:13:27.4020
LuoJia1-01_LR201807186256_20180717151345_HDR_0038,local\LULO4\LuoJia1-01_LR201807186256_20180717151345_HDR_0038_meta.xml,local\LULO4\LuoJia1-01_LR201807186256_20180717151345_HDR_0038_gec.tif,hf://buckets/cbernegger/LULO4/LuoJia1-01_LR201807186256_20180717151345_HDR_0038_meta.xml,hf://buckets/cbernegger/LULO4/LuoJia1-01_LR201807186256_20180717151345_HDR_0038_gec.tif,102.191343,33.248473,105.795498,35.852159,104.019074,34.556335,2018-7-17T15:13:32.4069
LuoJia1-01_LR201807186256_20180717151350_HDR_0039,local\LULO4\LuoJia1-01_LR201807186256_20180717151350_HDR_0039_meta.xml,local\LULO4\LuoJia1-01_LR201807186256_20180717151350_HDR_0039_gec.tif,hf://buckets/cbernegger/LULO4/LuoJia1-01_LR201807186256_20180717151350_HDR_0039_meta.xml,hf://buckets/cbernegger/LULO4/LuoJia1-01_LR201807186256_20180717151350_HDR_0039_gec.tif,102.09277,33.553143,105.715837,36.15717,103.932357,34.861719,2018-7-17T15:13:37.4117
LuoJia1-01_LR201807186256_20180717151355_HDR_0040,local\LULO4\LuoJia1-01_LR201807186256_20180717151355_HDR_0040_meta.xml,local\LULO4\LuoJia1-01_LR201807186256_20180717151355_HDR_0040_gec.tif,hf://buckets/cbernegger/LULO4/LuoJia1-01_LR201807186256_20180717151355_HDR_0040_meta.xml,hf://buckets/cbernegger/LULO4/LuoJia1-01_LR201807186256_20180717151355_HDR_0040_gec.tif,102.004062,33.85401,105.634716,36.463181,103.847633,35.165006,2018-7-17T15:13:42.4166
LuoJia1-01_LR201807186256_20180717151400_HDR_0041,local\LULO4\LuoJia1-01_LR201807186256_20180717151400_HDR_0041_meta.xml,local\LULO4\LuoJia1-01_LR201807186256_20180717151400_HDR_0041_gec.tif,hf://buckets/cbernegger/LULO4/LuoJia1-01_LR201807186256_20180717151400_HDR_0041_meta.xml,hf://buckets/cbernegger/LULO4/LuoJia1-01_LR201807186256_20180717151400_HDR_0041_gec.tif,101.912905,34.155898,105.559167,36.766023,103.764851,35.46699,2018-7-17T15:13:47.4215
LuoJia1-01_LR201807186256_20180717151405_HDR_0042,local\LULO4\LuoJia1-01_LR201807186256_20180717151405_HDR_0042_meta.xml,local\LULO4\LuoJia1-01_LR201807186256_20180717151405_HDR_0042_gec.tif,hf://buckets/cbernegger/LULO4/LuoJia1-01_LR201807186256_20180717151405_HDR_0042_meta.xml,hf://buckets/cbernegger/LULO4/LuoJia1-01_LR201807186256_20180717151405_HDR_0042_gec.tif,101.817255,34.461085,105.483498,37.06888,103.678864,35.771343,2018-7-17T15:13:52.4264
LuoJia1-01_LR201807186256_20180717151410_HDR_0043,local\LULO4\LuoJia1-01_LR201807186256_20180717151410_HDR_0043_meta.xml,local\LULO4\LuoJia1-01_LR201807186256_20180717151410_HDR_0043_gec.tif,hf://buckets/cbernegger/LULO4/LuoJia1-01_LR201807186256_20180717151410_HDR_0043_meta.xml,hf://buckets/cbernegger/LULO4/LuoJia1-01_LR201807186256_20180717151410_HDR_0043_gec.tif,101.721386,34.767925,105.402718,37.375742,103.591017,36.078187,2018-7-17T15:13:57.4313
LuoJia1-01_LR201807186256_20180717151415_HDR_0044,local\LULO4\LuoJia1-01_LR201807186256_20180717151415_HDR_0044_meta.xml,local\LULO4\LuoJia1-01_LR201807186256_20180717151415_HDR_0044_gec.tif,hf://buckets/cbernegger/LULO4/LuoJia1-01_LR201807186256_20180717151415_HDR_0044_meta.xml,hf://buckets/cbernegger/LULO4/LuoJia1-01_LR201807186256_20180717151415_HDR_0044_gec.tif,101.625492,35.071313,105.321824,37.683766,103.503059,36.38365,2018-7-17T15:14:2.43618
LuoJia1-01_LR201807186256_20180717151420_HDR_0045,local\LULO4\LuoJia1-01_LR201807186256_20180717151420_HDR_0045_meta.xml,local\LULO4\LuoJia1-01_LR201807186256_20180717151420_HDR_0045_gec.tif,hf://buckets/cbernegger/LULO4/LuoJia1-01_LR201807186256_20180717151420_HDR_0045_meta.xml,hf://buckets/cbernegger/LULO4/LuoJia1-01_LR201807186256_20180717151420_HDR_0045_gec.tif,101.535287,35.376589,105.240911,37.989039,103.415187,36.688727,2018-7-17T15:14:7.44106
LuoJia1-01_LR201807186256_20180717151425_HDR_0046,local\LULO4\LuoJia1-01_LR201807186256_20180717151425_HDR_0046_meta.xml,local\LULO4\LuoJia1-01_LR201807186256_20180717151425_HDR_0046_gec.tif,hf://buckets/cbernegger/LULO4/LuoJia1-01_LR201807186256_20180717151425_HDR_0046_meta.xml,hf://buckets/cbernegger/LULO4/LuoJia1-01_LR201807186256_20180717151425_HDR_0046_gec.tif,101.436612,35.681909,105.161375,38.295223,103.329532,36.993843,2018-7-17T15:14:12.4455
LuoJia1-01_LR201807186256_20180717151430_HDR_0047,local\LULO4\LuoJia1-01_LR201807186256_20180717151430_HDR_0047_meta.xml,local\LULO4\LuoJia1-01_LR201807186256_20180717151430_HDR_0047_gec.tif,hf://buckets/cbernegger/LULO4/LuoJia1-01_LR201807186256_20180717151430_HDR_0047_meta.xml,hf://buckets/cbernegger/LULO4/LuoJia1-01_LR201807186256_20180717151430_HDR_0047_gec.tif,101.331463,35.983501,105.082801,38.600615,103.238214,37.298221,2018-7-17T15:14:17.4508
LuoJia1-01_LR201807186256_20180717151435_HDR_0048,local\LULO4\LuoJia1-01_LR201807186256_20180717151435_HDR_0048_meta.xml,local\LULO4\LuoJia1-01_LR201807186256_20180717151435_HDR_0048_gec.tif,hf://buckets/cbernegger/LULO4/LuoJia1-01_LR201807186256_20180717151435_HDR_0048_meta.xml,hf://buckets/cbernegger/LULO4/LuoJia1-01_LR201807186256_20180717151435_HDR_0048_gec.tif,101.227709,36.288334,104.995757,38.904883,103.143752,37.602709,2018-7-17T15:14:22.4557
LuoJia1-01_LR201807186256_20180717151440_HDR_0049,local\LULO4\LuoJia1-01_LR201807186256_20180717151440_HDR_0049_meta.xml,local\LULO4\LuoJia1-01_LR201807186256_20180717151440_HDR_0049_gec.tif,hf://buckets/cbernegger/LULO4/LuoJia1-01_LR201807186256_20180717151440_HDR_0049_meta.xml,hf://buckets/cbernegger/LULO4/LuoJia1-01_LR201807186256_20180717151440_HDR_0049_gec.tif,101.132927,36.586442,104.910421,39.209502,103.054148,37.905052,2018-7-17T15:14:27.4605
LuoJia1-01_LR201807186256_20180717151445_HDR_0050,local\LULO4\LuoJia1-01_LR201807186256_20180717151445_HDR_0050_meta.xml,local\LULO4\LuoJia1-01_LR201807186256_20180717151445_HDR_0050_gec.tif,hf://buckets/cbernegger/LULO4/LuoJia1-01_LR201807186256_20180717151445_HDR_0050_meta.xml,hf://buckets/cbernegger/LULO4/LuoJia1-01_LR201807186256_20180717151445_HDR_0050_gec.tif,101.035437,36.890084,104.832143,39.511641,102.966787,38.207494,2018-7-17T15:14:32.4654
LuoJia1-01_LR201807243360_20180723061344_HDR_0000,local\LULO4\LuoJia1-01_LR201807243360_20180723061344_HDR_0000_meta.xml,local\LULO4\LuoJia1-01_LR201807243360_20180723061344_HDR_0000_gec.tif,hf://buckets/cbernegger/LULO4/LuoJia1-01_LR201807243360_20180723061344_HDR_0000_meta.xml,hf://buckets/cbernegger/LULO4/LuoJia1-01_LR201807243360_20180723061344_HDR_0000_gec.tif,-122.701023,33.098243,-119.11622,35.693188,-120.879634,34.403304,2018-7-23T6:13:32.18459
LuoJia1-01_LR201807243360_20180723061349_HDR_0001,local\LULO4\LuoJia1-01_LR201807243360_20180723061349_HDR_0001_meta.xml,local\LULO4\LuoJia1-01_LR201807243360_20180723061349_HDR_0001_gec.tif,hf://buckets/cbernegger/LULO4/LuoJia1-01_LR201807243360_20180723061349_HDR_0001_meta.xml,hf://buckets/cbernegger/LULO4/LuoJia1-01_LR201807243360_20180723061349_HDR_0001_gec.tif,-122.793126,33.402398,-119.195914,35.997511,-120.9652,34.707537,2018-7-23T6:13:37.18945
LuoJia1-01_LR201807243360_20180723061354_HDR_0002,local\LULO4\LuoJia1-01_LR201807243360_20180723061354_HDR_0002_meta.xml,local\LULO4\LuoJia1-01_LR201807243360_20180723061354_HDR_0002_gec.tif,hf://buckets/cbernegger/LULO4/LuoJia1-01_LR201807243360_20180723061354_HDR_0002_meta.xml,hf://buckets/cbernegger/LULO4/LuoJia1-01_LR201807243360_20180723061354_HDR_0002_gec.tif,-122.88414,33.707228,-119.273889,36.302538,-121.048907,35.01261,2018-7-23T6:13:42.19430
LuoJia1-01_LR201807243360_20180723061404_HDR_0004,local\LULO4\LuoJia1-01_LR201807243360_20180723061404_HDR_0004_meta.xml,local\LULO4\LuoJia1-01_LR201807243360_20180723061404_HDR_0004_gec.tif,hf://buckets/cbernegger/LULO4/LuoJia1-01_LR201807243360_20180723061404_HDR_0004_meta.xml,hf://buckets/cbernegger/LULO4/LuoJia1-01_LR201807243360_20180723061404_HDR_0004_gec.tif,-123.073939,34.315061,-119.434599,36.913061,-121.221092,35.621904,2018-7-23T6:13:52.20402
LuoJia1-01_LR201807243360_20180723061409_HDR_0005,local\LULO4\LuoJia1-01_LR201807243360_20180723061409_HDR_0005_meta.xml,local\LULO4\LuoJia1-01_LR201807243360_20180723061409_HDR_0005_gec.tif,hf://buckets/cbernegger/LULO4/LuoJia1-01_LR201807243360_20180723061409_HDR_0005_meta.xml,hf://buckets/cbernegger/LULO4/LuoJia1-01_LR201807243360_20180723061409_HDR_0005_gec.tif,-123.172157,34.618462,-119.512431,37.218411,-121.310249,35.926482,2018-7-23T6:13:57.20888
LuoJia1-01_LR201807243360_20180723061414_HDR_0006,local\LULO4\LuoJia1-01_LR201807243360_20180723061414_HDR_0006_meta.xml,local\LULO4\LuoJia1-01_LR201807243360_20180723061414_HDR_0006_gec.tif,hf://buckets/cbernegger/LULO4/LuoJia1-01_LR201807243360_20180723061414_HDR_0006_meta.xml,hf://buckets/cbernegger/LULO4/LuoJia1-01_LR201807243360_20180723061414_HDR_0006_gec.tif,-123.266515,34.920774,-119.594237,37.522822,-121.39808,36.22992,2018-7-23T6:14:2.213745
LuoJia1-01_LR201807243360_20180723061419_HDR_0007,local\LULO4\LuoJia1-01_LR201807243360_20180723061419_HDR_0007_meta.xml,local\LULO4\LuoJia1-01_LR201807243360_20180723061419_HDR_0007_gec.tif,hf://buckets/cbernegger/LULO4/LuoJia1-01_LR201807243360_20180723061419_HDR_0007_meta.xml,hf://buckets/cbernegger/LULO4/LuoJia1-01_LR201807243360_20180723061419_HDR_0007_gec.tif,-123.362389,35.22346,-119.672501,37.825376,-121.485517,36.532619,2018-7-23T6:14:7.218606
LuoJia1-01_LR201807243360_20180723061424_HDR_0008,local\LULO4\LuoJia1-01_LR201807243360_20180723061424_HDR_0008_meta.xml,local\LULO4\LuoJia1-01_LR201807243360_20180723061424_HDR_0008_gec.tif,hf://buckets/cbernegger/LULO4/LuoJia1-01_LR201807243360_20180723061424_HDR_0008_meta.xml,hf://buckets/cbernegger/LULO4/LuoJia1-01_LR201807243360_20180723061424_HDR_0008_gec.tif,-123.459483,35.529068,-119.752966,38.128596,-121.573986,36.837644,2018-7-23T6:14:12.22346
LuoJia1-01_LR201807243360_20180723061429_HDR_0009,local\LULO4\LuoJia1-01_LR201807243360_20180723061429_HDR_0009_meta.xml,local\LULO4\LuoJia1-01_LR201807243360_20180723061429_HDR_0009_gec.tif,hf://buckets/cbernegger/LULO4/LuoJia1-01_LR201807243360_20180723061429_HDR_0009_meta.xml,hf://buckets/cbernegger/LULO4/LuoJia1-01_LR201807243360_20180723061429_HDR_0009_gec.tif,-123.555357,35.833867,-119.834081,38.434999,-121.662172,37.143164,2018-7-23T6:14:17.22833
LuoJia1-01_LR201807243360_20180723061434_HDR_0010,local\LULO4\LuoJia1-01_LR201807243360_20180723061434_HDR_0010_meta.xml,local\LULO4\LuoJia1-01_LR201807243360_20180723061434_HDR_0010_gec.tif,hf://buckets/cbernegger/LULO4/LuoJia1-01_LR201807243360_20180723061434_HDR_0010_meta.xml,hf://buckets/cbernegger/LULO4/LuoJia1-01_LR201807243360_20180723061434_HDR_0010_gec.tif,-123.650813,36.138598,-119.913809,38.740193,-121.748766,37.448602,2018-7-23T6:14:22.23319
LuoJia1-01_LR201807243360_20180723061439_HDR_0011,local\LULO4\LuoJia1-01_LR201807243360_20180723061439_HDR_0011_meta.xml,local\LULO4\LuoJia1-01_LR201807243360_20180723061439_HDR_0011_gec.tif,hf://buckets/cbernegger/LULO4/LuoJia1-01_LR201807243360_20180723061439_HDR_0011_meta.xml,hf://buckets/cbernegger/LULO4/LuoJia1-01_LR201807243360_20180723061439_HDR_0011_gec.tif,-123.750486,36.441385,-119.992969,39.046856,-121.838319,37.752618,2018-7-23T6:14:27.23805
LuoJia1-01_LR201807243360_20180723061444_HDR_0012,local\LULO4\LuoJia1-01_LR201807243360_20180723061444_HDR_0012_meta.xml,local\LULO4\LuoJia1-01_LR201807243360_20180723061444_HDR_0012_gec.tif,hf://buckets/cbernegger/LULO4/LuoJia1-01_LR201807243360_20180723061444_HDR_0012_meta.xml,hf://buckets/cbernegger/LULO4/LuoJia1-01_LR201807243360_20180723061444_HDR_0012_gec.tif,-123.851183,36.744457,-120.076235,39.349651,-121.929924,38.056278,2018-7-23T6:14:32.24292
LuoJia1-01_LR201807243360_20180723061449_HDR_0013,local\LULO4\LuoJia1-01_LR201807243360_20180723061449_HDR_0013_meta.xml,local\LULO4\LuoJia1-01_LR201807243360_20180723061449_HDR_0013_gec.tif,hf://buckets/cbernegger/LULO4/LuoJia1-01_LR201807243360_20180723061449_HDR_0013_meta.xml,hf://buckets/cbernegger/LULO4/LuoJia1-01_LR201807243360_20180723061449_HDR_0013_gec.tif,-123.951825,37.047042,-120.160257,39.652544,-122.021715,38.359763,2018-7-23T6:14:37.24778
LuoJia1-01_LR201807243360_20180723061454_HDR_0014,local\LULO4\LuoJia1-01_LR201807243360_20180723061454_HDR_0014_meta.xml,local\LULO4\LuoJia1-01_LR201807243360_20180723061454_HDR_0014_gec.tif,hf://buckets/cbernegger/LULO4/LuoJia1-01_LR201807243360_20180723061454_HDR_0014_meta.xml,hf://buckets/cbernegger/LULO4/LuoJia1-01_LR201807243360_20180723061454_HDR_0014_gec.tif,-124.051425,37.350102,-120.244294,39.957973,-122.112259,38.663539,2018-7-23T6:14:42.25251
LuoJia1-01_LR201807243360_20180723061459_HDR_0015,local\LULO4\LuoJia1-01_LR201807243360_20180723061459_HDR_0015_meta.xml,local\LULO4\LuoJia1-01_LR201807243360_20180723061459_HDR_0015_gec.tif,hf://buckets/cbernegger/LULO4/LuoJia1-01_LR201807243360_20180723061459_HDR_0015_meta.xml,hf://buckets/cbernegger/LULO4/LuoJia1-01_LR201807243360_20180723061459_HDR_0015_gec.tif,-124.15292,37.652678,-120.326592,40.260753,-122.203822,38.966781,2018-7-23T6:14:47.25752
LuoJia1-01_LR201807243360_20180723061504_HDR_0016,local\LULO4\LuoJia1-01_LR201807243360_20180723061504_HDR_0016_meta.xml,local\LULO4\LuoJia1-01_LR201807243360_20180723061504_HDR_0016_gec.tif,hf://buckets/cbernegger/LULO4/LuoJia1-01_LR201807243360_20180723061504_HDR_0016_meta.xml,hf://buckets/cbernegger/LULO4/LuoJia1-01_LR201807243360_20180723061504_HDR_0016_gec.tif,-124.253833,37.956607,-120.411582,40.564025,-122.297134,39.270778,2018-7-23T6:14:52.26238
LuoJia1-01_LR201807243360_20180723061509_HDR_0017,local\LULO4\LuoJia1-01_LR201807243360_20180723061509_HDR_0017_meta.xml,local\LULO4\LuoJia1-01_LR201807243360_20180723061509_HDR_0017_gec.tif,hf://buckets/cbernegger/LULO4/LuoJia1-01_LR201807243360_20180723061509_HDR_0017_meta.xml,hf://buckets/cbernegger/LULO4/LuoJia1-01_LR201807243360_20180723061509_HDR_0017_gec.tif,-124.355804,38.259911,-120.496784,40.87008,-122.388791,39.575007,2018-7-23T6:14:57.26725
LuoJia1-01_LR201807243360_20180723061514_HDR_0018,local\LULO4\LuoJia1-01_LR201807243360_20180723061514_HDR_0018_meta.xml,local\LULO4\LuoJia1-01_LR201807243360_20180723061514_HDR_0018_gec.tif,hf://buckets/cbernegger/LULO4/LuoJia1-01_LR201807243360_20180723061514_HDR_0018_meta.xml,hf://buckets/cbernegger/LULO4/LuoJia1-01_LR201807243360_20180723061514_HDR_0018_gec.tif,-124.459388,38.562605,-120.57964,41.174289,-122.481601,39.878243,2018-7-23T6:15:2.270511
LuoJia1-01_LR201807243360_20180723061519_HDR_0019,local\LULO4\LuoJia1-01_LR201807243360_20180723061519_HDR_0019_meta.xml,local\LULO4\LuoJia1-01_LR201807243360_20180723061519_HDR_0019_gec.tif,hf://buckets/cbernegger/LULO4/LuoJia1-01_LR201807243360_20180723061519_HDR_0019_meta.xml,hf://buckets/cbernegger/LULO4/LuoJia1-01_LR201807243360_20180723061519_HDR_0019_gec.tif,-124.564124,38.866895,-120.665192,41.478987,-122.575515,40.182698,2018-7-23T6:15:7.275380
LuoJia1-01_LR201807243360_20180723061524_HDR_0020,local\LULO4\LuoJia1-01_LR201807243360_20180723061524_HDR_0020_meta.xml,local\LULO4\LuoJia1-01_LR201807243360_20180723061524_HDR_0020_gec.tif,hf://buckets/cbernegger/LULO4/LuoJia1-01_LR201807243360_20180723061524_HDR_0020_meta.xml,hf://buckets/cbernegger/LULO4/LuoJia1-01_LR201807243360_20180723061524_HDR_0020_gec.tif,-124.671095,39.170576,-120.750175,41.785143,-122.67161,40.487549,2018-7-23T6:15:12.28024
LuoJia1-01_LR201807243360_20180723061529_HDR_0021,local\LULO4\LuoJia1-01_LR201807243360_20180723061529_HDR_0021_meta.xml,local\LULO4\LuoJia1-01_LR201807243360_20180723061529_HDR_0021_gec.tif,hf://buckets/cbernegger/LULO4/LuoJia1-01_LR201807243360_20180723061529_HDR_0021_meta.xml,hf://buckets/cbernegger/LULO4/LuoJia1-01_LR201807243360_20180723061529_HDR_0021_gec.tif,-124.776216,39.471932,-120.838134,42.089187,-122.767582,40.790878,2018-7-23T6:15:17.28511
LuoJia1-01_LR201807243360_20180723061534_HDR_0022,local\LULO4\LuoJia1-01_LR201807243360_20180723061534_HDR_0022_meta.xml,local\LULO4\LuoJia1-01_LR201807243360_20180723061534_HDR_0022_gec.tif,hf://buckets/cbernegger/LULO4/LuoJia1-01_LR201807243360_20180723061534_HDR_0022_meta.xml,hf://buckets/cbernegger/LULO4/LuoJia1-01_LR201807243360_20180723061534_HDR_0022_gec.tif,-124.880483,39.77173,-120.922326,42.391968,-122.86128,41.091772,2018-7-23T6:15:22.28902
LuoJia1-01_LR201807243360_20180723061539_HDR_0023,local\LULO4\LuoJia1-01_LR201807243360_20180723061539_HDR_0023_meta.xml,local\LULO4\LuoJia1-01_LR201807243360_20180723061539_HDR_0023_gec.tif,hf://buckets/cbernegger/LULO4/LuoJia1-01_LR201807243360_20180723061539_HDR_0023_meta.xml,hf://buckets/cbernegger/LULO4/LuoJia1-01_LR201807243360_20180723061539_HDR_0023_gec.tif,-124.990775,40.073839,-121.008862,42.693853,-122.958738,41.393994,2018-7-23T6:15:27.29486
LuoJia1-01_LR201807243360_20180723061544_HDR_0024,local\LULO4\LuoJia1-01_LR201807243360_20180723061544_HDR_0024_meta.xml,local\LULO4\LuoJia1-01_LR201807243360_20180723061544_HDR_0024_gec.tif,hf://buckets/cbernegger/LULO4/LuoJia1-01_LR201807243360_20180723061544_HDR_0024_meta.xml,hf://buckets/cbernegger/LULO4/LuoJia1-01_LR201807243360_20180723061544_HDR_0024_gec.tif,-125.10317,40.376136,-121.0995,42.997258,-123.059796,41.696202,2018-7-23T6:15:32.29973
LuoJia1-01_LR201807243360_20180723061549_HDR_0025,local\LULO4\LuoJia1-01_LR201807243360_20180723061549_HDR_0025_meta.xml,local\LULO4\LuoJia1-01_LR201807243360_20180723061549_HDR_0025_gec.tif,hf://buckets/cbernegger/LULO4/LuoJia1-01_LR201807243360_20180723061549_HDR_0025_meta.xml,hf://buckets/cbernegger/LULO4/LuoJia1-01_LR201807243360_20180723061549_HDR_0025_gec.tif,-125.216357,40.677395,-121.189475,43.299474,-123.16173,41.998979,2018-7-23T6:15:37.30460
LuoJia1-01_LR201807243360_20180723061554_HDR_0026,local\LULO4\LuoJia1-01_LR201807243360_20180723061554_HDR_0026_meta.xml,local\LULO4\LuoJia1-01_LR201807243360_20180723061554_HDR_0026_gec.tif,hf://buckets/cbernegger/LULO4/LuoJia1-01_LR201807243360_20180723061554_HDR_0026_meta.xml,hf://buckets/cbernegger/LULO4/LuoJia1-01_LR201807243360_20180723061554_HDR_0026_gec.tif,-125.329633,40.980571,-121.282268,43.603511,-123.264183,42.302215,2018-7-23T6:15:42.30947
LuoJia1-01_LR201807243360_20180723061559_HDR_0027,local\LULO4\LuoJia1-01_LR201807243360_20180723061559_HDR_0027_meta.xml,local\LULO4\LuoJia1-01_LR201807243360_20180723061559_HDR_0027_gec.tif,hf://buckets/cbernegger/LULO4/LuoJia1-01_LR201807243360_20180723061559_HDR_0027_meta.xml,hf://buckets/cbernegger/LULO4/LuoJia1-01_LR201807243360_20180723061559_HDR_0027_gec.tif,-125.442666,41.284931,-121.375097,43.907629,-123.366208,42.607116,2018-7-23T6:15:47.31368
LuoJia1-01_LR201807243360_20180723061604_HDR_0028,local\LULO4\LuoJia1-01_LR201807243360_20180723061604_HDR_0028_meta.xml,local\LULO4\LuoJia1-01_LR201807243360_20180723061604_HDR_0028_gec.tif,hf://buckets/cbernegger/LULO4/LuoJia1-01_LR201807243360_20180723061604_HDR_0028_meta.xml,hf://buckets/cbernegger/LULO4/LuoJia1-01_LR201807243360_20180723061604_HDR_0028_gec.tif,-125.554392,41.585937,-121.466494,44.215915,-123.467305,42.910211,2018-7-23T6:15:52.31922
LuoJia1-01_LR201807243360_20180723061609_HDR_0029,local\LULO4\LuoJia1-01_LR201807243360_20180723061609_HDR_0029_meta.xml,local\LULO4\LuoJia1-01_LR201807243360_20180723061609_HDR_0029_gec.tif,hf://buckets/cbernegger/LULO4/LuoJia1-01_LR201807243360_20180723061609_HDR_0029_meta.xml,hf://buckets/cbernegger/LULO4/LuoJia1-01_LR201807243360_20180723061609_HDR_0029_gec.tif,-125.666561,41.887509,-121.556328,44.518666,-123.567563,43.212316,2018-7-23T6:15:57.32409
LuoJia1-01_LR201807243360_20180723061614_HDR_0030,local\LULO4\LuoJia1-01_LR201807243360_20180723061614_HDR_0030_meta.xml,local\LULO4\LuoJia1-01_LR201807243360_20180723061614_HDR_0030_gec.tif,hf://buckets/cbernegger/LULO4/LuoJia1-01_LR201807243360_20180723061614_HDR_0030_meta.xml,hf://buckets/cbernegger/LULO4/LuoJia1-01_LR201807243360_20180723061614_HDR_0030_gec.tif,-125.78097,42.189665,-121.646718,44.821578,-123.669412,43.515415,2018-7-23T6:16:2.328020
LuoJia1-01_LR201807243360_20180723061619_HDR_0031,local\LULO4\LuoJia1-01_LR201807243360_20180723061619_HDR_0031_meta.xml,local\LULO4\LuoJia1-01_LR201807243360_20180723061619_HDR_0031_gec.tif,hf://buckets/cbernegger/LULO4/LuoJia1-01_LR201807243360_20180723061619_HDR_0031_meta.xml,hf://buckets/cbernegger/LULO4/LuoJia1-01_LR201807243360_20180723061619_HDR_0031_gec.tif,-125.895876,42.489954,-121.737851,45.126846,-123.771868,43.817323,2018-7-23T6:16:7.333842
LuoJia1-01_LR201807243360_20180723061624_HDR_0032,local\LULO4\LuoJia1-01_LR201807243360_20180723061624_HDR_0032_meta.xml,local\LULO4\LuoJia1-01_LR201807243360_20180723061624_HDR_0032_gec.tif,hf://buckets/cbernegger/LULO4/LuoJia1-01_LR201807243360_20180723061624_HDR_0032_meta.xml,hf://buckets/cbernegger/LULO4/LuoJia1-01_LR201807243360_20180723061624_HDR_0032_gec.tif,-126.01515,42.790376,-121.830082,45.428833,-123.877996,44.118457,2018-7-23T6:16:12.33807
LuoJia1-01_LR201807243360_20180723061629_HDR_0033,local\LULO4\LuoJia1-01_LR201807243360_20180723061629_HDR_0033_meta.xml,local\LULO4\LuoJia1-01_LR201807243360_20180723061629_HDR_0033_gec.tif,hf://buckets/cbernegger/LULO4/LuoJia1-01_LR201807243360_20180723061629_HDR_0033_meta.xml,hf://buckets/cbernegger/LULO4/LuoJia1-01_LR201807243360_20180723061629_HDR_0033_gec.tif,-126.131707,43.092386,-121.926313,45.730992,-123.983012,44.42063,2018-7-23T6:16:17.34359
LuoJia1-01_LR201807243360_20180723061634_HDR_0034,local\LULO4\LuoJia1-01_LR201807243360_20180723061634_HDR_0034_meta.xml,local\LULO4\LuoJia1-01_LR201807243360_20180723061634_HDR_0034_gec.tif,hf://buckets/cbernegger/LULO4/LuoJia1-01_LR201807243360_20180723061634_HDR_0034_meta.xml,hf://buckets/cbernegger/LULO4/LuoJia1-01_LR201807243360_20180723061634_HDR_0034_gec.tif,-126.251965,43.394614,-122.020118,46.034366,-124.089654,44.723626,2018-7-23T6:16:22.34846
LuoJia1-01_LR201807243360_20180723061639_HDR_0035,local\LULO4\LuoJia1-01_LR201807243360_20180723061639_HDR_0035_meta.xml,local\LULO4\LuoJia1-01_LR201807243360_20180723061639_HDR_0035_gec.tif,hf://buckets/cbernegger/LULO4/LuoJia1-01_LR201807243360_20180723061639_HDR_0035_meta.xml,hf://buckets/cbernegger/LULO4/LuoJia1-01_LR201807243360_20180723061639_HDR_0035_gec.tif,-126.371191,43.696673,-122.1142,46.337753,-124.19637,45.02651,2018-7-23T6:16:27.35334
LuoJia1-01_LR201807243360_20180723061644_HDR_0036,local\LULO4\LuoJia1-01_LR201807243360_20180723061644_HDR_0036_meta.xml,local\LULO4\LuoJia1-01_LR201807243360_20180723061644_HDR_0036_gec.tif,hf://buckets/cbernegger/LULO4/LuoJia1-01_LR201807243360_20180723061644_HDR_0036_meta.xml,hf://buckets/cbernegger/LULO4/LuoJia1-01_LR201807243360_20180723061644_HDR_0036_gec.tif,-126.491745,43.999922,-122.20817,46.642523,-124.302756,45.330347,2018-7-23T6:16:32.35821
LuoJia1-01_LR201807243360_20180723061649_HDR_0037,local\LULO4\LuoJia1-01_LR201807243360_20180723061649_HDR_0037_meta.xml,local\LULO4\LuoJia1-01_LR201807243360_20180723061649_HDR_0037_gec.tif,hf://buckets/cbernegger/LULO4/LuoJia1-01_LR201807243360_20180723061649_HDR_0037_meta.xml,hf://buckets/cbernegger/LULO4/LuoJia1-01_LR201807243360_20180723061649_HDR_0037_gec.tif,-126.616792,44.301632,-122.302618,46.947022,-124.412485,45.63384,2018-7-23T6:16:37.36292
LuoJia1-01_LR201807243360_20180723061654_HDR_0038,local\LULO4\LuoJia1-01_LR201807243360_20180723061654_HDR_0038_meta.xml,local\LULO4\LuoJia1-01_LR201807243360_20180723061654_HDR_0038_gec.tif,hf://buckets/cbernegger/LULO4/LuoJia1-01_LR201807243360_20180723061654_HDR_0038_meta.xml,hf://buckets/cbernegger/LULO4/LuoJia1-01_LR201807243360_20180723061654_HDR_0038_gec.tif,-126.743432,44.60151,-122.40141,47.251251,-124.52495,45.935592,2018-7-23T6:16:42.36797
LuoJia1-01_LR201807243360_20180723061659_HDR_0039,local\LULO4\LuoJia1-01_LR201807243360_20180723061659_HDR_0039_meta.xml,local\LULO4\LuoJia1-01_LR201807243360_20180723061659_HDR_0039_gec.tif,hf://buckets/cbernegger/LULO4/LuoJia1-01_LR201807243360_20180723061659_HDR_0039_meta.xml,hf://buckets/cbernegger/LULO4/LuoJia1-01_LR201807243360_20180723061659_HDR_0039_gec.tif,-126.869532,44.901337,-122.500826,47.55236,-124.63775,46.236533,2018-7-23T6:16:47.37284
LuoJia1-01_LR201807243360_20180723061704_HDR_0040,local\LULO4\LuoJia1-01_LR201807243360_20180723061704_HDR_0040_meta.xml,local\LULO4\LuoJia1-01_LR201807243360_20180723061704_HDR_0040_gec.tif,hf://buckets/cbernegger/LULO4/LuoJia1-01_LR201807243360_20180723061704_HDR_0040_meta.xml,hf://buckets/cbernegger/LULO4/LuoJia1-01_LR201807243360_20180723061704_HDR_0040_gec.tif,-126.996206,45.201819,-122.599769,47.853218,-124.749081,46.537968,2018-7-23T6:16:52.37772
LuoJia1-01_LR201807243360_20180723061709_HDR_0041,local\LULO4\LuoJia1-01_LR201807243360_20180723061709_HDR_0041_meta.xml,local\LULO4\LuoJia1-01_LR201807243360_20180723061709_HDR_0041_gec.tif,hf://buckets/cbernegger/LULO4/LuoJia1-01_LR201807243360_20180723061709_HDR_0041_meta.xml,hf://buckets/cbernegger/LULO4/LuoJia1-01_LR201807243360_20180723061709_HDR_0041_gec.tif,-127.130136,45.502679,-122.699236,48.158198,-124.866143,46.839572,2018-7-23T6:16:57.38260
LuoJia1-01_LR201807243360_20180723061714_HDR_0042,local\LULO4\LuoJia1-01_LR201807243360_20180723061714_HDR_0042_meta.xml,local\LULO4\LuoJia1-01_LR201807243360_20180723061714_HDR_0042_gec.tif,hf://buckets/cbernegger/LULO4/LuoJia1-01_LR201807243360_20180723061714_HDR_0042_meta.xml,hf://buckets/cbernegger/LULO4/LuoJia1-01_LR201807243360_20180723061714_HDR_0042_gec.tif,-127.261043,45.805943,-122.806759,48.460112,-124.984057,47.142858,2018-7-23T6:17:2.387483
LuoJia1-01_LR201807243360_20180723061719_HDR_0043,local\LULO4\LuoJia1-01_LR201807243360_20180723061719_HDR_0043_meta.xml,local\LULO4\LuoJia1-01_LR201807243360_20180723061719_HDR_0043_gec.tif,hf://buckets/cbernegger/LULO4/LuoJia1-01_LR201807243360_20180723061719_HDR_0043_meta.xml,hf://buckets/cbernegger/LULO4/LuoJia1-01_LR201807243360_20180723061719_HDR_0043_gec.tif,-127.389456,46.10894,-122.9093,48.765867,-125.098523,47.446833,2018-7-23T6:17:7.392361
LuoJia1-01_LR201807243360_20180723061724_HDR_0044,local\LULO4\LuoJia1-01_LR201807243360_20180723061724_HDR_0044_meta.xml,local\LULO4\LuoJia1-01_LR201807243360_20180723061724_HDR_0044_gec.tif,hf://buckets/cbernegger/LULO4/LuoJia1-01_LR201807243360_20180723061724_HDR_0044_meta.xml,hf://buckets/cbernegger/LULO4/LuoJia1-01_LR201807243360_20180723061724_HDR_0044_gec.tif,-127.519679,46.409642,-123.009465,49.07057,-125.213769,47.749917,2018-7-23T6:17:12.39724
LuoJia1-01_LR201807243360_20180723061729_HDR_0045,local\LULO4\LuoJia1-01_LR201807243360_20180723061729_HDR_0045_meta.xml,local\LULO4\LuoJia1-01_LR201807243360_20180723061729_HDR_0045_gec.tif,hf://buckets/cbernegger/LULO4/LuoJia1-01_LR201807243360_20180723061729_HDR_0045_meta.xml,hf://buckets/cbernegger/LULO4/LuoJia1-01_LR201807243360_20180723061729_HDR_0045_gec.tif,-127.649218,46.706955,-123.111865,49.373299,-125.328395,48.048824,2018-7-23T6:17:17.40211
LuoJia1-01_LR201807243360_20180723061734_HDR_0046,local\LULO4\LuoJia1-01_LR201807243360_20180723061734_HDR_0046_meta.xml,local\LULO4\LuoJia1-01_LR201807243360_20180723061734_HDR_0046_gec.tif,hf://buckets/cbernegger/LULO4/LuoJia1-01_LR201807243360_20180723061734_HDR_0046_meta.xml,hf://buckets/cbernegger/LULO4/LuoJia1-01_LR201807243360_20180723061734_HDR_0046_gec.tif,-127.785288,47.007516,-123.213412,49.672032,-125.447055,48.349388,2018-7-23T6:17:22.40699
LuoJia1-01_LR201807243360_20180723061739_HDR_0047,local\LULO4\LuoJia1-01_LR201807243360_20180723061739_HDR_0047_meta.xml,local\LULO4\LuoJia1-01_LR201807243360_20180723061739_HDR_0047_gec.tif,hf://buckets/cbernegger/LULO4/LuoJia1-01_LR201807243360_20180723061739_HDR_0047_meta.xml,hf://buckets/cbernegger/LULO4/LuoJia1-01_LR201807243360_20180723061739_HDR_0047_gec.tif,-127.921014,47.306371,-123.325378,49.972738,-125.568162,48.650109,2018-7-23T6:17:27.41187
LuoJia1-01_LR201807243360_20180723061744_HDR_0048,local\LULO4\LuoJia1-01_LR201807243360_20180723061744_HDR_0048_meta.xml,local\LULO4\LuoJia1-01_LR201807243360_20180723061744_HDR_0048_gec.tif,hf://buckets/cbernegger/LULO4/LuoJia1-01_LR201807243360_20180723061744_HDR_0048_meta.xml,hf://buckets/cbernegger/LULO4/LuoJia1-01_LR201807243360_20180723061744_HDR_0048_gec.tif,-128.053543,47.604133,-123.429612,50.274758,-125.685828,48.949633,2018-7-23T6:17:32.41675
LuoJia1-01_LR201807243360_20180723061749_HDR_0049,local\LULO4\LuoJia1-01_LR201807243360_20180723061749_HDR_0049_meta.xml,local\LULO4\LuoJia1-01_LR201807243360_20180723061749_HDR_0049_gec.tif,hf://buckets/cbernegger/LULO4/LuoJia1-01_LR201807243360_20180723061749_HDR_0049_meta.xml,hf://buckets/cbernegger/LULO4/LuoJia1-01_LR201807243360_20180723061749_HDR_0049_gec.tif,-128.191134,47.901283,-123.527145,50.573012,-125.804657,49.248384,2018-7-23T6:17:37.42163
LuoJia1-01_LR201807243360_20180723061754_HDR_0050,local\LULO4\LuoJia1-01_LR201807243360_20180723061754_HDR_0050_meta.xml,local\LULO4\LuoJia1-01_LR201807243360_20180723061754_HDR_0050_gec.tif,hf://buckets/cbernegger/LULO4/LuoJia1-01_LR201807243360_20180723061754_HDR_0050_meta.xml,hf://buckets/cbernegger/LULO4/LuoJia1-01_LR201807243360_20180723061754_HDR_0050_gec.tif,-128.333714,48.199083,-123.633515,50.873484,-125.929052,49.547464,2018-7-23T6:17:42.42652
LuoJia1-01_LR201807243360_20180723061759_HDR_0051,local\LULO4\LuoJia1-01_LR201807243360_20180723061759_HDR_0051_meta.xml,local\LULO4\LuoJia1-01_LR201807243360_20180723061759_HDR_0051_gec.tif,hf://buckets/cbernegger/LULO4/LuoJia1-01_LR201807243360_20180723061759_HDR_0051_meta.xml,hf://buckets/cbernegger/LULO4/LuoJia1-01_LR201807243360_20180723061759_HDR_0051_gec.tif,-128.475622,48.496288,-123.744787,51.170806,-126.055092,49.845945,2018-7-23T6:17:47.43140
LuoJia1-01_LR201807243360_20180723061804_HDR_0052,local\LULO4\LuoJia1-01_LR201807243360_20180723061804_HDR_0052_meta.xml,local\LULO4\LuoJia1-01_LR201807243360_20180723061804_HDR_0052_gec.tif,hf://buckets/cbernegger/LULO4/LuoJia1-01_LR201807243360_20180723061804_HDR_0052_meta.xml,hf://buckets/cbernegger/LULO4/LuoJia1-01_LR201807243360_20180723061804_HDR_0052_gec.tif,-128.618697,48.795021,-123.855118,51.468233,-126.180603,50.144746,2018-7-23T6:17:52.43628
LuoJia1-01_LR201807243360_20180723061809_HDR_0053,local\LULO4\LuoJia1-01_LR201807243360_20180723061809_HDR_0053_meta.xml,local\LULO4\LuoJia1-01_LR201807243360_20180723061809_HDR_0053_gec.tif,hf://buckets/cbernegger/LULO4/LuoJia1-01_LR201807243360_20180723061809_HDR_0053_meta.xml,hf://buckets/cbernegger/LULO4/LuoJia1-01_LR201807243360_20180723061809_HDR_0053_gec.tif,-128.76558,49.096267,-123.966406,51.768928,-126.310209,50.445922,2018-7-23T6:17:57.44116
LuoJia1-01_LR201807243360_20180723061814_HDR_0054,local\LULO4\LuoJia1-01_LR201807243360_20180723061814_HDR_0054_meta.xml,local\LULO4\LuoJia1-01_LR201807243360_20180723061814_HDR_0054_gec.tif,hf://buckets/cbernegger/LULO4/LuoJia1-01_LR201807243360_20180723061814_HDR_0054_meta.xml,hf://buckets/cbernegger/LULO4/LuoJia1-01_LR201807243360_20180723061814_HDR_0054_gec.tif,-128.908669,49.397404,-124.080426,52.074768,-126.436132,50.748146,2018-7-23T6:18:2.446045
LuoJia1-01_LR201807243360_20180723061819_HDR_0055,local\LULO4\LuoJia1-01_LR201807243360_20180723061819_HDR_0055_meta.xml,local\LULO4\LuoJia1-01_LR201807243360_20180723061819_HDR_0055_gec.tif,hf://buckets/cbernegger/LULO4/LuoJia1-01_LR201807243360_20180723061819_HDR_0055_meta.xml,hf://buckets/cbernegger/LULO4/LuoJia1-01_LR201807243360_20180723061819_HDR_0055_gec.tif,-129.059513,49.69689,-124.193018,52.378412,-126.566099,51.049743,2018-7-23T6:18:7.450927
LuoJia1-01_LR201807243360_20180723061824_HDR_0056,local\LULO4\LuoJia1-01_LR201807243360_20180723061824_HDR_0056_meta.xml,local\LULO4\LuoJia1-01_LR201807243360_20180723061824_HDR_0056_gec.tif,hf://buckets/cbernegger/LULO4/LuoJia1-01_LR201807243360_20180723061824_HDR_0056_meta.xml,hf://buckets/cbernegger/LULO4/LuoJia1-01_LR201807243360_20180723061824_HDR_0056_gec.tif,-129.209629,49.995021,-124.309321,52.679658,-126.698179,51.349455,2018-7-23T6:18:12.45581
LuoJia1-01_LR201807243360_20180723061829_HDR_0057,local\LULO4\LuoJia1-01_LR201807243360_20180723061829_HDR_0057_meta.xml,local\LULO4\LuoJia1-01_LR201807243360_20180723061829_HDR_0057_gec.tif,hf://buckets/cbernegger/LULO4/LuoJia1-01_LR201807243360_20180723061829_HDR_0057_meta.xml,hf://buckets/cbernegger/LULO4/LuoJia1-01_LR201807243360_20180723061829_HDR_0057_gec.tif,-129.36068,50.294293,-124.428332,52.980937,-126.830264,51.649574,2018-7-23T6:18:17.46045
LuoJia1-01_LR201807243360_20180723061834_HDR_0058,local\LULO4\LuoJia1-01_LR201807243360_20180723061834_HDR_0058_meta.xml,local\LULO4\LuoJia1-01_LR201807243360_20180723061834_HDR_0058_gec.tif,hf://buckets/cbernegger/LULO4/LuoJia1-01_LR201807243360_20180723061834_HDR_0058_meta.xml,hf://buckets/cbernegger/LULO4/LuoJia1-01_LR201807243360_20180723061834_HDR_0058_gec.tif,-129.513547,50.593478,-124.544005,53.283287,-126.963025,51.950092,2018-7-23T6:18:22.46509
LuoJia1-01_LR201807289089_20180727190940_HDR_0000,local\LULO4\LuoJia1-01_LR201807289089_20180727190940_HDR_0000_meta.xml,local\LULO4\LuoJia1-01_LR201807289089_20180727190940_HDR_0000_gec.tif,hf://buckets/cbernegger/LULO4/LuoJia1-01_LR201807289089_20180727190940_HDR_0000_meta.xml,hf://buckets/cbernegger/LULO4/LuoJia1-01_LR201807289089_20180727190940_HDR_0000_gec.tif,45.432154,23.224812,48.650787,25.797113,47.050296,24.529395,2018-7-27T19:9:28.18112
LuoJia1-01_LR201807289089_20180727190945_HDR_0001,local\LULO4\LuoJia1-01_LR201807289089_20180727190945_HDR_0001_meta.xml,local\LULO4\LuoJia1-01_LR201807289089_20180727190945_HDR_0001_gec.tif,hf://buckets/cbernegger/LULO4/LuoJia1-01_LR201807289089_20180727190945_HDR_0001_meta.xml,hf://buckets/cbernegger/LULO4/LuoJia1-01_LR201807289089_20180727190945_HDR_0001_gec.tif,45.350662,23.528628,48.576301,26.102494,46.97071,24.834143,2018-7-27T19:9:33.18518
LuoJia1-01_LR201807289089_20180727190950_HDR_0002,local\LULO4\LuoJia1-01_LR201807289089_20180727190950_HDR_0002_meta.xml,local\LULO4\LuoJia1-01_LR201807289089_20180727190950_HDR_0002_gec.tif,hf://buckets/cbernegger/LULO4/LuoJia1-01_LR201807289089_20180727190950_HDR_0002_meta.xml,hf://buckets/cbernegger/LULO4/LuoJia1-01_LR201807289089_20180727190950_HDR_0002_gec.tif,45.273185,23.832779,48.501841,26.405456,46.895346,25.137059,2018-7-27T19:9:38.19090
LuoJia1-01_LR201807289089_20180727190955_HDR_0003,local\LULO4\LuoJia1-01_LR201807289089_20180727190955_HDR_0003_meta.xml,local\LULO4\LuoJia1-01_LR201807289089_20180727190955_HDR_0003_gec.tif,hf://buckets/cbernegger/LULO4/LuoJia1-01_LR201807289089_20180727190955_HDR_0003_meta.xml,hf://buckets/cbernegger/LULO4/LuoJia1-01_LR201807289089_20180727190955_HDR_0003_gec.tif,45.195794,24.138366,48.431832,26.709055,46.823171,25.441967,2018-7-27T19:9:43.19577
LuoJia1-01_LR201807289089_20180727191000_HDR_0004,local\LULO4\LuoJia1-01_LR201807289089_20180727191000_HDR_0004_meta.xml,local\LULO4\LuoJia1-01_LR201807289089_20180727191000_HDR_0004_gec.tif,hf://buckets/cbernegger/LULO4/LuoJia1-01_LR201807289089_20180727191000_HDR_0004_meta.xml,hf://buckets/cbernegger/LULO4/LuoJia1-01_LR201807289089_20180727191000_HDR_0004_gec.tif,45.117977,24.443883,48.362765,27.014765,46.74937,25.748122,2018-7-27T19:9:48.20063
LuoJia1-01_LR201807289089_20180727191006_HDR_0005,local\LULO4\LuoJia1-01_LR201807289089_20180727191006_HDR_0005_meta.xml,local\LULO4\LuoJia1-01_LR201807289089_20180727191006_HDR_0005_gec.tif,hf://buckets/cbernegger/LULO4/LuoJia1-01_LR201807289089_20180727191006_HDR_0005_meta.xml,hf://buckets/cbernegger/LULO4/LuoJia1-01_LR201807289089_20180727191006_HDR_0005_gec.tif,45.042673,24.750608,48.294002,27.320824,46.677401,26.053495,2018-7-27T19:9:53.20549
LuoJia1-01_LR201807289089_20180727191010_HDR_0006,local\LULO4\LuoJia1-01_LR201807289089_20180727191010_HDR_0006_meta.xml,local\LULO4\LuoJia1-01_LR201807289089_20180727191010_HDR_0006_gec.tif,hf://buckets/cbernegger/LULO4/LuoJia1-01_LR201807289089_20180727191010_HDR_0006_meta.xml,hf://buckets/cbernegger/LULO4/LuoJia1-01_LR201807289089_20180727191010_HDR_0006_gec.tif,44.96589,25.057674,48.227944,27.628085,46.607287,26.361415,2018-7-27T19:9:58.20937
LuoJia1-01_LR201807289089_20180727191015_HDR_0007,local\LULO4\LuoJia1-01_LR201807289089_20180727191015_HDR_0007_meta.xml,local\LULO4\LuoJia1-01_LR201807289089_20180727191015_HDR_0007_gec.tif,hf://buckets/cbernegger/LULO4/LuoJia1-01_LR201807289089_20180727191015_HDR_0007_meta.xml,hf://buckets/cbernegger/LULO4/LuoJia1-01_LR201807289089_20180727191015_HDR_0007_gec.tif,44.883905,25.362589,48.160378,27.935628,46.53312,26.667783,2018-7-27T19:10:3.21521
LuoJia1-01_LR201807289089_20180727191020_HDR_0008,local\LULO4\LuoJia1-01_LR201807289089_20180727191020_HDR_0008_meta.xml,local\LULO4\LuoJia1-01_LR201807289089_20180727191020_HDR_0008_gec.tif,hf://buckets/cbernegger/LULO4/LuoJia1-01_LR201807289089_20180727191020_HDR_0008_meta.xml,hf://buckets/cbernegger/LULO4/LuoJia1-01_LR201807289089_20180727191020_HDR_0008_gec.tif,44.801827,25.667341,48.087961,28.241189,46.453831,26.972323,2018-7-27T19:10:8.22008
LuoJia1-01_LR201807289089_20180727191026_HDR_0009,local\LULO4\LuoJia1-01_LR201807289089_20180727191026_HDR_0009_meta.xml,local\LULO4\LuoJia1-01_LR201807289089_20180727191026_HDR_0009_gec.tif,hf://buckets/cbernegger/LULO4/LuoJia1-01_LR201807289089_20180727191026_HDR_0009_meta.xml,hf://buckets/cbernegger/LULO4/LuoJia1-01_LR201807289089_20180727191026_HDR_0009_gec.tif,44.723072,25.972356,48.015463,28.546217,46.379691,27.277696,2018-7-27T19:10:13.2247
LuoJia1-01_LR201807289089_20180727191031_HDR_0010,local\LULO4\LuoJia1-01_LR201807289089_20180727191031_HDR_0010_meta.xml,local\LULO4\LuoJia1-01_LR201807289089_20180727191031_HDR_0010_gec.tif,hf://buckets/cbernegger/LULO4/LuoJia1-01_LR201807289089_20180727191031_HDR_0010_meta.xml,hf://buckets/cbernegger/LULO4/LuoJia1-01_LR201807289089_20180727191031_HDR_0010_gec.tif,44.640789,26.276026,47.946437,28.852053,46.304917,27.582971,2018-7-27T19:10:18.2298
LuoJia1-01_LR201807289089_20180727191035_HDR_0011,local\LULO4\LuoJia1-01_LR201807289089_20180727191035_HDR_0011_meta.xml,local\LULO4\LuoJia1-01_LR201807289089_20180727191035_HDR_0011_gec.tif,hf://buckets/cbernegger/LULO4/LuoJia1-01_LR201807289089_20180727191035_HDR_0011_meta.xml,hf://buckets/cbernegger/LULO4/LuoJia1-01_LR201807289089_20180727191035_HDR_0011_gec.tif,44.556463,26.578561,47.873995,29.156465,46.225683,27.886333,2018-7-27T19:10:23.2346
LuoJia1-01_LR201807289089_20180727191041_HDR_0012,local\LULO4\LuoJia1-01_LR201807289089_20180727191041_HDR_0012_meta.xml,local\LULO4\LuoJia1-01_LR201807289089_20180727191041_HDR_0012_gec.tif,hf://buckets/cbernegger/LULO4/LuoJia1-01_LR201807289089_20180727191041_HDR_0012_meta.xml,hf://buckets/cbernegger/LULO4/LuoJia1-01_LR201807289089_20180727191041_HDR_0012_gec.tif,44.474016,26.880276,47.799476,29.459748,46.146857,28.189413,2018-7-27T19:10:28.2395
LuoJia1-01_LR201807289089_20180727191046_HDR_0013,local\LULO4\LuoJia1-01_LR201807289089_20180727191046_HDR_0013_meta.xml,local\LULO4\LuoJia1-01_LR201807289089_20180727191046_HDR_0013_gec.tif,hf://buckets/cbernegger/LULO4/LuoJia1-01_LR201807289089_20180727191046_HDR_0013_meta.xml,hf://buckets/cbernegger/LULO4/LuoJia1-01_LR201807289089_20180727191046_HDR_0013_gec.tif,44.394653,27.18281,47.72686,29.762265,46.071212,28.491036,2018-7-27T19:10:33.2444
LuoJia1-01_LR201807289089_20180727191051_HDR_0014,local\LULO4\LuoJia1-01_LR201807289089_20180727191051_HDR_0014_meta.xml,local\LULO4\LuoJia1-01_LR201807289089_20180727191051_HDR_0014_gec.tif,hf://buckets/cbernegger/LULO4/LuoJia1-01_LR201807289089_20180727191051_HDR_0014_meta.xml,hf://buckets/cbernegger/LULO4/LuoJia1-01_LR201807289089_20180727191051_HDR_0014_gec.tif,44.313666,27.488756,47.657441,30.065555,45.997684,28.796205,2018-7-27T19:10:38.2492
LuoJia1-01_LR201807289089_20180727191056_HDR_0015,local\LULO4\LuoJia1-01_LR201807289089_20180727191056_HDR_0015_meta.xml,local\LULO4\LuoJia1-01_LR201807289089_20180727191056_HDR_0015_gec.tif,hf://buckets/cbernegger/LULO4/LuoJia1-01_LR201807289089_20180727191056_HDR_0015_meta.xml,hf://buckets/cbernegger/LULO4/LuoJia1-01_LR201807289089_20180727191056_HDR_0015_gec.tif,44.225637,27.795872,47.587014,30.372316,45.919014,29.103158,2018-7-27T19:10:43.2541
LuoJia1-01_LR201807289089_20180727191101_HDR_0016,local\LULO4\LuoJia1-01_LR201807289089_20180727191101_HDR_0016_meta.xml,local\LULO4\LuoJia1-01_LR201807289089_20180727191101_HDR_0016_gec.tif,hf://buckets/cbernegger/LULO4/LuoJia1-01_LR201807289089_20180727191101_HDR_0016_meta.xml,hf://buckets/cbernegger/LULO4/LuoJia1-01_LR201807289089_20180727191101_HDR_0016_gec.tif,44.136883,28.103026,47.509813,30.680429,45.833635,29.41156,2018-7-27T19:10:48.2590
LuoJia1-01_LR201807289089_20180727191106_HDR_0017,local\LULO4\LuoJia1-01_LR201807289089_20180727191106_HDR_0017_meta.xml,local\LULO4\LuoJia1-01_LR201807289089_20180727191106_HDR_0017_gec.tif,hf://buckets/cbernegger/LULO4/LuoJia1-01_LR201807289089_20180727191106_HDR_0017_meta.xml,hf://buckets/cbernegger/LULO4/LuoJia1-01_LR201807289089_20180727191106_HDR_0017_gec.tif,44.055059,28.407424,47.432075,30.988259,45.755882,29.717709,2018-7-27T19:10:53.2638
LuoJia1-01_LR201807289089_20180727191111_HDR_0018,local\LULO4\LuoJia1-01_LR201807289089_20180727191111_HDR_0018_meta.xml,local\LULO4\LuoJia1-01_LR201807289089_20180727191111_HDR_0018_gec.tif,hf://buckets/cbernegger/LULO4/LuoJia1-01_LR201807289089_20180727191111_HDR_0018_meta.xml,hf://buckets/cbernegger/LULO4/LuoJia1-01_LR201807289089_20180727191111_HDR_0018_gec.tif,43.973135,28.71148,47.36136,31.293465,45.680268,30.021137,2018-7-27T19:10:58.2687
LuoJia1-01_LR201807289089_20180727191116_HDR_0019,local\LULO4\LuoJia1-01_LR201807289089_20180727191116_HDR_0019_meta.xml,local\LULO4\LuoJia1-01_LR201807289089_20180727191116_HDR_0019_gec.tif,hf://buckets/cbernegger/LULO4/LuoJia1-01_LR201807289089_20180727191116_HDR_0019_meta.xml,hf://buckets/cbernegger/LULO4/LuoJia1-01_LR201807289089_20180727191116_HDR_0019_gec.tif,43.887582,29.019399,47.291073,31.598638,45.603115,30.327941,2018-7-27T19:11:3.27360
LuoJia1-01_LR201807289089_20180727191121_HDR_0020,local\LULO4\LuoJia1-01_LR201807289089_20180727191121_HDR_0020_meta.xml,local\LULO4\LuoJia1-01_LR201807289089_20180727191121_HDR_0020_gec.tif,hf://buckets/cbernegger/LULO4/LuoJia1-01_LR201807289089_20180727191121_HDR_0020_meta.xml,hf://buckets/cbernegger/LULO4/LuoJia1-01_LR201807289089_20180727191121_HDR_0020_gec.tif,43.799523,29.324676,47.217596,31.907669,45.521724,30.637417,2018-7-27T19:11:8.27847
LuoJia1-01_LR201807289089_20180727191126_HDR_0021,local\LULO4\LuoJia1-01_LR201807289089_20180727191126_HDR_0021_meta.xml,local\LULO4\LuoJia1-01_LR201807289089_20180727191126_HDR_0021_gec.tif,hf://buckets/cbernegger/LULO4/LuoJia1-01_LR201807289089_20180727191126_HDR_0021_meta.xml,hf://buckets/cbernegger/LULO4/LuoJia1-01_LR201807289089_20180727191126_HDR_0021_gec.tif,43.7056,29.626053,47.142216,32.214478,45.44109,30.938609,2018-7-27T19:11:13.2833
LuoJia1-01_LR201807289089_20180727191131_HDR_0022,local\LULO4\LuoJia1-01_LR201807289089_20180727191131_HDR_0022_meta.xml,local\LULO4\LuoJia1-01_LR201807289089_20180727191131_HDR_0022_gec.tif,hf://buckets/cbernegger/LULO4/LuoJia1-01_LR201807289089_20180727191131_HDR_0022_meta.xml,hf://buckets/cbernegger/LULO4/LuoJia1-01_LR201807289089_20180727191131_HDR_0022_gec.tif,43.608578,29.932339,47.060911,32.517342,45.345432,31.244556,2018-7-27T19:11:18.2882
LuoJia1-01_LR201807289089_20180727191136_HDR_0023,local\LULO4\LuoJia1-01_LR201807289089_20180727191136_HDR_0023_meta.xml,local\LULO4\LuoJia1-01_LR201807289089_20180727191136_HDR_0023_gec.tif,hf://buckets/cbernegger/LULO4/LuoJia1-01_LR201807289089_20180727191136_HDR_0023_meta.xml,hf://buckets/cbernegger/LULO4/LuoJia1-01_LR201807289089_20180727191136_HDR_0023_gec.tif,43.529638,30.239454,46.97612,32.824307,45.26562,31.551671,2018-7-27T19:11:23.2930
LuoJia1-01_LR201807289089_20180727191141_HDR_0024,local\LULO4\LuoJia1-01_LR201807289089_20180727191141_HDR_0024_meta.xml,local\LULO4\LuoJia1-01_LR201807289089_20180727191141_HDR_0024_gec.tif,hf://buckets/cbernegger/LULO4/LuoJia1-01_LR201807289089_20180727191141_HDR_0024_meta.xml,hf://buckets/cbernegger/LULO4/LuoJia1-01_LR201807289089_20180727191141_HDR_0024_gec.tif,43.451384,30.547716,46.90903,33.131596,45.198198,31.858584,2018-7-27T19:11:28.2979
LuoJia1-01_LR201807289089_20180727191146_HDR_0025,local\LULO4\LuoJia1-01_LR201807289089_20180727191146_HDR_0025_meta.xml,local\LULO4\LuoJia1-01_LR201807289089_20180727191146_HDR_0025_gec.tif,hf://buckets/cbernegger/LULO4/LuoJia1-01_LR201807289089_20180727191146_HDR_0025_meta.xml,hf://buckets/cbernegger/LULO4/LuoJia1-01_LR201807289089_20180727191146_HDR_0025_gec.tif,43.360794,30.854065,46.842334,33.438654,45.116793,32.1677,2018-7-27T19:11:33.3028
LuoJia1-01_LR201807289089_20180727191151_HDR_0026,local\LULO4\LuoJia1-01_LR201807289089_20180727191151_HDR_0026_meta.xml,local\LULO4\LuoJia1-01_LR201807289089_20180727191151_HDR_0026_gec.tif,hf://buckets/cbernegger/LULO4/LuoJia1-01_LR201807289089_20180727191151_HDR_0026_meta.xml,hf://buckets/cbernegger/LULO4/LuoJia1-01_LR201807289089_20180727191151_HDR_0026_gec.tif,43.271928,31.156181,46.763691,33.744611,45.031684,32.471008,2018-7-27T19:11:38.3077
LuoJia1-01_LR201807289089_20180727191156_HDR_0027,local\LULO4\LuoJia1-01_LR201807289089_20180727191156_HDR_0027_meta.xml,local\LULO4\LuoJia1-01_LR201807289089_20180727191156_HDR_0027_gec.tif,hf://buckets/cbernegger/LULO4/LuoJia1-01_LR201807289089_20180727191156_HDR_0027_meta.xml,hf://buckets/cbernegger/LULO4/LuoJia1-01_LR201807289089_20180727191156_HDR_0027_gec.tif,43.186394,31.458593,46.68765,34.047824,44.95341,32.774444,2018-7-27T19:11:43.3125
LuoJia1-01_LR201807289089_20180727191201_HDR_0028,local\LULO4\LuoJia1-01_LR201807289089_20180727191201_HDR_0028_meta.xml,local\LULO4\LuoJia1-01_LR201807289089_20180727191201_HDR_0028_gec.tif,hf://buckets/cbernegger/LULO4/LuoJia1-01_LR201807289089_20180727191201_HDR_0028_meta.xml,hf://buckets/cbernegger/LULO4/LuoJia1-01_LR201807289089_20180727191201_HDR_0028_gec.tif,43.100394,31.760209,46.615175,34.351279,44.872028,33.076975,2018-7-27T19:11:48.3174
LuoJia1-01_LR201807289089_20180727191206_HDR_0029,local\LULO4\LuoJia1-01_LR201807289089_20180727191206_HDR_0029_meta.xml,local\LULO4\LuoJia1-01_LR201807289089_20180727191206_HDR_0029_gec.tif,hf://buckets/cbernegger/LULO4/LuoJia1-01_LR201807289089_20180727191206_HDR_0029_meta.xml,hf://buckets/cbernegger/LULO4/LuoJia1-01_LR201807289089_20180727191206_HDR_0029_gec.tif,43.015157,32.063154,46.542391,34.655046,44.795513,33.37945,2018-7-27T19:11:53.3223
LuoJia1-01_LR201807289089_20180727191211_HDR_0030,local\LULO4\LuoJia1-01_LR201807289089_20180727191211_HDR_0030_meta.xml,local\LULO4\LuoJia1-01_LR201807289089_20180727191211_HDR_0030_gec.tif,hf://buckets/cbernegger/LULO4/LuoJia1-01_LR201807289089_20180727191211_HDR_0030_meta.xml,hf://buckets/cbernegger/LULO4/LuoJia1-01_LR201807289089_20180727191211_HDR_0030_gec.tif,42.922263,32.366933,46.470352,34.959,44.71278,33.684399,2018-7-27T19:11:58.3266
LuoJia1-01_LR201807289089_20180727191216_HDR_0031,local\LULO4\LuoJia1-01_LR201807289089_20180727191216_HDR_0031_meta.xml,local\LULO4\LuoJia1-01_LR201807289089_20180727191216_HDR_0031_gec.tif,hf://buckets/cbernegger/LULO4/LuoJia1-01_LR201807289089_20180727191216_HDR_0031_meta.xml,hf://buckets/cbernegger/LULO4/LuoJia1-01_LR201807289089_20180727191216_HDR_0031_gec.tif,42.821197,32.669531,46.39055,35.264738,44.62406,33.988265,2018-7-27T19:12:3.33206
LuoJia1-01_LR201807289089_20180727191226_HDR_0033,local\LULO4\LuoJia1-01_LR201807289089_20180727191226_HDR_0033_meta.xml,local\LULO4\LuoJia1-01_LR201807289089_20180727191226_HDR_0033_gec.tif,hf://buckets/cbernegger/LULO4/LuoJia1-01_LR201807289089_20180727191226_HDR_0033_meta.xml,hf://buckets/cbernegger/LULO4/LuoJia1-01_LR201807289089_20180727191226_HDR_0033_gec.tif,42.633115,33.279748,46.215558,35.871978,44.441868,34.598175,2018-7-27T19:12:13.3418
LuoJia1-01_LR201807289089_20180727191231_HDR_0034,local\LULO4\LuoJia1-01_LR201807289089_20180727191231_HDR_0034_meta.xml,local\LULO4\LuoJia1-01_LR201807289089_20180727191231_HDR_0034_gec.tif,hf://buckets/cbernegger/LULO4/LuoJia1-01_LR201807289089_20180727191231_HDR_0034_meta.xml,hf://buckets/cbernegger/LULO4/LuoJia1-01_LR201807289089_20180727191231_HDR_0034_gec.tif,42.544082,33.587438,46.141643,36.179377,44.363788,34.905485,2018-7-27T19:12:18.3466
LuoJia1-01_LR201807289089_20180727191236_HDR_0035,local\LULO4\LuoJia1-01_LR201807289089_20180727191236_HDR_0035_meta.xml,local\LULO4\LuoJia1-01_LR201807289089_20180727191236_HDR_0035_gec.tif,hf://buckets/cbernegger/LULO4/LuoJia1-01_LR201807289089_20180727191236_HDR_0035_meta.xml,hf://buckets/cbernegger/LULO4/LuoJia1-01_LR201807289089_20180727191236_HDR_0035_gec.tif,42.449658,33.892847,46.066716,36.487498,44.276568,35.213213,2018-7-27T19:12:23.3515
LuoJia1-01_LR201807289089_20180727191241_HDR_0036,local\LULO4\LuoJia1-01_LR201807289089_20180727191241_HDR_0036_meta.xml,local\LULO4\LuoJia1-01_LR201807289089_20180727191241_HDR_0036_gec.tif,hf://buckets/cbernegger/LULO4/LuoJia1-01_LR201807289089_20180727191241_HDR_0036_meta.xml,hf://buckets/cbernegger/LULO4/LuoJia1-01_LR201807289089_20180727191241_HDR_0036_gec.tif,42.357342,34.195352,45.985887,36.793905,44.190918,35.516483,2018-7-27T19:12:28.3557
LuoJia1-01_LR201807289089_20180727191246_HDR_0037,local\LULO4\LuoJia1-01_LR201807289089_20180727191246_HDR_0037_meta.xml,local\LULO4\LuoJia1-01_LR201807289089_20180727191246_HDR_0037_gec.tif,hf://buckets/cbernegger/LULO4/LuoJia1-01_LR201807289089_20180727191246_HDR_0037_meta.xml,hf://buckets/cbernegger/LULO4/LuoJia1-01_LR201807289089_20180727191246_HDR_0037_gec.tif,42.262889,34.499291,45.907711,37.096208,44.103938,35.819807,2018-7-27T19:12:33.3613
LuoJia1-01_LR201807289089_20180727191251_HDR_0038,local\LULO4\LuoJia1-01_LR201807289089_20180727191251_HDR_0038_meta.xml,local\LULO4\LuoJia1-01_LR201807289089_20180727191251_HDR_0038_gec.tif,hf://buckets/cbernegger/LULO4/LuoJia1-01_LR201807289089_20180727191251_HDR_0038_meta.xml,hf://buckets/cbernegger/LULO4/LuoJia1-01_LR201807289089_20180727191251_HDR_0038_gec.tif,42.173564,34.801933,45.827773,37.402169,44.018817,36.125491,2018-7-27T19:12:38.3661
LuoJia1-01_LR201807289089_20180727191256_HDR_0039,local\LULO4\LuoJia1-01_LR201807289089_20180727191256_HDR_0039_meta.xml,local\LULO4\LuoJia1-01_LR201807289089_20180727191256_HDR_0039_gec.tif,hf://buckets/cbernegger/LULO4/LuoJia1-01_LR201807289089_20180727191256_HDR_0039_meta.xml,hf://buckets/cbernegger/LULO4/LuoJia1-01_LR201807289089_20180727191256_HDR_0039_gec.tif,42.080669,35.102024,45.755222,37.705963,43.940184,36.425024,2018-7-27T19:12:43.3710
LuoJia1-01_LR201807289089_20180727191301_HDR_0040,local\LULO4\LuoJia1-01_LR201807289089_20180727191301_HDR_0040_meta.xml,local\LULO4\LuoJia1-01_LR201807289089_20180727191301_HDR_0040_gec.tif,hf://buckets/cbernegger/LULO4/LuoJia1-01_LR201807289089_20180727191301_HDR_0040_meta.xml,hf://buckets/cbernegger/LULO4/LuoJia1-01_LR201807289089_20180727191301_HDR_0040_gec.tif,41.9811,35.406606,45.67678,38.006234,43.84734,36.728754,2018-7-27T19:12:48.3759
LuoJia1-01_LR201807289089_20180727191306_HDR_0041,local\LULO4\LuoJia1-01_LR201807289089_20180727191306_HDR_0041_meta.xml,local\LULO4\LuoJia1-01_LR201807289089_20180727191306_HDR_0041_gec.tif,hf://buckets/cbernegger/LULO4/LuoJia1-01_LR201807289089_20180727191306_HDR_0041_meta.xml,hf://buckets/cbernegger/LULO4/LuoJia1-01_LR201807289089_20180727191306_HDR_0041_gec.tif,41.880048,35.713516,45.589885,38.313029,43.755184,37.035344,2018-7-27T19:12:53.3808
LuoJia1-01_LR201807289089_20180727191311_HDR_0042,local\LULO4\LuoJia1-01_LR201807289089_20180727191311_HDR_0042_meta.xml,local\LULO4\LuoJia1-01_LR201807289089_20180727191311_HDR_0042_gec.tif,hf://buckets/cbernegger/LULO4/LuoJia1-01_LR201807289089_20180727191311_HDR_0042_meta.xml,hf://buckets/cbernegger/LULO4/LuoJia1-01_LR201807289089_20180727191311_HDR_0042_gec.tif,41.785545,36.020851,45.507214,38.620694,43.665565,37.343334,2018-7-27T19:12:58.3857
LuoJia1-01_LR201807289089_20180727191316_HDR_0043,local\LULO4\LuoJia1-01_LR201807289089_20180727191316_HDR_0043_meta.xml,local\LULO4\LuoJia1-01_LR201807289089_20180727191316_HDR_0043_gec.tif,hf://buckets/cbernegger/LULO4/LuoJia1-01_LR201807289089_20180727191316_HDR_0043_meta.xml,hf://buckets/cbernegger/LULO4/LuoJia1-01_LR201807289089_20180727191316_HDR_0043_gec.tif,41.69055,36.327226,45.423163,38.928023,43.577783,37.650595,2018-7-27T19:13:3.39058
LuoJia1-01_LR201807289089_20180727191321_HDR_0044,local\LULO4\LuoJia1-01_LR201807289089_20180727191321_HDR_0044_meta.xml,local\LULO4\LuoJia1-01_LR201807289089_20180727191321_HDR_0044_gec.tif,hf://buckets/cbernegger/LULO4/LuoJia1-01_LR201807289089_20180727191321_HDR_0044_meta.xml,hf://buckets/cbernegger/LULO4/LuoJia1-01_LR201807289089_20180727191321_HDR_0044_gec.tif,41.591053,36.631514,45.344815,39.236169,43.488235,37.956384,2018-7-27T19:13:8.39506
LuoJia1-01_LR201807289089_20180727191326_HDR_0045,local\LULO4\LuoJia1-01_LR201807289089_20180727191326_HDR_0045_meta.xml,local\LULO4\LuoJia1-01_LR201807289089_20180727191326_HDR_0045_gec.tif,hf://buckets/cbernegger/LULO4/LuoJia1-01_LR201807289089_20180727191326_HDR_0045_meta.xml,hf://buckets/cbernegger/LULO4/LuoJia1-01_LR201807289089_20180727191326_HDR_0045_gec.tif,41.495107,36.935367,45.263598,39.540728,43.399971,38.259637,2018-7-27T19:13:13.4003
LuoJia1-01_LR201807289089_20180727191331_HDR_0046,local\LULO4\LuoJia1-01_LR201807289089_20180727191331_HDR_0046_meta.xml,local\LULO4\LuoJia1-01_LR201807289089_20180727191331_HDR_0046_gec.tif,hf://buckets/cbernegger/LULO4/LuoJia1-01_LR201807289089_20180727191331_HDR_0046_meta.xml,hf://buckets/cbernegger/LULO4/LuoJia1-01_LR201807289089_20180727191331_HDR_0046_gec.tif,41.393934,37.24072,45.183691,39.846818,43.309518,38.565054,2018-7-27T19:13:18.4052
LuoJia1-01_LR201807289089_20180727191336_HDR_0047,local\LULO4\LuoJia1-01_LR201807289089_20180727191336_HDR_0047_meta.xml,local\LULO4\LuoJia1-01_LR201807289089_20180727191336_HDR_0047_gec.tif,hf://buckets/cbernegger/LULO4/LuoJia1-01_LR201807289089_20180727191336_HDR_0047_meta.xml,hf://buckets/cbernegger/LULO4/LuoJia1-01_LR201807289089_20180727191336_HDR_0047_gec.tif,41.29409,37.547957,45.100018,40.153603,43.215579,38.870813,2018-7-27T19:13:23.4101
LuoJia1-01_LR201807289089_20180727191341_HDR_0048,local\LULO4\LuoJia1-01_LR201807289089_20180727191341_HDR_0048_meta.xml,local\LULO4\LuoJia1-01_LR201807289089_20180727191341_HDR_0048_gec.tif,hf://buckets/cbernegger/LULO4/LuoJia1-01_LR201807289089_20180727191341_HDR_0048_meta.xml,hf://buckets/cbernegger/LULO4/LuoJia1-01_LR201807289089_20180727191341_HDR_0048_gec.tif,41.19146,37.847764,45.014933,40.454803,43.123076,39.173673,2018-7-27T19:13:28.4149
LuoJia1-01_LR201807289089_20180727191346_HDR_0049,local\LULO4\LuoJia1-01_LR201807289089_20180727191346_HDR_0049_meta.xml,local\LULO4\LuoJia1-01_LR201807289089_20180727191346_HDR_0049_gec.tif,hf://buckets/cbernegger/LULO4/LuoJia1-01_LR201807289089_20180727191346_HDR_0049_meta.xml,hf://buckets/cbernegger/LULO4/LuoJia1-01_LR201807289089_20180727191346_HDR_0049_gec.tif,41.088446,38.14902,44.931725,40.758179,43.030889,39.475279,2018-7-27T19:13:33.4198
LuoJia1-01_LR201807289089_20180727191351_HDR_0050,local\LULO4\LuoJia1-01_LR201807289089_20180727191351_HDR_0050_meta.xml,local\LULO4\LuoJia1-01_LR201807289089_20180727191351_HDR_0050_gec.tif,hf://buckets/cbernegger/LULO4/LuoJia1-01_LR201807289089_20180727191351_HDR_0050_meta.xml,hf://buckets/cbernegger/LULO4/LuoJia1-01_LR201807289089_20180727191351_HDR_0050_gec.tif,40.987683,38.455026,44.845867,41.061879,42.936895,39.779109,2018-7-27T19:13:38.4247
LuoJia1-01_LR201807289089_20180727191356_HDR_0051,local\LULO4\LuoJia1-01_LR201807289089_20180727191356_HDR_0051_meta.xml,local\LULO4\LuoJia1-01_LR201807289089_20180727191356_HDR_0051_gec.tif,hf://buckets/cbernegger/LULO4/LuoJia1-01_LR201807289089_20180727191356_HDR_0051_meta.xml,hf://buckets/cbernegger/LULO4/LuoJia1-01_LR201807289089_20180727191356_HDR_0051_gec.tif,40.873462,38.758189,44.759566,41.365904,42.842522,40.083307,2018-7-27T19:13:43.4296
LuoJia1-01_LR201807289089_20180727191401_HDR_0052,local\LULO4\LuoJia1-01_LR201807289089_20180727191401_HDR_0052_meta.xml,local\LULO4\LuoJia1-01_LR201807289089_20180727191401_HDR_0052_gec.tif,hf://buckets/cbernegger/LULO4/LuoJia1-01_LR201807289089_20180727191401_HDR_0052_meta.xml,hf://buckets/cbernegger/LULO4/LuoJia1-01_LR201807289089_20180727191401_HDR_0052_gec.tif,40.764306,39.061988,44.675491,41.673257,42.745629,40.389867,2018-7-27T19:13:48.4345
LuoJia1-01_LR201807289089_20180727191406_HDR_0053,local\LULO4\LuoJia1-01_LR201807289089_20180727191406_HDR_0053_meta.xml,local\LULO4\LuoJia1-01_LR201807289089_20180727191406_HDR_0053_gec.tif,hf://buckets/cbernegger/LULO4/LuoJia1-01_LR201807289089_20180727191406_HDR_0053_meta.xml,hf://buckets/cbernegger/LULO4/LuoJia1-01_LR201807289089_20180727191406_HDR_0053_gec.tif,40.665406,39.348181,44.594655,41.961425,42.656184,40.673452,2018-7-27T19:13:53.1312
LuoJia1-01_LR201807289089_20180727191411_HDR_0054,local\LULO4\LuoJia1-01_LR201807289089_20180727191411_HDR_0054_meta.xml,local\LULO4\LuoJia1-01_LR201807289089_20180727191411_HDR_0054_gec.tif,hf://buckets/cbernegger/LULO4/LuoJia1-01_LR201807289089_20180727191411_HDR_0054_meta.xml,hf://buckets/cbernegger/LULO4/LuoJia1-01_LR201807289089_20180727191411_HDR_0054_gec.tif,40.555891,39.649392,44.509446,42.264778,42.560558,40.97699,2018-7-27T19:13:58.1361
LuoJia1-01_LR201807289089_20180727191416_HDR_0055,local\LULO4\LuoJia1-01_LR201807289089_20180727191416_HDR_0055_meta.xml,local\LULO4\LuoJia1-01_LR201807289089_20180727191416_HDR_0055_gec.tif,hf://buckets/cbernegger/LULO4/LuoJia1-01_LR201807289089_20180727191416_HDR_0055_meta.xml,hf://buckets/cbernegger/LULO4/LuoJia1-01_LR201807289089_20180727191416_HDR_0055_gec.tif,40.440761,39.948447,44.418105,42.567173,42.456056,41.278501,2018-7-27T19:14:3.14093
LuoJia1-01_LR201807289089_20180727191421_HDR_0056,local\LULO4\LuoJia1-01_LR201807289089_20180727191421_HDR_0056_meta.xml,local\LULO4\LuoJia1-01_LR201807289089_20180727191421_HDR_0056_gec.tif,hf://buckets/cbernegger/LULO4/LuoJia1-01_LR201807289089_20180727191421_HDR_0056_meta.xml,hf://buckets/cbernegger/LULO4/LuoJia1-01_LR201807289089_20180727191421_HDR_0056_gec.tif,40.329981,40.252621,44.321112,42.864938,42.353974,41.57882,2018-7-27T19:14:8.14590
LuoJia1-01_LR201807289089_20180727191426_HDR_0057,local\LULO4\LuoJia1-01_LR201807289089_20180727191426_HDR_0057_meta.xml,local\LULO4\LuoJia1-01_LR201807289089_20180727191426_HDR_0057_gec.tif,hf://buckets/cbernegger/LULO4/LuoJia1-01_LR201807289089_20180727191426_HDR_0057_meta.xml,hf://buckets/cbernegger/LULO4/LuoJia1-01_LR201807289089_20180727191426_HDR_0057_gec.tif,40.214928,40.569969,44.225758,43.187525,42.24984,41.901135,2018-7-27T19:14:13.4490
LuoJia1-01_LR201807289089_20180727191431_HDR_0058,local\LULO4\LuoJia1-01_LR201807289089_20180727191431_HDR_0058_meta.xml,local\LULO4\LuoJia1-01_LR201807289089_20180727191431_HDR_0058_gec.tif,hf://buckets/cbernegger/LULO4/LuoJia1-01_LR201807289089_20180727191431_HDR_0058_meta.xml,hf://buckets/cbernegger/LULO4/LuoJia1-01_LR201807289089_20180727191431_HDR_0058_gec.tif,40.09871,40.895661,44.132948,43.514305,42.145084,42.223783,2018-7-27T19:14:18.7522
LuoJia1-01_LR201807313757_20180731141434_HDR_0000,local\LULO4\LuoJia1-01_LR201807313757_20180731141434_HDR_0000_meta.xml,local\LULO4\LuoJia1-01_LR201807313757_20180731141434_HDR_0000_gec.tif,hf://buckets/cbernegger/LULO4/LuoJia1-01_LR201807313757_20180731141434_HDR_0000_meta.xml,hf://buckets/cbernegger/LULO4/LuoJia1-01_LR201807313757_20180731141434_HDR_0000_gec.tif,118.706563,22.666586,121.956589,25.258965,120.387746,23.996329,2018-7-31T14:14:22.1712
LuoJia1-01_LR201807313757_20180731141439_HDR_0001,local\LULO4\LuoJia1-01_LR201807313757_20180731141439_HDR_0001_meta.xml,local\LULO4\LuoJia1-01_LR201807313757_20180731141439_HDR_0001_gec.tif,hf://buckets/cbernegger/LULO4/LuoJia1-01_LR201807313757_20180731141439_HDR_0001_meta.xml,hf://buckets/cbernegger/LULO4/LuoJia1-01_LR201807313757_20180731141439_HDR_0001_gec.tif,118.630638,22.973926,121.884548,25.565463,120.314693,24.303291,2018-7-31T14:14:27.1763
LuoJia1-01_LR201807313757_20180731141444_HDR_0002,local\LULO4\LuoJia1-01_LR201807313757_20180731141444_HDR_0002_meta.xml,local\LULO4\LuoJia1-01_LR201807313757_20180731141444_HDR_0002_gec.tif,hf://buckets/cbernegger/LULO4/LuoJia1-01_LR201807313757_20180731141444_HDR_0002_meta.xml,hf://buckets/cbernegger/LULO4/LuoJia1-01_LR201807313757_20180731141444_HDR_0002_gec.tif,118.557846,23.281251,121.815969,25.872529,120.241198,24.61018,2018-7-31T14:14:32.1808
LuoJia1-01_LR201807313757_20180731141449_HDR_0003,local\LULO4\LuoJia1-01_LR201807313757_20180731141449_HDR_0003_meta.xml,local\LULO4\LuoJia1-01_LR201807313757_20180731141449_HDR_0003_gec.tif,hf://buckets/cbernegger/LULO4/LuoJia1-01_LR201807313757_20180731141449_HDR_0003_meta.xml,hf://buckets/cbernegger/LULO4/LuoJia1-01_LR201807313757_20180731141449_HDR_0003_gec.tif,118.478105,23.589657,121.74559,26.17993,120.167674,24.918624,2018-7-31T14:14:37.1860
LuoJia1-01_LR201807313757_20180731141454_HDR_0004,local\LULO4\LuoJia1-01_LR201807313757_20180731141454_HDR_0004_meta.xml,local\LULO4\LuoJia1-01_LR201807313757_20180731141454_HDR_0004_gec.tif,hf://buckets/cbernegger/LULO4/LuoJia1-01_LR201807313757_20180731141454_HDR_0004_meta.xml,hf://buckets/cbernegger/LULO4/LuoJia1-01_LR201807313757_20180731141454_HDR_0004_gec.tif,118.400408,23.895077,121.67688,26.48865,120.096003,25.225038,2018-7-31T14:14:42.1899
LuoJia1-01_LR201807313757_20180731141459_HDR_0005,local\LULO4\LuoJia1-01_LR201807313757_20180731141459_HDR_0005_meta.xml,local\LULO4\LuoJia1-01_LR201807313757_20180731141459_HDR_0005_gec.tif,hf://buckets/cbernegger/LULO4/LuoJia1-01_LR201807313757_20180731141459_HDR_0005_meta.xml,hf://buckets/cbernegger/LULO4/LuoJia1-01_LR201807313757_20180731141459_HDR_0005_gec.tif,118.322811,24.201368,121.606919,26.794454,120.024282,25.530962,2018-7-31T14:14:47.1957
LuoJia1-01_LR201807313757_20180731141504_HDR_0006,local\LULO4\LuoJia1-01_LR201807313757_20180731141504_HDR_0006_meta.xml,local\LULO4\LuoJia1-01_LR201807313757_20180731141504_HDR_0006_gec.tif,hf://buckets/cbernegger/LULO4/LuoJia1-01_LR201807313757_20180731141504_HDR_0006_meta.xml,hf://buckets/cbernegger/LULO4/LuoJia1-01_LR201807313757_20180731141504_HDR_0006_gec.tif,118.242629,24.507326,121.539747,27.100619,119.949961,25.837151,2018-7-31T14:14:52.2006
LuoJia1-01_LR201807313757_20180731141509_HDR_0007,local\LULO4\LuoJia1-01_LR201807313757_20180731141509_HDR_0007_meta.xml,local\LULO4\LuoJia1-01_LR201807313757_20180731141509_HDR_0007_gec.tif,hf://buckets/cbernegger/LULO4/LuoJia1-01_LR201807313757_20180731141509_HDR_0007_meta.xml,hf://buckets/cbernegger/LULO4/LuoJia1-01_LR201807313757_20180731141509_HDR_0007_gec.tif,118.156986,24.81196,121.468778,27.406965,119.871167,26.143178,2018-7-31T14:14:57.2054
LuoJia1-01_LR201807313757_20180731141514_HDR_0008,local\LULO4\LuoJia1-01_LR201807313757_20180731141514_HDR_0008_meta.xml,local\LULO4\LuoJia1-01_LR201807313757_20180731141514_HDR_0008_gec.tif,hf://buckets/cbernegger/LULO4/LuoJia1-01_LR201807313757_20180731141514_HDR_0008_meta.xml,hf://buckets/cbernegger/LULO4/LuoJia1-01_LR201807313757_20180731141514_HDR_0008_gec.tif,118.073522,25.115068,121.393331,27.712619,119.792385,26.447097,2018-7-31T14:15:2.21035
LuoJia1-01_LR201807313757_20180731141519_HDR_0009,local\LULO4\LuoJia1-01_LR201807313757_20180731141519_HDR_0009_meta.xml,local\LULO4\LuoJia1-01_LR201807313757_20180731141519_HDR_0009_gec.tif,hf://buckets/cbernegger/LULO4/LuoJia1-01_LR201807313757_20180731141519_HDR_0009_meta.xml,hf://buckets/cbernegger/LULO4/LuoJia1-01_LR201807313757_20180731141519_HDR_0009_gec.tif,117.993245,25.421813,121.320361,28.016799,119.715508,26.752106,2018-7-31T14:15:7.21522
LuoJia1-01_LR201807313757_20180731141524_HDR_0010,local\LULO4\LuoJia1-01_LR201807313757_20180731141524_HDR_0010_meta.xml,local\LULO4\LuoJia1-01_LR201807313757_20180731141524_HDR_0010_gec.tif,hf://buckets/cbernegger/LULO4/LuoJia1-01_LR201807313757_20180731141524_HDR_0010_meta.xml,hf://buckets/cbernegger/LULO4/LuoJia1-01_LR201807313757_20180731141524_HDR_0010_gec.tif,117.915506,25.730331,121.248779,28.322365,119.641396,27.058677,2018-7-31T14:15:12.2191
LuoJia1-01_LR201807313757_20180731141529_HDR_0011,local\LULO4\LuoJia1-01_LR201807313757_20180731141529_HDR_0011_meta.xml,local\LULO4\LuoJia1-01_LR201807313757_20180731141529_HDR_0011_gec.tif,hf://buckets/cbernegger/LULO4/LuoJia1-01_LR201807313757_20180731141529_HDR_0011_meta.xml,hf://buckets/cbernegger/LULO4/LuoJia1-01_LR201807313757_20180731141529_HDR_0011_gec.tif,117.828074,26.035754,121.178348,28.629029,119.564508,27.365691,2018-7-31T14:15:17.2249
LuoJia1-01_LR201807313757_20180731141534_HDR_0012,local\LULO4\LuoJia1-01_LR201807313757_20180731141534_HDR_0012_meta.xml,local\LULO4\LuoJia1-01_LR201807313757_20180731141534_HDR_0012_gec.tif,hf://buckets/cbernegger/LULO4/LuoJia1-01_LR201807313757_20180731141534_HDR_0012_meta.xml,hf://buckets/cbernegger/LULO4/LuoJia1-01_LR201807313757_20180731141534_HDR_0012_gec.tif,117.742952,26.337014,121.104337,28.935273,119.484227,27.670184,2018-7-31T14:15:22.2298
LuoJia1-01_LR201807313757_20180731141539_HDR_0013,local\LULO4\LuoJia1-01_LR201807313757_20180731141539_HDR_0013_meta.xml,local\LULO4\LuoJia1-01_LR201807313757_20180731141539_HDR_0013_gec.tif,hf://buckets/cbernegger/LULO4/LuoJia1-01_LR201807313757_20180731141539_HDR_0013_meta.xml,hf://buckets/cbernegger/LULO4/LuoJia1-01_LR201807313757_20180731141539_HDR_0013_gec.tif,117.656519,26.641646,121.02819,29.240819,119.404874,27.975381,2018-7-31T14:15:27.2341
LuoJia1-01_LR201807313757_20180731141544_HDR_0014,local\LULO4\LuoJia1-01_LR201807313757_20180731141544_HDR_0014_meta.xml,local\LULO4\LuoJia1-01_LR201807313757_20180731141544_HDR_0014_gec.tif,hf://buckets/cbernegger/LULO4/LuoJia1-01_LR201807313757_20180731141544_HDR_0014_meta.xml,hf://buckets/cbernegger/LULO4/LuoJia1-01_LR201807313757_20180731141544_HDR_0014_gec.tif,117.572287,26.943821,120.954197,29.546839,119.325756,28.279234,2018-7-31T14:15:32.2395
LuoJia1-01_LR201807313757_20180731141549_HDR_0015,local\LULO4\LuoJia1-01_LR201807313757_20180731141549_HDR_0015_meta.xml,local\LULO4\LuoJia1-01_LR201807313757_20180731141549_HDR_0015_gec.tif,hf://buckets/cbernegger/LULO4/LuoJia1-01_LR201807313757_20180731141549_HDR_0015_meta.xml,hf://buckets/cbernegger/LULO4/LuoJia1-01_LR201807313757_20180731141549_HDR_0015_gec.tif,117.48813,27.248883,120.880119,29.850778,119.245281,28.583585,2018-7-31T14:15:37.2444
LuoJia1-01_LR201807313757_20180731141554_HDR_0016,local\LULO4\LuoJia1-01_LR201807313757_20180731141554_HDR_0016_meta.xml,local\LULO4\LuoJia1-01_LR201807313757_20180731141554_HDR_0016_gec.tif,hf://buckets/cbernegger/LULO4/LuoJia1-01_LR201807313757_20180731141554_HDR_0016_meta.xml,hf://buckets/cbernegger/LULO4/LuoJia1-01_LR201807313757_20180731141554_HDR_0016_gec.tif,117.400016,27.55381,120.804843,30.156055,119.165147,28.888811,2018-7-31T14:15:42.2492
LuoJia1-01_LR201807313757_20180731141559_HDR_0017,local\LULO4\LuoJia1-01_LR201807313757_20180731141559_HDR_0017_meta.xml,local\LULO4\LuoJia1-01_LR201807313757_20180731141559_HDR_0017_gec.tif,hf://buckets/cbernegger/LULO4/LuoJia1-01_LR201807313757_20180731141559_HDR_0017_meta.xml,hf://buckets/cbernegger/LULO4/LuoJia1-01_LR201807313757_20180731141559_HDR_0017_gec.tif,117.307654,27.859124,120.728675,30.461907,119.081707,29.194376,2018-7-31T14:15:47.2541
LuoJia1-01_LR201807313757_20180731141609_HDR_0019,local\LULO4\LuoJia1-01_LR201807313757_20180731141609_HDR_0019_meta.xml,local\LULO4\LuoJia1-01_LR201807313757_20180731141609_HDR_0019_gec.tif,hf://buckets/cbernegger/LULO4/LuoJia1-01_LR201807313757_20180731141609_HDR_0019_meta.xml,hf://buckets/cbernegger/LULO4/LuoJia1-01_LR201807313757_20180731141609_HDR_0019_gec.tif,117.129651,28.476875,120.56893,31.077659,118.915005,29.812319,2018-7-31T14:15:57.2638
LuoJia1-01_LR201807313757_20180731141614_HDR_0020,local\LULO4\LuoJia1-01_LR201807313757_20180731141614_HDR_0020_meta.xml,local\LULO4\LuoJia1-01_LR201807313757_20180731141614_HDR_0020_gec.tif,hf://buckets/cbernegger/LULO4/LuoJia1-01_LR201807313757_20180731141614_HDR_0020_meta.xml,hf://buckets/cbernegger/LULO4/LuoJia1-01_LR201807313757_20180731141614_HDR_0020_gec.tif,117.047295,28.782619,120.494981,31.388588,118.837679,30.118979,2018-7-31T14:16:2.26874
LuoJia1-01_LR201807313757_20180731141619_HDR_0021,local\LULO4\LuoJia1-01_LR201807313757_20180731141619_HDR_0021_meta.xml,local\LULO4\LuoJia1-01_LR201807313757_20180731141619_HDR_0021_gec.tif,hf://buckets/cbernegger/LULO4/LuoJia1-01_LR201807313757_20180731141619_HDR_0021_meta.xml,hf://buckets/cbernegger/LULO4/LuoJia1-01_LR201807313757_20180731141619_HDR_0021_gec.tif,116.965922,29.084733,120.423675,31.693597,118.761276,30.423357,2018-7-31T14:16:7.27361
LuoJia1-01_LR201807313757_20180731141624_HDR_0022,local\LULO4\LuoJia1-01_LR201807313757_20180731141624_HDR_0022_meta.xml,local\LULO4\LuoJia1-01_LR201807313757_20180731141624_HDR_0022_gec.tif,hf://buckets/cbernegger/LULO4/LuoJia1-01_LR201807313757_20180731141624_HDR_0022_meta.xml,hf://buckets/cbernegger/LULO4/LuoJia1-01_LR201807313757_20180731141624_HDR_0022_gec.tif,116.878396,29.387331,120.353453,31.997917,118.681623,30.726131,2018-7-31T14:16:12.2784
LuoJia1-01_LR201807313757_20180731141629_HDR_0023,local\LULO4\LuoJia1-01_LR201807313757_20180731141629_HDR_0023_meta.xml,local\LULO4\LuoJia1-01_LR201807313757_20180731141629_HDR_0023_gec.tif,hf://buckets/cbernegger/LULO4/LuoJia1-01_LR201807313757_20180731141629_HDR_0023_meta.xml,hf://buckets/cbernegger/LULO4/LuoJia1-01_LR201807313757_20180731141629_HDR_0023_gec.tif,116.791399,29.692059,120.277665,32.300808,118.600369,31.030119,2018-7-31T14:16:17.2833
LuoJia1-01_LR201807313757_20180731141634_HDR_0024,local\LULO4\LuoJia1-01_LR201807313757_20180731141634_HDR_0024_meta.xml,local\LULO4\LuoJia1-01_LR201807313757_20180731141634_HDR_0024_gec.tif,hf://buckets/cbernegger/LULO4/LuoJia1-01_LR201807313757_20180731141634_HDR_0024_meta.xml,hf://buckets/cbernegger/LULO4/LuoJia1-01_LR201807313757_20180731141634_HDR_0024_gec.tif,116.703384,29.995893,120.202434,32.605999,118.519186,31.335175,2018-7-31T14:16:22.2882
LuoJia1-01_LR201807313757_20180731141639_HDR_0025,local\LULO4\LuoJia1-01_LR201807313757_20180731141639_HDR_0025_meta.xml,local\LULO4\LuoJia1-01_LR201807313757_20180731141639_HDR_0025_gec.tif,hf://buckets/cbernegger/LULO4/LuoJia1-01_LR201807313757_20180731141639_HDR_0025_meta.xml,hf://buckets/cbernegger/LULO4/LuoJia1-01_LR201807313757_20180731141639_HDR_0025_gec.tif,116.614122,30.298634,120.126651,32.911132,118.437079,31.638804,2018-7-31T14:16:27.2931
LuoJia1-01_LR201807313757_20180731141644_HDR_0026,local\LULO4\LuoJia1-01_LR201807313757_20180731141644_HDR_0026_meta.xml,local\LULO4\LuoJia1-01_LR201807313757_20180731141644_HDR_0026_gec.tif,hf://buckets/cbernegger/LULO4/LuoJia1-01_LR201807313757_20180731141644_HDR_0026_meta.xml,hf://buckets/cbernegger/LULO4/LuoJia1-01_LR201807313757_20180731141644_HDR_0026_gec.tif,116.523479,30.602899,120.049438,33.214827,118.353614,31.942994,2018-7-31T14:16:32.2979
LuoJia1-01_LR201807313757_20180731141649_HDR_0027,local\LULO4\LuoJia1-01_LR201807313757_20180731141649_HDR_0027_meta.xml,local\LULO4\LuoJia1-01_LR201807313757_20180731141649_HDR_0027_gec.tif,hf://buckets/cbernegger/LULO4/LuoJia1-01_LR201807313757_20180731141649_HDR_0027_meta.xml,hf://buckets/cbernegger/LULO4/LuoJia1-01_LR201807313757_20180731141649_HDR_0027_gec.tif,116.432918,30.910341,119.972147,33.520859,118.270566,32.250218,2018-7-31T14:16:37.3028
LuoJia1-01_LR201807313757_20180731141654_HDR_0028,local\LULO4\LuoJia1-01_LR201807313757_20180731141654_HDR_0028_meta.xml,local\LULO4\LuoJia1-01_LR201807313757_20180731141654_HDR_0028_gec.tif,hf://buckets/cbernegger/LULO4/LuoJia1-01_LR201807313757_20180731141654_HDR_0028_meta.xml,hf://buckets/cbernegger/LULO4/LuoJia1-01_LR201807313757_20180731141654_HDR_0028_gec.tif,116.340405,31.215027,119.894671,33.829168,118.185525,32.556783,2018-7-31T14:16:42.3069
LuoJia1-01_LR201807313757_20180731141659_HDR_0029,local\LULO4\LuoJia1-01_LR201807313757_20180731141659_HDR_0029_meta.xml,local\LULO4\LuoJia1-01_LR201807313757_20180731141659_HDR_0029_gec.tif,hf://buckets/cbernegger/LULO4/LuoJia1-01_LR201807313757_20180731141659_HDR_0029_meta.xml,hf://buckets/cbernegger/LULO4/LuoJia1-01_LR201807313757_20180731141659_HDR_0029_gec.tif,116.250319,31.517023,119.815456,34.134928,118.101537,32.860388,2018-7-31T14:16:47.3126
LuoJia1-01_LR201807313757_20180731141704_HDR_0030,local\LULO4\LuoJia1-01_LR201807313757_20180731141704_HDR_0030_meta.xml,local\LULO4\LuoJia1-01_LR201807313757_20180731141704_HDR_0030_gec.tif,hf://buckets/cbernegger/LULO4/LuoJia1-01_LR201807313757_20180731141704_HDR_0030_meta.xml,hf://buckets/cbernegger/LULO4/LuoJia1-01_LR201807313757_20180731141704_HDR_0030_gec.tif,116.158433,31.819141,119.738415,34.438032,118.017756,33.163222,2018-7-31T14:16:52.3174
LuoJia1-01_LR201807313757_20180731141709_HDR_0031,local\LULO4\LuoJia1-01_LR201807313757_20180731141709_HDR_0031_meta.xml,local\LULO4\LuoJia1-01_LR201807313757_20180731141709_HDR_0031_gec.tif,hf://buckets/cbernegger/LULO4/LuoJia1-01_LR201807313757_20180731141709_HDR_0031_meta.xml,hf://buckets/cbernegger/LULO4/LuoJia1-01_LR201807313757_20180731141709_HDR_0031_gec.tif,116.064051,32.121333,119.660251,34.74149,117.931434,33.466199,2018-7-31T14:16:57.3223
LuoJia1-01_LR201807313757_20180731141714_HDR_0032,local\LULO4\LuoJia1-01_LR201807313757_20180731141714_HDR_0032_meta.xml,local\LULO4\LuoJia1-01_LR201807313757_20180731141714_HDR_0032_gec.tif,hf://buckets/cbernegger/LULO4/LuoJia1-01_LR201807313757_20180731141714_HDR_0032_meta.xml,hf://buckets/cbernegger/LULO4/LuoJia1-01_LR201807313757_20180731141714_HDR_0032_gec.tif,115.971901,32.425009,119.579987,35.045119,117.845345,33.769799,2018-7-31T14:17:2.32720
LuoJia1-01_LR201807313757_20180731141719_HDR_0033,local\LULO4\LuoJia1-01_LR201807313757_20180731141719_HDR_0033_meta.xml,local\LULO4\LuoJia1-01_LR201807313757_20180731141719_HDR_0033_gec.tif,hf://buckets/cbernegger/LULO4/LuoJia1-01_LR201807313757_20180731141719_HDR_0033_meta.xml,hf://buckets/cbernegger/LULO4/LuoJia1-01_LR201807313757_20180731141719_HDR_0033_gec.tif,115.879069,32.729447,119.501321,35.349468,117.761715,34.074636,2018-7-31T14:17:7.33208
LuoJia1-01_LR201807313757_20180731141724_HDR_0034,local\LULO4\LuoJia1-01_LR201807313757_20180731141724_HDR_0034_meta.xml,local\LULO4\LuoJia1-01_LR201807313757_20180731141724_HDR_0034_gec.tif,hf://buckets/cbernegger/LULO4/LuoJia1-01_LR201807313757_20180731141724_HDR_0034_meta.xml,hf://buckets/cbernegger/LULO4/LuoJia1-01_LR201807313757_20180731141724_HDR_0034_gec.tif,115.779189,33.033171,119.422895,35.655205,117.67128,34.379366,2018-7-31T14:17:12.3369
LuoJia1-01_LR201807313757_20180731141729_HDR_0035,local\LULO4\LuoJia1-01_LR201807313757_20180731141729_HDR_0035_meta.xml,local\LULO4\LuoJia1-01_LR201807313757_20180731141729_HDR_0035_gec.tif,hf://buckets/cbernegger/LULO4/LuoJia1-01_LR201807313757_20180731141729_HDR_0035_meta.xml,hf://buckets/cbernegger/LULO4/LuoJia1-01_LR201807313757_20180731141729_HDR_0035_gec.tif,115.686731,33.337209,119.338293,35.960268,117.583771,34.684298,2018-7-31T14:17:17.3418
LuoJia1-01_LR201807313757_20180731141734_HDR_0036,local\LULO4\LuoJia1-01_LR201807313757_20180731141734_HDR_0036_meta.xml,local\LULO4\LuoJia1-01_LR201807313757_20180731141734_HDR_0036_gec.tif,hf://buckets/cbernegger/LULO4/LuoJia1-01_LR201807313757_20180731141734_HDR_0036_meta.xml,hf://buckets/cbernegger/LULO4/LuoJia1-01_LR201807313757_20180731141734_HDR_0036_gec.tif,115.596887,33.635344,119.261339,36.259869,117.501284,34.982722,2018-7-31T14:17:22.2637
LuoJia1-01_LR201807313757_20180731141739_HDR_0037,local\LULO4\LuoJia1-01_LR201807313757_20180731141739_HDR_0037_meta.xml,local\LULO4\LuoJia1-01_LR201807313757_20180731141739_HDR_0037_gec.tif,hf://buckets/cbernegger/LULO4/LuoJia1-01_LR201807313757_20180731141739_HDR_0037_meta.xml,hf://buckets/cbernegger/LULO4/LuoJia1-01_LR201807313757_20180731141739_HDR_0037_gec.tif,115.501035,33.945103,119.182296,36.568979,117.414149,35.292317,2018-7-31T14:17:27.3515
LuoJia1-01_LR201807313757_20180731141744_HDR_0038,local\LULO4\LuoJia1-01_LR201807313757_20180731141744_HDR_0038_meta.xml,local\LULO4\LuoJia1-01_LR201807313757_20180731141744_HDR_0038_gec.tif,hf://buckets/cbernegger/LULO4/LuoJia1-01_LR201807313757_20180731141744_HDR_0038_meta.xml,hf://buckets/cbernegger/LULO4/LuoJia1-01_LR201807313757_20180731141744_HDR_0038_gec.tif,115.404936,34.248882,119.102674,36.874949,117.327161,35.597248,2018-7-31T14:17:32.3564
LuoJia1-01_LR201807313757_20180731141749_HDR_0039,local\LULO4\LuoJia1-01_LR201807313757_20180731141749_HDR_0039_meta.xml,local\LULO4\LuoJia1-01_LR201807313757_20180731141749_HDR_0039_gec.tif,hf://buckets/cbernegger/LULO4/LuoJia1-01_LR201807313757_20180731141749_HDR_0039_meta.xml,hf://buckets/cbernegger/LULO4/LuoJia1-01_LR201807313757_20180731141749_HDR_0039_gec.tif,115.304609,34.550516,119.021586,37.179809,117.236131,35.900303,2018-7-31T14:17:37.3613
LuoJia1-01_LR201807313757_20180731141754_HDR_0040,local\LULO4\LuoJia1-01_LR201807313757_20180731141754_HDR_0040_meta.xml,local\LULO4\LuoJia1-01_LR201807313757_20180731141754_HDR_0040_gec.tif,hf://buckets/cbernegger/LULO4/LuoJia1-01_LR201807313757_20180731141754_HDR_0040_meta.xml,hf://buckets/cbernegger/LULO4/LuoJia1-01_LR201807313757_20180731141754_HDR_0040_gec.tif,115.20596,34.852471,118.937368,37.483131,117.146045,36.203517,2018-7-31T14:17:42.3662
LuoJia1-01_LR201807313757_20180731141759_HDR_0041,local\LULO4\LuoJia1-01_LR201807313757_20180731141759_HDR_0041_meta.xml,local\LULO4\LuoJia1-01_LR201807313757_20180731141759_HDR_0041_gec.tif,hf://buckets/cbernegger/LULO4/LuoJia1-01_LR201807313757_20180731141759_HDR_0041_meta.xml,hf://buckets/cbernegger/LULO4/LuoJia1-01_LR201807313757_20180731141759_HDR_0041_gec.tif,115.105329,35.153641,118.85519,37.786991,117.05506,36.505619,2018-7-31T14:17:47.3710
LuoJia1-01_LR201807313757_20180731141804_HDR_0042,local\LULO4\LuoJia1-01_LR201807313757_20180731141804_HDR_0042_meta.xml,local\LULO4\LuoJia1-01_LR201807313757_20180731141804_HDR_0042_gec.tif,hf://buckets/cbernegger/LULO4/LuoJia1-01_LR201807313757_20180731141804_HDR_0042_meta.xml,hf://buckets/cbernegger/LULO4/LuoJia1-01_LR201807313757_20180731141804_HDR_0042_gec.tif,115.003386,35.457298,118.770834,38.089812,116.962238,36.809095,2018-7-31T14:17:52.3758
LuoJia1-01_LR201807313757_20180731141809_HDR_0043,local\LULO4\LuoJia1-01_LR201807313757_20180731141809_HDR_0043_meta.xml,local\LULO4\LuoJia1-01_LR201807313757_20180731141809_HDR_0043_gec.tif,hf://buckets/cbernegger/LULO4/LuoJia1-01_LR201807313757_20180731141809_HDR_0043_meta.xml,hf://buckets/cbernegger/LULO4/LuoJia1-01_LR201807313757_20180731141809_HDR_0043_gec.tif,114.902998,35.762171,118.685641,38.395244,116.869705,37.11447,2018-7-31T14:17:57.3808
LuoJia1-01_LR201807313757_20180731141814_HDR_0044,local\LULO4\LuoJia1-01_LR201807313757_20180731141814_HDR_0044_meta.xml,local\LULO4\LuoJia1-01_LR201807313757_20180731141814_HDR_0044_gec.tif,hf://buckets/cbernegger/LULO4/LuoJia1-01_LR201807313757_20180731141814_HDR_0044_meta.xml,hf://buckets/cbernegger/LULO4/LuoJia1-01_LR201807313757_20180731141814_HDR_0044_gec.tif,114.805153,36.066529,118.602386,38.701551,116.780327,37.419436,2018-7-31T14:18:2.38572
LuoJia1-01_LR201807313757_20180731141819_HDR_0045,local\LULO4\LuoJia1-01_LR201807313757_20180731141819_HDR_0045_meta.xml,local\LULO4\LuoJia1-01_LR201807313757_20180731141819_HDR_0045_gec.tif,hf://buckets/cbernegger/LULO4/LuoJia1-01_LR201807313757_20180731141819_HDR_0045_meta.xml,hf://buckets/cbernegger/LULO4/LuoJia1-01_LR201807313757_20180731141819_HDR_0045_gec.tif,114.702354,36.370682,118.520969,39.006843,116.688771,37.724209,2018-7-31T14:18:7.39060
LuoJia1-01_LR201807313757_20180731141824_HDR_0046,local\LULO4\LuoJia1-01_LR201807313757_20180731141824_HDR_0046_meta.xml,local\LULO4\LuoJia1-01_LR201807313757_20180731141824_HDR_0046_gec.tif,hf://buckets/cbernegger/LULO4/LuoJia1-01_LR201807313757_20180731141824_HDR_0046_meta.xml,hf://buckets/cbernegger/LULO4/LuoJia1-01_LR201807313757_20180731141824_HDR_0046_gec.tif,114.595219,36.674512,118.434816,39.312216,116.591528,38.028908,2018-7-31T14:18:12.3954
LuoJia1-01_LR201807313757_20180731141829_HDR_0047,local\LULO4\LuoJia1-01_LR201807313757_20180731141829_HDR_0047_meta.xml,local\LULO4\LuoJia1-01_LR201807313757_20180731141829_HDR_0047_gec.tif,hf://buckets/cbernegger/LULO4/LuoJia1-01_LR201807313757_20180731141829_HDR_0047_meta.xml,hf://buckets/cbernegger/LULO4/LuoJia1-01_LR201807313757_20180731141829_HDR_0047_gec.tif,114.491459,36.977318,118.344366,39.617507,116.493722,38.333744,2018-7-31T14:18:17.4003
LuoJia1-01_LR201807313757_20180731141834_HDR_0048,local\LULO4\LuoJia1-01_LR201807313757_20180731141834_HDR_0048_meta.xml,local\LULO4\LuoJia1-01_LR201807313757_20180731141834_HDR_0048_gec.tif,hf://buckets/cbernegger/LULO4/LuoJia1-01_LR201807313757_20180731141834_HDR_0048_meta.xml,hf://buckets/cbernegger/LULO4/LuoJia1-01_LR201807313757_20180731141834_HDR_0048_gec.tif,114.392175,37.277513,118.256323,39.921859,116.399625,38.635135,2018-7-31T14:18:22.4052
LuoJia1-01_LR201807313757_20180731141839_HDR_0049,local\LULO4\LuoJia1-01_LR201807313757_20180731141839_HDR_0049_meta.xml,local\LULO4\LuoJia1-01_LR201807313757_20180731141839_HDR_0049_gec.tif,hf://buckets/cbernegger/LULO4/LuoJia1-01_LR201807313757_20180731141839_HDR_0049_meta.xml,hf://buckets/cbernegger/LULO4/LuoJia1-01_LR201807313757_20180731141839_HDR_0049_gec.tif,114.289121,37.581511,118.171919,40.222861,116.306604,38.938236,2018-7-31T14:18:27.4101
LuoJia1-01_LR201807313757_20180731141844_HDR_0050,local\LULO4\LuoJia1-01_LR201807313757_20180731141844_HDR_0050_meta.xml,local\LULO4\LuoJia1-01_LR201807313757_20180731141844_HDR_0050_gec.tif,hf://buckets/cbernegger/LULO4/LuoJia1-01_LR201807313757_20180731141844_HDR_0050_meta.xml,hf://buckets/cbernegger/LULO4/LuoJia1-01_LR201807313757_20180731141844_HDR_0050_gec.tif,114.183958,37.886428,118.086776,40.52679,116.212079,39.243404,2018-7-31T14:18:32.4150
LuoJia1-01_LR201807313757_20180731141849_HDR_0051,local\LULO4\LuoJia1-01_LR201807313757_20180731141849_HDR_0051_meta.xml,local\LULO4\LuoJia1-01_LR201807313757_20180731141849_HDR_0051_gec.tif,hf://buckets/cbernegger/LULO4/LuoJia1-01_LR201807313757_20180731141849_HDR_0051_meta.xml,hf://buckets/cbernegger/LULO4/LuoJia1-01_LR201807313757_20180731141849_HDR_0051_gec.tif,114.075289,38.18944,117.999901,40.833788,116.115741,39.548472,2018-7-31T14:18:37.4198
LuoJia1-01_LR201807313757_20180731141854_HDR_0052,local\LULO4\LuoJia1-01_LR201807313757_20180731141854_HDR_0052_meta.xml,local\LULO4\LuoJia1-01_LR201807313757_20180731141854_HDR_0052_gec.tif,hf://buckets/cbernegger/LULO4/LuoJia1-01_LR201807313757_20180731141854_HDR_0052_meta.xml,hf://buckets/cbernegger/LULO4/LuoJia1-01_LR201807313757_20180731141854_HDR_0052_gec.tif,113.964808,38.490073,117.911085,41.13761,116.016768,39.8504,2018-7-31T14:18:42.4247
LuoJia1-01_LR201807313757_20180731141859_HDR_0053,local\LULO4\LuoJia1-01_LR201807313757_20180731141859_HDR_0053_meta.xml,local\LULO4\LuoJia1-01_LR201807313757_20180731141859_HDR_0053_gec.tif,hf://buckets/cbernegger/LULO4/LuoJia1-01_LR201807313757_20180731141859_HDR_0053_meta.xml,hf://buckets/cbernegger/LULO4/LuoJia1-01_LR201807313757_20180731141859_HDR_0053_gec.tif,113.856516,38.794536,117.819896,41.438909,115.917949,40.15368,2018-7-31T14:18:47.4296
LuoJia1-01_LR201807313757_20180731141904_HDR_0054,local\LULO4\LuoJia1-01_LR201807313757_20180731141904_HDR_0054_meta.xml,local\LULO4\LuoJia1-01_LR201807313757_20180731141904_HDR_0054_gec.tif,hf://buckets/cbernegger/LULO4/LuoJia1-01_LR201807313757_20180731141904_HDR_0054_meta.xml,hf://buckets/cbernegger/LULO4/LuoJia1-01_LR201807313757_20180731141904_HDR_0054_gec.tif,113.748597,39.100963,117.730077,41.744995,115.818649,40.46026,2018-7-31T14:18:52.4342
LuoJia1-01_LR201807313757_20180731141909_HDR_0055,local\LULO4\LuoJia1-01_LR201807313757_20180731141909_HDR_0055_meta.xml,local\LULO4\LuoJia1-01_LR201807313757_20180731141909_HDR_0055_gec.tif,hf://buckets/cbernegger/LULO4/LuoJia1-01_LR201807313757_20180731141909_HDR_0055_meta.xml,hf://buckets/cbernegger/LULO4/LuoJia1-01_LR201807313757_20180731141909_HDR_0055_gec.tif,113.646495,39.402206,117.641886,42.050248,115.725777,40.762489,2018-7-31T14:18:57.4394
LuoJia1-01_LR201807313757_20180731141914_HDR_0056,local\LULO4\LuoJia1-01_LR201807313757_20180731141914_HDR_0056_meta.xml,local\LULO4\LuoJia1-01_LR201807313757_20180731141914_HDR_0056_gec.tif,hf://buckets/cbernegger/LULO4/LuoJia1-01_LR201807313757_20180731141914_HDR_0056_meta.xml,hf://buckets/cbernegger/LULO4/LuoJia1-01_LR201807313757_20180731141914_HDR_0056_gec.tif,113.535243,39.703988,117.55768,42.351424,115.629224,41.06311,2018-7-31T14:19:2.44331
LuoJia1-01_LR201808014424_20180731222344_HDR_0016,local\LULO4\LuoJia1-01_LR201808014424_20180731222344_HDR_0016_meta.xml,local\LULO4\LuoJia1-01_LR201808014424_20180731222344_HDR_0016_gec.tif,hf://buckets/cbernegger/LULO4/LuoJia1-01_LR201808014424_20180731222344_HDR_0016_meta.xml,hf://buckets/cbernegger/LULO4/LuoJia1-01_LR201808014424_20180731222344_HDR_0016_gec.tif,-3.238449,27.348247,0.09351,29.91158,-1.58549,28.610632,2018-7-31T22:23:32.2632
LuoJia1-01_LR201808014424_20180731222349_HDR_0017,local\LULO4\LuoJia1-01_LR201808014424_20180731222349_HDR_0017_meta.xml,local\LULO4\LuoJia1-01_LR201808014424_20180731222349_HDR_0017_gec.tif,hf://buckets/cbernegger/LULO4/LuoJia1-01_LR201808014424_20180731222349_HDR_0017_meta.xml,hf://buckets/cbernegger/LULO4/LuoJia1-01_LR201808014424_20180731222349_HDR_0017_gec.tif,-3.321751,27.654063,0.024268,30.218502,-1.661772,28.91717,2018-7-31T22:23:37.2681
LuoJia1-01_LR201808014424_20180731222354_HDR_0018,local\LULO4\LuoJia1-01_LR201808014424_20180731222354_HDR_0018_meta.xml,local\LULO4\LuoJia1-01_LR201808014424_20180731222354_HDR_0018_gec.tif,hf://buckets/cbernegger/LULO4/LuoJia1-01_LR201808014424_20180731222354_HDR_0018_meta.xml,hf://buckets/cbernegger/LULO4/LuoJia1-01_LR201808014424_20180731222354_HDR_0018_gec.tif,-3.406052,27.959243,-0.048236,30.525162,-1.740296,29.223172,2018-7-31T22:23:42.2730
LuoJia1-01_LR201808014424_20180731222359_HDR_0019,local\LULO4\LuoJia1-01_LR201808014424_20180731222359_HDR_0019_meta.xml,local\LULO4\LuoJia1-01_LR201808014424_20180731222359_HDR_0019_gec.tif,hf://buckets/cbernegger/LULO4/LuoJia1-01_LR201808014424_20180731222359_HDR_0019_meta.xml,hf://buckets/cbernegger/LULO4/LuoJia1-01_LR201808014424_20180731222359_HDR_0019_gec.tif,-3.489031,28.264823,-0.121717,30.831222,-1.818448,29.529054,2018-7-31T22:23:47.2778
LuoJia1-01_LR201808014424_20180731222404_HDR_0020,local\LULO4\LuoJia1-01_LR201808014424_20180731222404_HDR_0020_meta.xml,local\LULO4\LuoJia1-01_LR201808014424_20180731222404_HDR_0020_gec.tif,hf://buckets/cbernegger/LULO4/LuoJia1-01_LR201808014424_20180731222404_HDR_0020_meta.xml,hf://buckets/cbernegger/LULO4/LuoJia1-01_LR201808014424_20180731222404_HDR_0020_gec.tif,-3.570837,28.571384,-0.193401,31.137824,-1.895078,29.83569,2018-7-31T22:23:52.2827
LuoJia1-01_LR201808014424_20180731222409_HDR_0021,local\LULO4\LuoJia1-01_LR201808014424_20180731222409_HDR_0021_meta.xml,local\LULO4\LuoJia1-01_LR201808014424_20180731222409_HDR_0021_gec.tif,hf://buckets/cbernegger/LULO4/LuoJia1-01_LR201808014424_20180731222409_HDR_0021_meta.xml,hf://buckets/cbernegger/LULO4/LuoJia1-01_LR201808014424_20180731222409_HDR_0021_gec.tif,-3.652658,28.876991,-0.264752,31.444535,-1.971396,30.141807,2018-7-31T22:23:57.2876
LuoJia1-01_LR201808014424_20180731222414_HDR_0022,local\LULO4\LuoJia1-01_LR201808014424_20180731222414_HDR_0022_meta.xml,local\LULO4\LuoJia1-01_LR201808014424_20180731222414_HDR_0022_gec.tif,hf://buckets/cbernegger/LULO4/LuoJia1-01_LR201808014424_20180731222414_HDR_0022_meta.xml,hf://buckets/cbernegger/LULO4/LuoJia1-01_LR201808014424_20180731222414_HDR_0022_gec.tif,-3.736696,29.182699,-0.336055,31.750512,-2.048815,30.447569,2018-7-31T22:24:2.29248
LuoJia1-01_LR201808014424_20180731222419_HDR_0023,local\LULO4\LuoJia1-01_LR201808014424_20180731222419_HDR_0023_meta.xml,local\LULO4\LuoJia1-01_LR201808014424_20180731222419_HDR_0023_gec.tif,hf://buckets/cbernegger/LULO4/LuoJia1-01_LR201808014424_20180731222419_HDR_0023_meta.xml,hf://buckets/cbernegger/LULO4/LuoJia1-01_LR201808014424_20180731222419_HDR_0023_gec.tif,-3.822442,29.488882,-0.409727,32.05624,-2.128583,30.753795,2018-7-31T22:24:7.29736
LuoJia1-01_LR201808014424_20180731222424_HDR_0024,local\LULO4\LuoJia1-01_LR201808014424_20180731222424_HDR_0024_meta.xml,local\LULO4\LuoJia1-01_LR201808014424_20180731222424_HDR_0024_gec.tif,hf://buckets/cbernegger/LULO4/LuoJia1-01_LR201808014424_20180731222424_HDR_0024_meta.xml,hf://buckets/cbernegger/LULO4/LuoJia1-01_LR201808014424_20180731222424_HDR_0024_gec.tif,-3.905489,29.793003,-0.484602,32.360939,-2.207138,31.059761,2018-7-31T22:24:12.3022
LuoJia1-01_LR201808014424_20180731222429_HDR_0025,local\LULO4\LuoJia1-01_LR201808014424_20180731222429_HDR_0025_meta.xml,local\LULO4\LuoJia1-01_LR201808014424_20180731222429_HDR_0025_gec.tif,hf://buckets/cbernegger/LULO4/LuoJia1-01_LR201808014424_20180731222429_HDR_0025_meta.xml,hf://buckets/cbernegger/LULO4/LuoJia1-01_LR201808014424_20180731222429_HDR_0025_gec.tif,-3.987227,30.094542,-0.555874,32.66717,-2.28356,31.362034,2018-7-31T22:24:17.3071
LuoJia1-01_LR201808014424_20180731222434_HDR_0026,local\LULO4\LuoJia1-01_LR201808014424_20180731222434_HDR_0026_meta.xml,local\LULO4\LuoJia1-01_LR201808014424_20180731222434_HDR_0026_gec.tif,hf://buckets/cbernegger/LULO4/LuoJia1-01_LR201808014424_20180731222434_HDR_0026_meta.xml,hf://buckets/cbernegger/LULO4/LuoJia1-01_LR201808014424_20180731222434_HDR_0026_gec.tif,-4.070715,30.401305,-0.625948,32.969423,-2.360381,31.666981,2018-7-31T22:24:22.3119
LuoJia1-01_LR201808014424_20180731222439_HDR_0027,local\LULO4\LuoJia1-01_LR201808014424_20180731222439_HDR_0027_meta.xml,local\LULO4\LuoJia1-01_LR201808014424_20180731222439_HDR_0027_gec.tif,hf://buckets/cbernegger/LULO4/LuoJia1-01_LR201808014424_20180731222439_HDR_0027_meta.xml,hf://buckets/cbernegger/LULO4/LuoJia1-01_LR201808014424_20180731222439_HDR_0027_gec.tif,-4.158794,30.70824,-0.69804,33.276819,-2.440034,31.973884,2018-7-31T22:24:27.3168
LuoJia1-01_LR201808014424_20180731222444_HDR_0028,local\LULO4\LuoJia1-01_LR201808014424_20180731222444_HDR_0028_meta.xml,local\LULO4\LuoJia1-01_LR201808014424_20180731222444_HDR_0028_gec.tif,hf://buckets/cbernegger/LULO4/LuoJia1-01_LR201808014424_20180731222444_HDR_0028_meta.xml,hf://buckets/cbernegger/LULO4/LuoJia1-01_LR201808014424_20180731222444_HDR_0028_gec.tif,-4.243333,31.014764,-0.773076,33.584619,-2.520831,32.281169,2018-7-31T22:24:32.3217
LuoJia1-01_LR201808014424_20180731222449_HDR_0029,local\LULO4\LuoJia1-01_LR201808014424_20180731222449_HDR_0029_meta.xml,local\LULO4\LuoJia1-01_LR201808014424_20180731222449_HDR_0029_gec.tif,hf://buckets/cbernegger/LULO4/LuoJia1-01_LR201808014424_20180731222449_HDR_0029_meta.xml,hf://buckets/cbernegger/LULO4/LuoJia1-01_LR201808014424_20180731222449_HDR_0029_gec.tif,-4.327619,31.319171,-0.847043,33.891958,-2.598946,32.586715,2018-7-31T22:24:37.3266
LuoJia1-01_LR201808014424_20180731222454_HDR_0030,local\LULO4\LuoJia1-01_LR201808014424_20180731222454_HDR_0030_meta.xml,local\LULO4\LuoJia1-01_LR201808014424_20180731222454_HDR_0030_gec.tif,hf://buckets/cbernegger/LULO4/LuoJia1-01_LR201808014424_20180731222454_HDR_0030_meta.xml,hf://buckets/cbernegger/LULO4/LuoJia1-01_LR201808014424_20180731222454_HDR_0030_gec.tif,-4.414446,31.62131,-0.918153,34.196495,-2.67742,32.889991,2018-7-31T22:24:42.3314
LuoJia1-01_LR201808014424_20180731222459_HDR_0031,local\LULO4\LuoJia1-01_LR201808014424_20180731222459_HDR_0031_meta.xml,local\LULO4\LuoJia1-01_LR201808014424_20180731222459_HDR_0031_gec.tif,hf://buckets/cbernegger/LULO4/LuoJia1-01_LR201808014424_20180731222459_HDR_0031_meta.xml,hf://buckets/cbernegger/LULO4/LuoJia1-01_LR201808014424_20180731222459_HDR_0031_gec.tif,-4.503336,31.923204,-0.990937,34.498267,-2.757364,33.192172,2018-7-31T22:24:47.3363
LuoJia1-01_LR201808014424_20180731222504_HDR_0032,local\LULO4\LuoJia1-01_LR201808014424_20180731222504_HDR_0032_meta.xml,local\LULO4\LuoJia1-01_LR201808014424_20180731222504_HDR_0032_gec.tif,hf://buckets/cbernegger/LULO4/LuoJia1-01_LR201808014424_20180731222504_HDR_0032_meta.xml,hf://buckets/cbernegger/LULO4/LuoJia1-01_LR201808014424_20180731222504_HDR_0032_gec.tif,-4.59173,32.229351,-1.068152,34.804432,-2.838959,33.496999,2018-7-31T22:24:52.3412
LuoJia1-01_LR201808014424_20180731222509_HDR_0033,local\LULO4\LuoJia1-01_LR201808014424_20180731222509_HDR_0033_meta.xml,local\LULO4\LuoJia1-01_LR201808014424_20180731222509_HDR_0033_gec.tif,hf://buckets/cbernegger/LULO4/LuoJia1-01_LR201808014424_20180731222509_HDR_0033_meta.xml,hf://buckets/cbernegger/LULO4/LuoJia1-01_LR201808014424_20180731222509_HDR_0033_gec.tif,-4.678048,32.53739,-1.141765,35.111288,-2.918475,33.803459,2018-7-31T22:24:57.3461
LuoJia1-01_LR201808014424_20180731222514_HDR_0034,local\LULO4\LuoJia1-01_LR201808014424_20180731222514_HDR_0034_meta.xml,local\LULO4\LuoJia1-01_LR201808014424_20180731222514_HDR_0034_gec.tif,hf://buckets/cbernegger/LULO4/LuoJia1-01_LR201808014424_20180731222514_HDR_0034_meta.xml,hf://buckets/cbernegger/LULO4/LuoJia1-01_LR201808014424_20180731222514_HDR_0034_gec.tif,-4.774504,32.83869,-1.215582,35.419131,-3.005195,34.108672,2018-7-31T22:25:2.35097
LuoJia1-01_LR201808014424_20180731222519_HDR_0035,local\LULO4\LuoJia1-01_LR201808014424_20180731222519_HDR_0035_meta.xml,local\LULO4\LuoJia1-01_LR201808014424_20180731222519_HDR_0035_gec.tif,hf://buckets/cbernegger/LULO4/LuoJia1-01_LR201808014424_20180731222519_HDR_0035_meta.xml,hf://buckets/cbernegger/LULO4/LuoJia1-01_LR201808014424_20180731222519_HDR_0035_gec.tif,-4.868849,33.144103,-1.298603,35.724035,-3.091654,34.413941,2018-7-31T22:25:7.35585
LuoJia1-01_LR201808014424_20180731222524_HDR_0036,local\LULO4\LuoJia1-01_LR201808014424_20180731222524_HDR_0036_meta.xml,local\LULO4\LuoJia1-01_LR201808014424_20180731222524_HDR_0036_gec.tif,hf://buckets/cbernegger/LULO4/LuoJia1-01_LR201808014424_20180731222524_HDR_0036_meta.xml,hf://buckets/cbernegger/LULO4/LuoJia1-01_LR201808014424_20180731222524_HDR_0036_gec.tif,-4.957,33.450229,-1.376743,36.029195,-3.175199,34.718482,2018-7-31T22:25:12.3607
LuoJia1-01_LR201808014424_20180731222529_HDR_0037,local\LULO4\LuoJia1-01_LR201808014424_20180731222529_HDR_0037_meta.xml,local\LULO4\LuoJia1-01_LR201808014424_20180731222529_HDR_0037_gec.tif,hf://buckets/cbernegger/LULO4/LuoJia1-01_LR201808014424_20180731222529_HDR_0037_meta.xml,hf://buckets/cbernegger/LULO4/LuoJia1-01_LR201808014424_20180731222529_HDR_0037_gec.tif,-5.041994,33.754607,-1.451601,36.334383,-3.252901,35.025081,2018-7-31T22:25:17.3656
LuoJia1-01_LR201808014424_20180731222534_HDR_0038,local\LULO4\LuoJia1-01_LR201808014424_20180731222534_HDR_0038_meta.xml,local\LULO4\LuoJia1-01_LR201808014424_20180731222534_HDR_0038_gec.tif,hf://buckets/cbernegger/LULO4/LuoJia1-01_LR201808014424_20180731222534_HDR_0038_meta.xml,hf://buckets/cbernegger/LULO4/LuoJia1-01_LR201808014424_20180731222534_HDR_0038_gec.tif,-5.132274,34.057974,-1.521002,36.642499,-3.333301,35.330867,2018-7-31T22:25:22.3704
LuoJia1-01_LR201808014424_20180731222539_HDR_0039,local\LULO4\LuoJia1-01_LR201808014424_20180731222539_HDR_0039_meta.xml,local\LULO4\LuoJia1-01_LR201808014424_20180731222539_HDR_0039_gec.tif,hf://buckets/cbernegger/LULO4/LuoJia1-01_LR201808014424_20180731222539_HDR_0039_meta.xml,hf://buckets/cbernegger/LULO4/LuoJia1-01_LR201808014424_20180731222539_HDR_0039_gec.tif,-5.223919,34.360518,-1.596149,36.946636,-3.41745,35.634709,2018-7-31T22:25:27.3753
LuoJia1-01_LR201808014424_20180731222544_HDR_0040,local\LULO4\LuoJia1-01_LR201808014424_20180731222544_HDR_0040_meta.xml,local\LULO4\LuoJia1-01_LR201808014424_20180731222544_HDR_0040_gec.tif,hf://buckets/cbernegger/LULO4/LuoJia1-01_LR201808014424_20180731222544_HDR_0040_meta.xml,hf://buckets/cbernegger/LULO4/LuoJia1-01_LR201808014424_20180731222544_HDR_0040_gec.tif,-5.320984,34.665831,-1.672234,37.247442,-3.505352,35.939953,2018-7-31T22:25:32.3802
LuoJia1-01_LR201808014424_20180731222549_HDR_0041,local\LULO4\LuoJia1-01_LR201808014424_20180731222549_HDR_0041_meta.xml,local\LULO4\LuoJia1-01_LR201808014424_20180731222549_HDR_0041_gec.tif,hf://buckets/cbernegger/LULO4/LuoJia1-01_LR201808014424_20180731222549_HDR_0041_meta.xml,hf://buckets/cbernegger/LULO4/LuoJia1-01_LR201808014424_20180731222549_HDR_0041_gec.tif,-5.4147,34.970493,-1.752346,37.554778,-3.592376,36.243688,2018-7-31T22:25:37.3851
LuoJia1-01_LR201808014424_20180731222554_HDR_0042,local\LULO4\LuoJia1-01_LR201808014424_20180731222554_HDR_0042_meta.xml,local\LULO4\LuoJia1-01_LR201808014424_20180731222554_HDR_0042_gec.tif,hf://buckets/cbernegger/LULO4/LuoJia1-01_LR201808014424_20180731222554_HDR_0042_meta.xml,hf://buckets/cbernegger/LULO4/LuoJia1-01_LR201808014424_20180731222554_HDR_0042_gec.tif,-5.505256,35.27012,-1.830005,37.858544,-3.675624,36.547616,2018-7-31T22:25:42.3900
LuoJia1-01_LR201808014424_20180731222559_HDR_0043,local\LULO4\LuoJia1-01_LR201808014424_20180731222559_HDR_0043_meta.xml,local\LULO4\LuoJia1-01_LR201808014424_20180731222559_HDR_0043_gec.tif,hf://buckets/cbernegger/LULO4/LuoJia1-01_LR201808014424_20180731222559_HDR_0043_meta.xml,hf://buckets/cbernegger/LULO4/LuoJia1-01_LR201808014424_20180731222559_HDR_0043_gec.tif,-5.597486,35.572204,-1.904724,38.161414,-3.760621,36.850265,2018-7-31T22:25:47.3948
LuoJia1-01_LR201808014424_20180731222604_HDR_0044,local\LULO4\LuoJia1-01_LR201808014424_20180731222604_HDR_0044_meta.xml,local\LULO4\LuoJia1-01_LR201808014424_20180731222604_HDR_0044_gec.tif,hf://buckets/cbernegger/LULO4/LuoJia1-01_LR201808014424_20180731222604_HDR_0044_meta.xml,hf://buckets/cbernegger/LULO4/LuoJia1-01_LR201808014424_20180731222604_HDR_0044_gec.tif,-5.690586,35.875814,-1.982235,38.465589,-3.845911,37.153758,2018-7-31T22:25:52.3997
LuoJia1-01_LR201808014424_20180731222609_HDR_0045,local\LULO4\LuoJia1-01_LR201808014424_20180731222609_HDR_0045_meta.xml,local\LULO4\LuoJia1-01_LR201808014424_20180731222609_HDR_0045_gec.tif,hf://buckets/cbernegger/LULO4/LuoJia1-01_LR201808014424_20180731222609_HDR_0045_meta.xml,hf://buckets/cbernegger/LULO4/LuoJia1-01_LR201808014424_20180731222609_HDR_0045_gec.tif,-5.785924,36.17965,-2.060236,38.77021,-3.932104,37.457988,2018-7-31T22:25:57.4046
LuoJia1-01_LR201808014424_20180731222614_HDR_0046,local\LULO4\LuoJia1-01_LR201808014424_20180731222614_HDR_0046_meta.xml,local\LULO4\LuoJia1-01_LR201808014424_20180731222614_HDR_0046_gec.tif,hf://buckets/cbernegger/LULO4/LuoJia1-01_LR201808014424_20180731222614_HDR_0046_meta.xml,hf://buckets/cbernegger/LULO4/LuoJia1-01_LR201808014424_20180731222614_HDR_0046_gec.tif,-5.883805,36.484272,-2.138378,39.075865,-4.019348,37.763153,2018-7-31T22:26:2.40952
LuoJia1-01_LR201808014424_20180731222619_HDR_0047,local\LULO4\LuoJia1-01_LR201808014424_20180731222619_HDR_0047_meta.xml,local\LULO4\LuoJia1-01_LR201808014424_20180731222619_HDR_0047_gec.tif,hf://buckets/cbernegger/LULO4/LuoJia1-01_LR201808014424_20180731222619_HDR_0047_meta.xml,hf://buckets/cbernegger/LULO4/LuoJia1-01_LR201808014424_20180731222619_HDR_0047_gec.tif,-5.982571,36.788574,-2.223217,39.381953,-4.11,38.067508,2018-7-31T22:26:7.41440
LuoJia1-01_LR201808014424_20180731222624_HDR_0048,local\LULO4\LuoJia1-01_LR201808014424_20180731222624_HDR_0048_meta.xml,local\LULO4\LuoJia1-01_LR201808014424_20180731222624_HDR_0048_gec.tif,hf://buckets/cbernegger/LULO4/LuoJia1-01_LR201808014424_20180731222624_HDR_0048_meta.xml,hf://buckets/cbernegger/LULO4/LuoJia1-01_LR201808014424_20180731222624_HDR_0048_gec.tif,-6.074863,37.091014,-2.303442,39.685812,-4.195656,38.370647,2018-7-31T22:26:12.4192
LuoJia1-01_LR201808014424_20180731222629_HDR_0049,local\LULO4\LuoJia1-01_LR201808014424_20180731222629_HDR_0049_meta.xml,local\LULO4\LuoJia1-01_LR201808014424_20180731222629_HDR_0049_gec.tif,hf://buckets/cbernegger/LULO4/LuoJia1-01_LR201808014424_20180731222629_HDR_0049_meta.xml,hf://buckets/cbernegger/LULO4/LuoJia1-01_LR201808014424_20180731222629_HDR_0049_gec.tif,-6.172382,37.396158,-2.382047,39.989987,-4.282989,38.6757,2018-7-31T22:26:17.4241
LuoJia1-01_LR201808014424_20180731222634_HDR_0050,local\LULO4\LuoJia1-01_LR201808014424_20180731222634_HDR_0050_meta.xml,local\LULO4\LuoJia1-01_LR201808014424_20180731222634_HDR_0050_gec.tif,hf://buckets/cbernegger/LULO4/LuoJia1-01_LR201808014424_20180731222634_HDR_0050_meta.xml,hf://buckets/cbernegger/LULO4/LuoJia1-01_LR201808014424_20180731222634_HDR_0050_gec.tif,-6.270414,37.702912,-2.462673,40.297276,-4.370239,38.983056,2018-7-31T22:26:22.4290
LuoJia1-01_LR201808014424_20180731222639_HDR_0051,local\LULO4\LuoJia1-01_LR201808014424_20180731222639_HDR_0051_meta.xml,local\LULO4\LuoJia1-01_LR201808014424_20180731222639_HDR_0051_gec.tif,hf://buckets/cbernegger/LULO4/LuoJia1-01_LR201808014424_20180731222639_HDR_0051_meta.xml,hf://buckets/cbernegger/LULO4/LuoJia1-01_LR201808014424_20180731222639_HDR_0051_gec.tif,-6.374835,38.007388,-2.542923,40.605033,-4.464495,39.288195,2018-7-31T22:26:27.4339
LuoJia1-01_LR201808014424_20180731222644_HDR_0052,local\LULO4\LuoJia1-01_LR201808014424_20180731222644_HDR_0052_meta.xml,local\LULO4\LuoJia1-01_LR201808014424_20180731222644_HDR_0052_gec.tif,hf://buckets/cbernegger/LULO4/LuoJia1-01_LR201808014424_20180731222644_HDR_0052_meta.xml,hf://buckets/cbernegger/LULO4/LuoJia1-01_LR201808014424_20180731222644_HDR_0052_gec.tif,-6.474257,38.309454,-2.627999,40.908566,-4.557389,39.591058,2018-7-31T22:26:32.4388
LuoJia1-01_LR201808014424_20180731222649_HDR_0053,local\LULO4\LuoJia1-01_LR201808014424_20180731222649_HDR_0053_meta.xml,local\LULO4\LuoJia1-01_LR201808014424_20180731222649_HDR_0053_gec.tif,hf://buckets/cbernegger/LULO4/LuoJia1-01_LR201808014424_20180731222649_HDR_0053_meta.xml,hf://buckets/cbernegger/LULO4/LuoJia1-01_LR201808014424_20180731222649_HDR_0053_gec.tif,-6.573803,38.614671,-2.709541,41.209669,-4.646519,39.895694,2018-7-31T22:26:37.4436
LuoJia1-01_LR201808014424_20180731222654_HDR_0054,local\LULO4\LuoJia1-01_LR201808014424_20180731222654_HDR_0054_meta.xml,local\LULO4\LuoJia1-01_LR201808014424_20180731222654_HDR_0054_gec.tif,hf://buckets/cbernegger/LULO4/LuoJia1-01_LR201808014424_20180731222654_HDR_0054_meta.xml,hf://buckets/cbernegger/LULO4/LuoJia1-01_LR201808014424_20180731222654_HDR_0054_gec.tif,-6.677653,38.919369,-2.789597,41.518684,-4.738967,40.202247,2018-7-31T22:26:42.4485
LuoJia1-01_LR201808014424_20180731222659_HDR_0055,local\LULO4\LuoJia1-01_LR201808014424_20180731222659_HDR_0055_meta.xml,local\LULO4\LuoJia1-01_LR201808014424_20180731222659_HDR_0055_gec.tif,hf://buckets/cbernegger/LULO4/LuoJia1-01_LR201808014424_20180731222659_HDR_0055_meta.xml,hf://buckets/cbernegger/LULO4/LuoJia1-01_LR201808014424_20180731222659_HDR_0055_gec.tif,-6.781197,39.221752,-2.874275,41.82548,-4.834608,40.506029,2018-7-31T22:26:47.4534
LuoJia1-01_LR201808014424_20180731222704_HDR_0056,local\LULO4\LuoJia1-01_LR201808014424_20180731222704_HDR_0056_meta.xml,local\LULO4\LuoJia1-01_LR201808014424_20180731222704_HDR_0056_gec.tif,hf://buckets/cbernegger/LULO4/LuoJia1-01_LR201808014424_20180731222704_HDR_0056_meta.xml,hf://buckets/cbernegger/LULO4/LuoJia1-01_LR201808014424_20180731222704_HDR_0056_gec.tif,-6.879192,39.52583,-2.958811,42.128961,-4.924388,40.809577,2018-7-31T22:26:52.4583
LuoJia1-01_LR201808014424_20180731222709_HDR_0057,local\LULO4\LuoJia1-01_LR201808014424_20180731222709_HDR_0057_meta.xml,local\LULO4\LuoJia1-01_LR201808014424_20180731222709_HDR_0057_gec.tif,hf://buckets/cbernegger/LULO4/LuoJia1-01_LR201808014424_20180731222709_HDR_0057_meta.xml,hf://buckets/cbernegger/LULO4/LuoJia1-01_LR201808014424_20180731222709_HDR_0057_gec.tif,-6.979364,39.832684,-3.038023,42.434318,-5.015054,41.115827,2018-7-31T22:26:57.4632
LuoJia1-01_LR201808014424_20180731222714_HDR_0058,local\LULO4\LuoJia1-01_LR201808014424_20180731222714_HDR_0058_meta.xml,local\LULO4\LuoJia1-01_LR201808014424_20180731222714_HDR_0058_gec.tif,hf://buckets/cbernegger/LULO4/LuoJia1-01_LR201808014424_20180731222714_HDR_0058_meta.xml,hf://buckets/cbernegger/LULO4/LuoJia1-01_LR201808014424_20180731222714_HDR_0058_gec.tif,-7.083884,40.139319,-3.120545,42.742058,-5.106999,41.422934,2018-7-31T22:27:2.46810
LuoJia1-01_LR201808017650_20180731204944_HDR_0000,local\LULO4\LuoJia1-01_LR201808017650_20180731204944_HDR_0000_meta.xml,local\LULO4\LuoJia1-01_LR201808017650_20180731204944_HDR_0000_gec.tif,hf://buckets/cbernegger/LULO4/LuoJia1-01_LR201808017650_20180731204944_HDR_0000_meta.xml,hf://buckets/cbernegger/LULO4/LuoJia1-01_LR201808017650_20180731204944_HDR_0000_gec.tif,16.930662,40.406652,20.893695,42.988416,18.927331,41.692291,2018-7-31T20:49:32.1850
LuoJia1-01_LR201808017650_20180731204949_HDR_0001,local\LULO4\LuoJia1-01_LR201808017650_20180731204949_HDR_0001_meta.xml,local\LULO4\LuoJia1-01_LR201808017650_20180731204949_HDR_0001_gec.tif,hf://buckets/cbernegger/LULO4/LuoJia1-01_LR201808017650_20180731204949_HDR_0001_meta.xml,hf://buckets/cbernegger/LULO4/LuoJia1-01_LR201808017650_20180731204949_HDR_0001_gec.tif,16.818029,40.712825,20.802536,43.301821,18.826517,42.001284,2018-7-31T20:49:37.1899
LuoJia1-01_LR201808017650_20180731204954_HDR_0002,local\LULO4\LuoJia1-01_LR201808017650_20180731204954_HDR_0002_meta.xml,local\LULO4\LuoJia1-01_LR201808017650_20180731204954_HDR_0002_gec.tif,hf://buckets/cbernegger/LULO4/LuoJia1-01_LR201808017650_20180731204954_HDR_0002_meta.xml,hf://buckets/cbernegger/LULO4/LuoJia1-01_LR201808017650_20180731204954_HDR_0002_gec.tif,16.707601,41.014286,20.708643,43.608414,18.724342,42.304959,2018-7-31T20:49:42.1946
LuoJia1-01_LR201808017650_20180731204959_HDR_0003,local\LULO4\LuoJia1-01_LR201808017650_20180731204959_HDR_0003_meta.xml,local\LULO4\LuoJia1-01_LR201808017650_20180731204959_HDR_0003_gec.tif,hf://buckets/cbernegger/LULO4/LuoJia1-01_LR201808017650_20180731204959_HDR_0003_meta.xml,hf://buckets/cbernegger/LULO4/LuoJia1-01_LR201808017650_20180731204959_HDR_0003_gec.tif,16.601429,41.317792,20.619839,43.912735,18.627106,42.6089,2018-7-31T20:49:47.1992
LuoJia1-01_LR201808017650_20180731205004_HDR_0004,local\LULO4\LuoJia1-01_LR201808017650_20180731205004_HDR_0004_meta.xml,local\LULO4\LuoJia1-01_LR201808017650_20180731205004_HDR_0004_gec.tif,hf://buckets/cbernegger/LULO4/LuoJia1-01_LR201808017650_20180731205004_HDR_0004_meta.xml,hf://buckets/cbernegger/LULO4/LuoJia1-01_LR201808017650_20180731205004_HDR_0004_gec.tif,16.491553,41.618203,20.531506,44.217939,18.529736,42.910999,2018-7-31T20:49:52.2044
LuoJia1-01_LR201808017650_20180731205009_HDR_0005,local\LULO4\LuoJia1-01_LR201808017650_20180731205009_HDR_0005_meta.xml,local\LULO4\LuoJia1-01_LR201808017650_20180731205009_HDR_0005_gec.tif,hf://buckets/cbernegger/LULO4/LuoJia1-01_LR201808017650_20180731205009_HDR_0005_meta.xml,hf://buckets/cbernegger/LULO4/LuoJia1-01_LR201808017650_20180731205009_HDR_0005_gec.tif,16.379748,41.92256,20.446545,44.521179,18.429479,43.214539,2018-7-31T20:49:57.2093
LuoJia1-01_LR201808017650_20180731205014_HDR_0006,local\LULO4\LuoJia1-01_LR201808017650_20180731205014_HDR_0006_meta.xml,local\LULO4\LuoJia1-01_LR201808017650_20180731205014_HDR_0006_gec.tif,hf://buckets/cbernegger/LULO4/LuoJia1-01_LR201808017650_20180731205014_HDR_0006_meta.xml,hf://buckets/cbernegger/LULO4/LuoJia1-01_LR201808017650_20180731205014_HDR_0006_gec.tif,16.26684,42.227756,20.357825,44.827649,18.32726,43.520614,2018-7-31T20:50:2.21421
LuoJia1-01_LR201808017650_20180731205019_HDR_0007,local\LULO4\LuoJia1-01_LR201808017650_20180731205019_HDR_0007_meta.xml,local\LULO4\LuoJia1-01_LR201808017650_20180731205019_HDR_0007_gec.tif,hf://buckets/cbernegger/LULO4/LuoJia1-01_LR201808017650_20180731205019_HDR_0007_meta.xml,hf://buckets/cbernegger/LULO4/LuoJia1-01_LR201808017650_20180731205019_HDR_0007_gec.tif,16.149332,42.528926,20.261195,45.13408,18.224684,43.824318,2018-7-31T20:50:7.21907
LuoJia1-01_LR201808017650_20180731205024_HDR_0008,local\LULO4\LuoJia1-01_LR201808017650_20180731205024_HDR_0008_meta.xml,local\LULO4\LuoJia1-01_LR201808017650_20180731205024_HDR_0008_gec.tif,hf://buckets/cbernegger/LULO4/LuoJia1-01_LR201808017650_20180731205024_HDR_0008_meta.xml,hf://buckets/cbernegger/LULO4/LuoJia1-01_LR201808017650_20180731205024_HDR_0008_gec.tif,16.031353,42.829877,20.171363,45.437244,18.120306,44.126046,2018-7-31T20:50:12.2234
LuoJia1-01_LR201808017650_20180731205029_HDR_0009,local\LULO4\LuoJia1-01_LR201808017650_20180731205029_HDR_0009_meta.xml,local\LULO4\LuoJia1-01_LR201808017650_20180731205029_HDR_0009_gec.tif,hf://buckets/cbernegger/LULO4/LuoJia1-01_LR201808017650_20180731205029_HDR_0009_meta.xml,hf://buckets/cbernegger/LULO4/LuoJia1-01_LR201808017650_20180731205029_HDR_0009_gec.tif,15.914618,43.134684,20.07691,45.740373,18.016022,44.430185,2018-7-31T20:50:17.2288
LuoJia1-01_LR201808017650_20180731205034_HDR_0010,local\LULO4\LuoJia1-01_LR201808017650_20180731205034_HDR_0010_meta.xml,local\LULO4\LuoJia1-01_LR201808017650_20180731205034_HDR_0010_gec.tif,hf://buckets/cbernegger/LULO4/LuoJia1-01_LR201808017650_20180731205034_HDR_0010_meta.xml,hf://buckets/cbernegger/LULO4/LuoJia1-01_LR201808017650_20180731205034_HDR_0010_gec.tif,15.796202,43.436892,19.985749,46.045925,17.910648,44.73368,2018-7-31T20:50:22.2336
LuoJia1-01_LR201808017650_20180731205039_HDR_0011,local\LULO4\LuoJia1-01_LR201808017650_20180731205039_HDR_0011_meta.xml,local\LULO4\LuoJia1-01_LR201808017650_20180731205039_HDR_0011_gec.tif,hf://buckets/cbernegger/LULO4/LuoJia1-01_LR201808017650_20180731205039_HDR_0011_meta.xml,hf://buckets/cbernegger/LULO4/LuoJia1-01_LR201808017650_20180731205039_HDR_0011_gec.tif,15.678321,43.738949,19.893077,46.349769,17.805443,45.037089,2018-7-31T20:50:27.2385
LuoJia1-01_LR201808017650_20180731205044_HDR_0012,local\LULO4\LuoJia1-01_LR201808017650_20180731205044_HDR_0012_meta.xml,local\LULO4\LuoJia1-01_LR201808017650_20180731205044_HDR_0012_gec.tif,hf://buckets/cbernegger/LULO4/LuoJia1-01_LR201808017650_20180731205044_HDR_0012_meta.xml,hf://buckets/cbernegger/LULO4/LuoJia1-01_LR201808017650_20180731205044_HDR_0012_gec.tif,15.557313,44.041324,19.799711,46.653667,17.698143,45.338729,2018-7-31T20:50:32.2433
LuoJia1-01_LR201808017650_20180731205049_HDR_0013,local\LULO4\LuoJia1-01_LR201808017650_20180731205049_HDR_0013_meta.xml,local\LULO4\LuoJia1-01_LR201808017650_20180731205049_HDR_0013_gec.tif,hf://buckets/cbernegger/LULO4/LuoJia1-01_LR201808017650_20180731205049_HDR_0013_meta.xml,hf://buckets/cbernegger/LULO4/LuoJia1-01_LR201808017650_20180731205049_HDR_0013_gec.tif,15.436514,44.338478,19.704264,46.954999,17.588855,45.63901,2018-7-31T20:50:37.2482
LuoJia1-01_LR201808017650_20180731205054_HDR_0014,local\LULO4\LuoJia1-01_LR201808017650_20180731205054_HDR_0014_meta.xml,local\LULO4\LuoJia1-01_LR201808017650_20180731205054_HDR_0014_gec.tif,hf://buckets/cbernegger/LULO4/LuoJia1-01_LR201808017650_20180731205054_HDR_0014_meta.xml,hf://buckets/cbernegger/LULO4/LuoJia1-01_LR201808017650_20180731205054_HDR_0014_gec.tif,15.318954,44.638869,19.607632,47.255427,17.483029,45.939172,2018-7-31T20:50:42.2531
LuoJia1-01_LR201808017650_20180731205059_HDR_0015,local\LULO4\LuoJia1-01_LR201808017650_20180731205059_HDR_0015_meta.xml,local\LULO4\LuoJia1-01_LR201808017650_20180731205059_HDR_0015_gec.tif,hf://buckets/cbernegger/LULO4/LuoJia1-01_LR201808017650_20180731205059_HDR_0015_meta.xml,hf://buckets/cbernegger/LULO4/LuoJia1-01_LR201808017650_20180731205059_HDR_0015_gec.tif,15.198259,44.939517,19.514491,47.556365,17.375433,46.241203,2018-7-31T20:50:47.2579
LuoJia1-01_LR201808017650_20180731205104_HDR_0016,local\LULO4\LuoJia1-01_LR201808017650_20180731205104_HDR_0016_meta.xml,local\LULO4\LuoJia1-01_LR201808017650_20180731205104_HDR_0016_gec.tif,hf://buckets/cbernegger/LULO4/LuoJia1-01_LR201808017650_20180731205104_HDR_0016_meta.xml,hf://buckets/cbernegger/LULO4/LuoJia1-01_LR201808017650_20180731205104_HDR_0016_gec.tif,15.076546,45.242058,19.417944,47.859881,17.266702,46.543883,2018-7-31T20:50:52.2628
LuoJia1-01_LR201808017650_20180731205109_HDR_0017,local\LULO4\LuoJia1-01_LR201808017650_20180731205109_HDR_0017_meta.xml,local\LULO4\LuoJia1-01_LR201808017650_20180731205109_HDR_0017_gec.tif,hf://buckets/cbernegger/LULO4/LuoJia1-01_LR201808017650_20180731205109_HDR_0017_meta.xml,hf://buckets/cbernegger/LULO4/LuoJia1-01_LR201808017650_20180731205109_HDR_0017_gec.tif,14.954471,45.546595,19.32247,48.164192,17.159057,46.848616,2018-7-31T20:50:57.2677
LuoJia1-01_LR201808017650_20180731205114_HDR_0018,local\LULO4\LuoJia1-01_LR201808017650_20180731205114_HDR_0018_meta.xml,local\LULO4\LuoJia1-01_LR201808017650_20180731205114_HDR_0018_gec.tif,hf://buckets/cbernegger/LULO4/LuoJia1-01_LR201808017650_20180731205114_HDR_0018_meta.xml,hf://buckets/cbernegger/LULO4/LuoJia1-01_LR201808017650_20180731205114_HDR_0018_gec.tif,14.827141,45.850337,19.227436,48.470346,17.048774,47.153824,2018-7-31T20:51:2.27259
LuoJia1-01_LR201808017650_20180731205119_HDR_0019,local\LULO4\LuoJia1-01_LR201808017650_20180731205119_HDR_0019_meta.xml,local\LULO4\LuoJia1-01_LR201808017650_20180731205119_HDR_0019_gec.tif,hf://buckets/cbernegger/LULO4/LuoJia1-01_LR201808017650_20180731205119_HDR_0019_meta.xml,hf://buckets/cbernegger/LULO4/LuoJia1-01_LR201808017650_20180731205119_HDR_0019_gec.tif,14.702319,46.150501,19.12946,48.776241,16.937188,47.456438,2018-7-31T20:51:7.27746
LuoJia1-01_LR201808017650_20180731205124_HDR_0020,local\LULO4\LuoJia1-01_LR201808017650_20180731205124_HDR_0020_meta.xml,local\LULO4\LuoJia1-01_LR201808017650_20180731205124_HDR_0020_gec.tif,hf://buckets/cbernegger/LULO4/LuoJia1-01_LR201808017650_20180731205124_HDR_0020_meta.xml,hf://buckets/cbernegger/LULO4/LuoJia1-01_LR201808017650_20180731205124_HDR_0020_gec.tif,14.573646,46.451924,19.031592,49.07767,16.824746,47.757873,2018-7-31T20:51:12.2823
LuoJia1-01_LR201808017650_20180731205129_HDR_0021,local\LULO4\LuoJia1-01_LR201808017650_20180731205129_HDR_0021_meta.xml,local\LULO4\LuoJia1-01_LR201808017650_20180731205129_HDR_0021_gec.tif,hf://buckets/cbernegger/LULO4/LuoJia1-01_LR201808017650_20180731205129_HDR_0021_meta.xml,hf://buckets/cbernegger/LULO4/LuoJia1-01_LR201808017650_20180731205129_HDR_0021_gec.tif,14.437438,46.753809,18.930714,49.380407,16.706621,48.060586,2018-7-31T20:51:17.2872
LuoJia1-01_LR201808017650_20180731205134_HDR_0022,local\LULO4\LuoJia1-01_LR201808017650_20180731205134_HDR_0022_meta.xml,local\LULO4\LuoJia1-01_LR201808017650_20180731205134_HDR_0022_gec.tif,hf://buckets/cbernegger/LULO4/LuoJia1-01_LR201808017650_20180731205134_HDR_0022_meta.xml,hf://buckets/cbernegger/LULO4/LuoJia1-01_LR201808017650_20180731205134_HDR_0022_gec.tif,14.302901,47.054746,18.823794,49.6851,16.586824,48.363184,2018-7-31T20:51:22.2920
LuoJia1-01_LR201808017650_20180731205139_HDR_0023,local\LULO4\LuoJia1-01_LR201808017650_20180731205139_HDR_0023_meta.xml,local\LULO4\LuoJia1-01_LR201808017650_20180731205139_HDR_0023_gec.tif,hf://buckets/cbernegger/LULO4/LuoJia1-01_LR201808017650_20180731205139_HDR_0023_meta.xml,hf://buckets/cbernegger/LULO4/LuoJia1-01_LR201808017650_20180731205139_HDR_0023_gec.tif,14.168791,47.354885,18.718034,49.987666,16.46786,48.663463,2018-7-31T20:51:27.2969
LuoJia1-01_LR201808017650_20180731205144_HDR_0024,local\LULO4\LuoJia1-01_LR201808017650_20180731205144_HDR_0024_meta.xml,local\LULO4\LuoJia1-01_LR201808017650_20180731205144_HDR_0024_gec.tif,hf://buckets/cbernegger/LULO4/LuoJia1-01_LR201808017650_20180731205144_HDR_0024_meta.xml,hf://buckets/cbernegger/LULO4/LuoJia1-01_LR201808017650_20180731205144_HDR_0024_gec.tif,14.033817,47.652758,18.614092,50.288253,16.348718,48.963265,2018-7-31T20:51:32.3018
LuoJia1-01_LR201808017650_20180731205149_HDR_0025,local\LULO4\LuoJia1-01_LR201808017650_20180731205149_HDR_0025_meta.xml,local\LULO4\LuoJia1-01_LR201808017650_20180731205149_HDR_0025_gec.tif,hf://buckets/cbernegger/LULO4/LuoJia1-01_LR201808017650_20180731205149_HDR_0025_meta.xml,hf://buckets/cbernegger/LULO4/LuoJia1-01_LR201808017650_20180731205149_HDR_0025_gec.tif,13.897619,47.95193,18.509062,50.589437,16.228531,49.264051,2018-7-31T20:51:37.3066
LuoJia1-01_LR201808017650_20180731205154_HDR_0026,local\LULO4\LuoJia1-01_LR201808017650_20180731205154_HDR_0026_meta.xml,local\LULO4\LuoJia1-01_LR201808017650_20180731205154_HDR_0026_gec.tif,hf://buckets/cbernegger/LULO4/LuoJia1-01_LR201808017650_20180731205154_HDR_0026_meta.xml,hf://buckets/cbernegger/LULO4/LuoJia1-01_LR201808017650_20180731205154_HDR_0026_gec.tif,13.760428,48.249894,18.403617,50.891628,16.108413,49.563873,2018-7-31T20:51:42.3115
LuoJia1-01_LR201808017650_20180731205159_HDR_0027,local\LULO4\LuoJia1-01_LR201808017650_20180731205159_HDR_0027_meta.xml,local\LULO4\LuoJia1-01_LR201808017650_20180731205159_HDR_0027_gec.tif,hf://buckets/cbernegger/LULO4/LuoJia1-01_LR201808017650_20180731205159_HDR_0027_meta.xml,hf://buckets/cbernegger/LULO4/LuoJia1-01_LR201808017650_20180731205159_HDR_0027_gec.tif,13.622813,48.55261,18.296708,51.192685,15.986044,49.865519,2018-7-31T20:51:47.3164
LuoJia1-01_LR201808017650_20180731205204_HDR_0028,local\LULO4\LuoJia1-01_LR201808017650_20180731205204_HDR_0028_meta.xml,local\LULO4\LuoJia1-01_LR201808017650_20180731205204_HDR_0028_gec.tif,hf://buckets/cbernegger/LULO4/LuoJia1-01_LR201808017650_20180731205204_HDR_0028_meta.xml,hf://buckets/cbernegger/LULO4/LuoJia1-01_LR201808017650_20180731205204_HDR_0028_gec.tif,13.485321,48.851595,18.189836,51.495844,15.865398,50.167222,2018-7-31T20:51:52.3213
LuoJia1-01_LR201808017650_20180731205209_HDR_0029,local\LULO4\LuoJia1-01_LR201808017650_20180731205209_HDR_0029_meta.xml,local\LULO4\LuoJia1-01_LR201808017650_20180731205209_HDR_0029_gec.tif,hf://buckets/cbernegger/LULO4/LuoJia1-01_LR201808017650_20180731205209_HDR_0029_meta.xml,hf://buckets/cbernegger/LULO4/LuoJia1-01_LR201808017650_20180731205209_HDR_0029_gec.tif,13.344228,49.150855,18.086528,51.797894,15.744904,50.467247,2018-7-31T20:51:57.3261
LuoJia1-01_LR201808017650_20180731205214_HDR_0030,local\LULO4\LuoJia1-01_LR201808017650_20180731205214_HDR_0030_meta.xml,local\LULO4\LuoJia1-01_LR201808017650_20180731205214_HDR_0030_gec.tif,hf://buckets/cbernegger/LULO4/LuoJia1-01_LR201808017650_20180731205214_HDR_0030_meta.xml,hf://buckets/cbernegger/LULO4/LuoJia1-01_LR201808017650_20180731205214_HDR_0030_gec.tif,13.193198,49.454171,17.979707,52.099899,15.614877,50.7704,2018-7-31T20:52:2.33105
LuoJia1-01_LR201808017650_20180731205219_HDR_0031,local\LULO4\LuoJia1-01_LR201808017650_20180731205219_HDR_0031_meta.xml,local\LULO4\LuoJia1-01_LR201808017650_20180731205219_HDR_0031_gec.tif,hf://buckets/cbernegger/LULO4/LuoJia1-01_LR201808017650_20180731205219_HDR_0031_meta.xml,hf://buckets/cbernegger/LULO4/LuoJia1-01_LR201808017650_20180731205219_HDR_0031_gec.tif,13.045509,49.755924,17.863792,52.40594,15.484241,51.074746,2018-7-31T20:52:7.33592
LuoJia1-01_LR201808017650_20180731205224_HDR_0032,local\LULO4\LuoJia1-01_LR201808017650_20180731205224_HDR_0032_meta.xml,local\LULO4\LuoJia1-01_LR201808017650_20180731205224_HDR_0032_gec.tif,hf://buckets/cbernegger/LULO4/LuoJia1-01_LR201808017650_20180731205224_HDR_0032_meta.xml,hf://buckets/cbernegger/LULO4/LuoJia1-01_LR201808017650_20180731205224_HDR_0032_gec.tif,12.90114,50.054509,17.751749,52.710668,15.356626,51.37591,2018-7-31T20:52:12.3408
LuoJia1-01_LR201808017650_20180731205229_HDR_0033,local\LULO4\LuoJia1-01_LR201808017650_20180731205229_HDR_0033_meta.xml,local\LULO4\LuoJia1-01_LR201808017650_20180731205229_HDR_0033_gec.tif,hf://buckets/cbernegger/LULO4/LuoJia1-01_LR201808017650_20180731205229_HDR_0033_meta.xml,hf://buckets/cbernegger/LULO4/LuoJia1-01_LR201808017650_20180731205229_HDR_0033_gec.tif,12.756311,50.3534,17.64251,53.011649,15.230263,51.675541,2018-7-31T20:52:17.3446
LuoJia1-01_LR201808017650_20180731205234_HDR_0034,local\LULO4\LuoJia1-01_LR201808017650_20180731205234_HDR_0034_meta.xml,local\LULO4\LuoJia1-01_LR201808017650_20180731205234_HDR_0034_gec.tif,hf://buckets/cbernegger/LULO4/LuoJia1-01_LR201808017650_20180731205234_HDR_0034_meta.xml,hf://buckets/cbernegger/LULO4/LuoJia1-01_LR201808017650_20180731205234_HDR_0034_gec.tif,12.607412,50.653709,17.532358,53.312405,15.100643,51.976517,2018-7-31T20:52:22.3497
LuoJia1-01_LR201808017650_20180731205239_HDR_0035,local\LULO4\LuoJia1-01_LR201808017650_20180731205239_HDR_0035_meta.xml,local\LULO4\LuoJia1-01_LR201808017650_20180731205239_HDR_0035_gec.tif,hf://buckets/cbernegger/LULO4/LuoJia1-01_LR201808017650_20180731205239_HDR_0035_meta.xml,hf://buckets/cbernegger/LULO4/LuoJia1-01_LR201808017650_20180731205239_HDR_0035_gec.tif,12.458332,50.953575,17.418843,53.614664,14.970638,52.277425,2018-7-31T20:52:27.3554
LuoJia1-01_LR201808017650_20180731205244_HDR_0036,local\LULO4\LuoJia1-01_LR201808017650_20180731205244_HDR_0036_meta.xml,local\LULO4\LuoJia1-01_LR201808017650_20180731205244_HDR_0036_gec.tif,hf://buckets/cbernegger/LULO4/LuoJia1-01_LR201808017650_20180731205244_HDR_0036_meta.xml,hf://buckets/cbernegger/LULO4/LuoJia1-01_LR201808017650_20180731205244_HDR_0036_gec.tif,12.303624,51.251839,17.30597,53.916364,14.837141,52.577562,2018-7-31T20:52:32.3603
LuoJia1-01_LR201808017650_20180731205249_HDR_0037,local\LULO4\LuoJia1-01_LR201808017650_20180731205249_HDR_0037_meta.xml,local\LULO4\LuoJia1-01_LR201808017650_20180731205249_HDR_0037_gec.tif,hf://buckets/cbernegger/LULO4/LuoJia1-01_LR201808017650_20180731205249_HDR_0037_meta.xml,hf://buckets/cbernegger/LULO4/LuoJia1-01_LR201808017650_20180731205249_HDR_0037_gec.tif,12.145707,51.550399,17.188798,54.217739,14.700867,52.87807,2018-7-31T20:52:37.3651
LuoJia1-01_LR201808017650_20180731205254_HDR_0038,local\LULO4\LuoJia1-01_LR201808017650_20180731205254_HDR_0038_meta.xml,local\LULO4\LuoJia1-01_LR201808017650_20180731205254_HDR_0038_gec.tif,hf://buckets/cbernegger/LULO4/LuoJia1-01_LR201808017650_20180731205254_HDR_0038_meta.xml,hf://buckets/cbernegger/LULO4/LuoJia1-01_LR201808017650_20180731205254_HDR_0038_gec.tif,11.986317,51.847822,17.071153,54.519918,14.562201,53.177735,2018-7-31T20:52:42.3698
LuoJia1-01_LR201808017650_20180731205259_HDR_0039,local\LULO4\LuoJia1-01_LR201808017650_20180731205259_HDR_0039_meta.xml,local\LULO4\LuoJia1-01_LR201808017650_20180731205259_HDR_0039_gec.tif,hf://buckets/cbernegger/LULO4/LuoJia1-01_LR201808017650_20180731205259_HDR_0039_meta.xml,hf://buckets/cbernegger/LULO4/LuoJia1-01_LR201808017650_20180731205259_HDR_0039_gec.tif,11.826735,52.145707,16.951205,54.820244,14.423394,53.476174,2018-7-31T20:52:47.3749
LuoJia1-01_LR201808017650_20180731205304_HDR_0040,local\LULO4\LuoJia1-01_LR201808017650_20180731205304_HDR_0040_meta.xml,local\LULO4\LuoJia1-01_LR201808017650_20180731205304_HDR_0040_gec.tif,hf://buckets/cbernegger/LULO4/LuoJia1-01_LR201808017650_20180731205304_HDR_0040_meta.xml,hf://buckets/cbernegger/LULO4/LuoJia1-01_LR201808017650_20180731205304_HDR_0040_gec.tif,11.66437,52.447671,16.831692,55.121009,14.283456,53.778496,2018-7-31T20:52:52.3798
LuoJia1-01_LR201808017650_20180731205309_HDR_0041,local\LULO4\LuoJia1-01_LR201808017650_20180731205309_HDR_0041_meta.xml,local\LULO4\LuoJia1-01_LR201808017650_20180731205309_HDR_0041_gec.tif,hf://buckets/cbernegger/LULO4/LuoJia1-01_LR201808017650_20180731205309_HDR_0041_meta.xml,hf://buckets/cbernegger/LULO4/LuoJia1-01_LR201808017650_20180731205309_HDR_0041_gec.tif,11.501136,52.747199,16.710641,55.425952,14.141336,54.080129,2018-7-31T20:52:57.3846
LuoJia1-01_LR201808017650_20180731205314_HDR_0042,local\LULO4\LuoJia1-01_LR201808017650_20180731205314_HDR_0042_meta.xml,local\LULO4\LuoJia1-01_LR201808017650_20180731205314_HDR_0042_gec.tif,hf://buckets/cbernegger/LULO4/LuoJia1-01_LR201808017650_20180731205314_HDR_0042_meta.xml,hf://buckets/cbernegger/LULO4/LuoJia1-01_LR201808017650_20180731205314_HDR_0042_gec.tif,11.339402,53.045657,16.58827,55.727978,14.000569,54.38068,2018-7-31T20:53:2.38956
LuoJia1-01_LR201808017650_20180731205319_HDR_0043,local\LULO4\LuoJia1-01_LR201808017650_20180731205319_HDR_0043_meta.xml,local\LULO4\LuoJia1-01_LR201808017650_20180731205319_HDR_0043_gec.tif,hf://buckets/cbernegger/LULO4/LuoJia1-01_LR201808017650_20180731205319_HDR_0043_meta.xml,hf://buckets/cbernegger/LULO4/LuoJia1-01_LR201808017650_20180731205319_HDR_0043_gec.tif,11.172449,53.341086,16.467711,56.028619,13.857812,54.677853,2018-7-31T20:53:7.39444
LuoJia1-01_LR201808017650_20180731205324_HDR_0044,local\LULO4\LuoJia1-01_LR201808017650_20180731205324_HDR_0044_meta.xml,local\LULO4\LuoJia1-01_LR201808017650_20180731205324_HDR_0044_gec.tif,hf://buckets/cbernegger/LULO4/LuoJia1-01_LR201808017650_20180731205324_HDR_0044_meta.xml,hf://buckets/cbernegger/LULO4/LuoJia1-01_LR201808017650_20180731205324_HDR_0044_gec.tif,10.998524,53.639439,16.343409,56.326428,13.70871,54.976839,2018-7-31T20:53:12.3993
LuoJia1-01_LR201808017650_20180731205329_HDR_0045,local\LULO4\LuoJia1-01_LR201808017650_20180731205329_HDR_0045_meta.xml,local\LULO4\LuoJia1-01_LR201808017650_20180731205329_HDR_0045_gec.tif,hf://buckets/cbernegger/LULO4/LuoJia1-01_LR201808017650_20180731205329_HDR_0045_meta.xml,hf://buckets/cbernegger/LULO4/LuoJia1-01_LR201808017650_20180731205329_HDR_0045_gec.tif,10.823561,53.936578,16.213848,56.627516,13.557498,55.276082,2018-7-31T20:53:17.4042
LuoJia1-01_LR201808017650_20180731205334_HDR_0046,local\LULO4\LuoJia1-01_LR201808017650_20180731205334_HDR_0046_meta.xml,local\LULO4\LuoJia1-01_LR201808017650_20180731205334_HDR_0046_gec.tif,hf://buckets/cbernegger/LULO4/LuoJia1-01_LR201808017650_20180731205334_HDR_0046_meta.xml,hf://buckets/cbernegger/LULO4/LuoJia1-01_LR201808017650_20180731205334_HDR_0046_gec.tif,10.645595,54.232704,16.083294,56.927441,13.403593,55.57428,2018-7-31T20:53:22.4090
LuoJia1-01_LR201808017650_20180731205339_HDR_0047,local\LULO4\LuoJia1-01_LR201808017650_20180731205339_HDR_0047_meta.xml,local\LULO4\LuoJia1-01_LR201808017650_20180731205339_HDR_0047_gec.tif,hf://buckets/cbernegger/LULO4/LuoJia1-01_LR201808017650_20180731205339_HDR_0047_meta.xml,hf://buckets/cbernegger/LULO4/LuoJia1-01_LR201808017650_20180731205339_HDR_0047_gec.tif,10.466572,54.5282,15.950454,57.226284,13.248981,55.871791,2018-7-31T20:53:27.4139
LuoJia1-01_LR201808017650_20180731205344_HDR_0048,local\LULO4\LuoJia1-01_LR201808017650_20180731205344_HDR_0048_meta.xml,local\LULO4\LuoJia1-01_LR201808017650_20180731205344_HDR_0048_gec.tif,hf://buckets/cbernegger/LULO4/LuoJia1-01_LR201808017650_20180731205344_HDR_0048_meta.xml,hf://buckets/cbernegger/LULO4/LuoJia1-01_LR201808017650_20180731205344_HDR_0048_gec.tif,10.284506,54.823677,15.818359,57.524819,13.093016,56.168867,2018-7-31T20:53:32.4188
LuoJia1-01_LR201808017650_20180731205349_HDR_0049,local\LULO4\LuoJia1-01_LR201808017650_20180731205349_HDR_0049_meta.xml,local\LULO4\LuoJia1-01_LR201808017650_20180731205349_HDR_0049_gec.tif,hf://buckets/cbernegger/LULO4/LuoJia1-01_LR201808017650_20180731205349_HDR_0049_meta.xml,hf://buckets/cbernegger/LULO4/LuoJia1-01_LR201808017650_20180731205349_HDR_0049_gec.tif,10.096043,55.120002,15.683671,57.823612,12.93242,56.466507,2018-7-31T20:53:37.4237
LuoJia1-01_LR201808017650_20180731205354_HDR_0050,local\LULO4\LuoJia1-01_LR201808017650_20180731205354_HDR_0050_meta.xml,local\LULO4\LuoJia1-01_LR201808017650_20180731205354_HDR_0050_gec.tif,hf://buckets/cbernegger/LULO4/LuoJia1-01_LR201808017650_20180731205354_HDR_0050_meta.xml,hf://buckets/cbernegger/LULO4/LuoJia1-01_LR201808017650_20180731205354_HDR_0050_gec.tif,9.905454,55.41689,15.543226,58.123506,12.765813,56.76482,2018-7-31T20:53:42.4286
LuoJia1-01_LR201808017650_20180731205359_HDR_0051,local\LULO4\LuoJia1-01_LR201808017650_20180731205359_HDR_0051_meta.xml,local\LULO4\LuoJia1-01_LR201808017650_20180731205359_HDR_0051_gec.tif,hf://buckets/cbernegger/LULO4/LuoJia1-01_LR201808017650_20180731205359_HDR_0051_meta.xml,hf://buckets/cbernegger/LULO4/LuoJia1-01_LR201808017650_20180731205359_HDR_0051_gec.tif,9.724839,55.71347,15.401657,58.423135,12.60771,57.062779,2018-7-31T20:53:47.4334
LuoJia1-01_LR201808017650_20180731205404_HDR_0052,local\LULO4\LuoJia1-01_LR201808017650_20180731205404_HDR_0052_meta.xml,local\LULO4\LuoJia1-01_LR201808017650_20180731205404_HDR_0052_gec.tif,hf://buckets/cbernegger/LULO4/LuoJia1-01_LR201808017650_20180731205404_HDR_0052_meta.xml,hf://buckets/cbernegger/LULO4/LuoJia1-01_LR201808017650_20180731205404_HDR_0052_gec.tif,9.536752,56.011621,15.270993,58.723142,12.45044,57.361768,2018-7-31T20:53:52.4383
LuoJia1-01_LR201808017650_20180731205409_HDR_0053,local\LULO4\LuoJia1-01_LR201808017650_20180731205409_HDR_0053_meta.xml,local\LULO4\LuoJia1-01_LR201808017650_20180731205409_HDR_0053_gec.tif,hf://buckets/cbernegger/LULO4/LuoJia1-01_LR201808017650_20180731205409_HDR_0053_meta.xml,hf://buckets/cbernegger/LULO4/LuoJia1-01_LR201808017650_20180731205409_HDR_0053_gec.tif,9.339376,56.309733,15.13457,59.02471,12.281498,57.661792,2018-7-31T20:53:57.4426
LuoJia1-01_LR201808017650_20180731205414_HDR_0054,local\LULO4\LuoJia1-01_LR201808017650_20180731205414_HDR_0054_meta.xml,local\LULO4\LuoJia1-01_LR201808017650_20180731205414_HDR_0054_gec.tif,hf://buckets/cbernegger/LULO4/LuoJia1-01_LR201808017650_20180731205414_HDR_0054_meta.xml,hf://buckets/cbernegger/LULO4/LuoJia1-01_LR201808017650_20180731205414_HDR_0054_gec.tif,9.148269,56.60428,14.989394,59.326134,12.117088,57.960171,2018-7-31T20:54:2.44813
LuoJia1-01_LR201808017650_20180731205419_HDR_0055,local\LULO4\LuoJia1-01_LR201808017650_20180731205419_HDR_0055_meta.xml,local\LULO4\LuoJia1-01_LR201808017650_20180731205419_HDR_0055_gec.tif,hf://buckets/cbernegger/LULO4/LuoJia1-01_LR201808017650_20180731205419_HDR_0055_meta.xml,hf://buckets/cbernegger/LULO4/LuoJia1-01_LR201808017650_20180731205419_HDR_0055_gec.tif,8.94426,56.895142,14.851583,59.624161,11.945706,58.253646,2018-7-31T20:54:7.45301
LuoJia1-01_LR201808017650_20180731205424_HDR_0056,local\LULO4\LuoJia1-01_LR201808017650_20180731205424_HDR_0056_meta.xml,local\LULO4\LuoJia1-01_LR201808017650_20180731205424_HDR_0056_gec.tif,hf://buckets/cbernegger/LULO4/LuoJia1-01_LR201808017650_20180731205424_HDR_0056_meta.xml,hf://buckets/cbernegger/LULO4/LuoJia1-01_LR201808017650_20180731205424_HDR_0056_gec.tif,8.73561,57.190194,14.701237,59.918019,11.766534,58.548876,2018-7-31T20:54:12.4578
LuoJia1-01_LR201808017650_20180731205429_HDR_0057,local\LULO4\LuoJia1-01_LR201808017650_20180731205429_HDR_0057_meta.xml,local\LULO4\LuoJia1-01_LR201808017650_20180731205429_HDR_0057_gec.tif,hf://buckets/cbernegger/LULO4/LuoJia1-01_LR201808017650_20180731205429_HDR_0057_meta.xml,hf://buckets/cbernegger/LULO4/LuoJia1-01_LR201808017650_20180731205429_HDR_0057_gec.tif,8.528508,57.486032,14.547151,60.21628,11.586285,58.846031,2018-7-31T20:54:17.4623
LuoJia1-01_LR201808017650_20180731205434_HDR_0058,local\LULO4\LuoJia1-01_LR201808017650_20180731205434_HDR_0058_meta.xml,local\LULO4\LuoJia1-01_LR201808017650_20180731205434_HDR_0058_gec.tif,hf://buckets/cbernegger/LULO4/LuoJia1-01_LR201808017650_20180731205434_HDR_0058_meta.xml,hf://buckets/cbernegger/LULO4/LuoJia1-01_LR201808017650_20180731205434_HDR_0058_gec.tif,8.317057,57.781604,14.39457,60.514654,11.404118,59.14336,2018-7-31T20:54:22.4667
LuoJia1-01_LR201808025505_20180801193835_HDR_0000,local\LULO4\LuoJia1-01_LR201808025505_20180801193835_HDR_0000_meta.xml,local\LULO4\LuoJia1-01_LR201808025505_20180801193835_HDR_0000_gec.tif,hf://buckets/cbernegger/LULO4/LuoJia1-01_LR201808025505_20180801193835_HDR_0000_meta.xml,hf://buckets/cbernegger/LULO4/LuoJia1-01_LR201808025505_20180801193835_HDR_0000_gec.tif,30.950981,49.593498,35.713628,52.22537,33.396471,50.926722,2018-8-1T19:38:23.14225
LuoJia1-01_LR201808025505_20180801193840_HDR_0001,local\LULO4\LuoJia1-01_LR201808025505_20180801193840_HDR_0001_meta.xml,local\LULO4\LuoJia1-01_LR201808025505_20180801193840_HDR_0001_gec.tif,hf://buckets/cbernegger/LULO4/LuoJia1-01_LR201808025505_20180801193840_HDR_0001_meta.xml,hf://buckets/cbernegger/LULO4/LuoJia1-01_LR201808025505_20180801193840_HDR_0001_gec.tif,30.833455,49.912484,35.646045,52.549934,33.302758,51.246228,2018-8-1T19:38:28.14711
LuoJia1-01_LR201808025505_20180801193845_HDR_0002,local\LULO4\LuoJia1-01_LR201808025505_20180801193845_HDR_0002_meta.xml,local\LULO4\LuoJia1-01_LR201808025505_20180801193845_HDR_0002_gec.tif,hf://buckets/cbernegger/LULO4/LuoJia1-01_LR201808025505_20180801193845_HDR_0002_meta.xml,hf://buckets/cbernegger/LULO4/LuoJia1-01_LR201808025505_20180801193845_HDR_0002_gec.tif,30.7009,50.22355,35.562277,52.869272,33.194051,51.560014,2018-8-1T19:38:33.15197
LuoJia1-01_LR201808025505_20180801193850_HDR_0003,local\LULO4\LuoJia1-01_LR201808025505_20180801193850_HDR_0003_meta.xml,local\LULO4\LuoJia1-01_LR201808025505_20180801193850_HDR_0003_gec.tif,hf://buckets/cbernegger/LULO4/LuoJia1-01_LR201808025505_20180801193850_HDR_0003_meta.xml,hf://buckets/cbernegger/LULO4/LuoJia1-01_LR201808025505_20180801193850_HDR_0003_gec.tif,30.557354,50.528512,35.463893,53.181647,33.073176,51.867437,2018-8-1T19:38:38.15682
LuoJia1-01_LR201808025505_20180801193855_HDR_0004,local\LULO4\LuoJia1-01_LR201808025505_20180801193855_HDR_0004_meta.xml,local\LULO4\LuoJia1-01_LR201808025505_20180801193855_HDR_0004_gec.tif,hf://buckets/cbernegger/LULO4/LuoJia1-01_LR201808025505_20180801193855_HDR_0004_meta.xml,hf://buckets/cbernegger/LULO4/LuoJia1-01_LR201808025505_20180801193855_HDR_0004_gec.tif,30.40819,50.832142,35.356243,53.488411,32.945223,52.172456,2018-8-1T19:38:43.16168
LuoJia1-01_LR201808025505_20180801193900_HDR_0005,local\LULO4\LuoJia1-01_LR201808025505_20180801193900_HDR_0005_meta.xml,local\LULO4\LuoJia1-01_LR201808025505_20180801193900_HDR_0005_gec.tif,hf://buckets/cbernegger/LULO4/LuoJia1-01_LR201808025505_20180801193900_HDR_0005_meta.xml,hf://buckets/cbernegger/LULO4/LuoJia1-01_LR201808025505_20180801193900_HDR_0005_gec.tif,30.255942,51.133592,35.244311,53.794748,32.814192,52.475996,2018-8-1T19:38:48.16654
LuoJia1-01_LR201808025505_20180801193905_HDR_0006,local\LULO4\LuoJia1-01_LR201808025505_20180801193905_HDR_0006_meta.xml,local\LULO4\LuoJia1-01_LR201808025505_20180801193905_HDR_0006_gec.tif,hf://buckets/cbernegger/LULO4/LuoJia1-01_LR201808025505_20180801193905_HDR_0006_meta.xml,hf://buckets/cbernegger/LULO4/LuoJia1-01_LR201808025505_20180801193905_HDR_0006_gec.tif,30.098928,51.432832,35.130066,54.098746,32.678542,52.777394,2018-8-1T19:38:53.17140
LuoJia1-01_LR201808025505_20180801193910_HDR_0007,local\LULO4\LuoJia1-01_LR201808025505_20180801193910_HDR_0007_meta.xml,local\LULO4\LuoJia1-01_LR201808025505_20180801193910_HDR_0007_gec.tif,hf://buckets/cbernegger/LULO4/LuoJia1-01_LR201808025505_20180801193910_HDR_0007_meta.xml,hf://buckets/cbernegger/LULO4/LuoJia1-01_LR201808025505_20180801193910_HDR_0007_gec.tif,29.941014,51.730504,35.010713,54.400318,32.540797,53.076731,2018-8-1T19:38:58.17586
LuoJia1-01_LR201808025505_20180801193915_HDR_0008,local\LULO4\LuoJia1-01_LR201808025505_20180801193915_HDR_0008_meta.xml,local\LULO4\LuoJia1-01_LR201808025505_20180801193915_HDR_0008_gec.tif,hf://buckets/cbernegger/LULO4/LuoJia1-01_LR201808025505_20180801193915_HDR_0008_meta.xml,hf://buckets/cbernegger/LULO4/LuoJia1-01_LR201808025505_20180801193915_HDR_0008_gec.tif,29.779173,52.028817,34.890647,54.700459,32.400559,53.375926,2018-8-1T19:39:3.181130
LuoJia1-01_LR201808025505_20180801193920_HDR_0009,local\LULO4\LuoJia1-01_LR201808025505_20180801193920_HDR_0009_meta.xml,local\LULO4\LuoJia1-01_LR201808025505_20180801193920_HDR_0009_gec.tif,hf://buckets/cbernegger/LULO4/LuoJia1-01_LR201808025505_20180801193920_HDR_0009_meta.xml,hf://buckets/cbernegger/LULO4/LuoJia1-01_LR201808025505_20180801193920_HDR_0009_gec.tif,29.613433,52.327803,34.768038,55.001183,32.258254,53.676032,2018-8-1T19:39:8.185992
LuoJia1-01_LR201808025505_20180801193925_HDR_0010,local\LULO4\LuoJia1-01_LR201808025505_20180801193925_HDR_0010_meta.xml,local\LULO4\LuoJia1-01_LR201808025505_20180801193925_HDR_0010_gec.tif,hf://buckets/cbernegger/LULO4/LuoJia1-01_LR201808025505_20180801193925_HDR_0010_meta.xml,hf://buckets/cbernegger/LULO4/LuoJia1-01_LR201808025505_20180801193925_HDR_0010_gec.tif,29.438828,52.625983,34.642761,55.302875,32.1081,53.976176,2018-8-1T19:39:13.19085
LuoJia1-01_LR201808025505_20180801193930_HDR_0011,local\LULO4\LuoJia1-01_LR201808025505_20180801193930_HDR_0011_meta.xml,local\LULO4\LuoJia1-01_LR201808025505_20180801193930_HDR_0011_gec.tif,hf://buckets/cbernegger/LULO4/LuoJia1-01_LR201808025505_20180801193930_HDR_0011_meta.xml,hf://buckets/cbernegger/LULO4/LuoJia1-01_LR201808025505_20180801193930_HDR_0011_gec.tif,29.269348,52.922509,34.50969,55.603629,31.958793,54.274658,2018-8-1T19:39:18.19571
LuoJia1-01_LR201808025505_20180801193935_HDR_0012,local\LULO4\LuoJia1-01_LR201808025505_20180801193935_HDR_0012_meta.xml,local\LULO4\LuoJia1-01_LR201808025505_20180801193935_HDR_0012_gec.tif,hf://buckets/cbernegger/LULO4/LuoJia1-01_LR201808025505_20180801193935_HDR_0012_meta.xml,hf://buckets/cbernegger/LULO4/LuoJia1-01_LR201808025505_20180801193935_HDR_0012_gec.tif,29.098002,53.221692,34.382295,55.903295,31.81059,54.573763,2018-8-1T19:39:23.20058
LuoJia1-01_LR201808025505_20180801193940_HDR_0013,local\LULO4\LuoJia1-01_LR201808025505_20180801193940_HDR_0013_meta.xml,local\LULO4\LuoJia1-01_LR201808025505_20180801193940_HDR_0013_gec.tif,hf://buckets/cbernegger/LULO4/LuoJia1-01_LR201808025505_20180801193940_HDR_0013_meta.xml,hf://buckets/cbernegger/LULO4/LuoJia1-01_LR201808025505_20180801193940_HDR_0013_gec.tif,28.923772,53.522033,34.253813,56.205212,31.660178,54.876026,2018-8-1T19:39:28.20544
LuoJia1-01_LR201808025505_20180801193945_HDR_0014,local\LULO4\LuoJia1-01_LR201808025505_20180801193945_HDR_0014_meta.xml,local\LULO4\LuoJia1-01_LR201808025505_20180801193945_HDR_0014_gec.tif,hf://buckets/cbernegger/LULO4/LuoJia1-01_LR201808025505_20180801193945_HDR_0014_meta.xml,hf://buckets/cbernegger/LULO4/LuoJia1-01_LR201808025505_20180801193945_HDR_0014_gec.tif,28.747843,53.814749,34.122964,56.508104,31.507854,55.17267,2018-8-1T19:39:33.21031
LuoJia1-01_LR201808025505_20180801193950_HDR_0015,local\LULO4\LuoJia1-01_LR201808025505_20180801193950_HDR_0015_meta.xml,local\LULO4\LuoJia1-01_LR201808025505_20180801193950_HDR_0015_gec.tif,hf://buckets/cbernegger/LULO4/LuoJia1-01_LR201808025505_20180801193950_HDR_0015_meta.xml,hf://buckets/cbernegger/LULO4/LuoJia1-01_LR201808025505_20180801193950_HDR_0015_gec.tif,28.567562,54.111489,33.991253,56.803979,31.352981,55.469538,2018-8-1T19:39:38.21517
LuoJia1-01_LR201808025505_20180801193955_HDR_0016,local\LULO4\LuoJia1-01_LR201808025505_20180801193955_HDR_0016_meta.xml,local\LULO4\LuoJia1-01_LR201808025505_20180801193955_HDR_0016_gec.tif,hf://buckets/cbernegger/LULO4/LuoJia1-01_LR201808025505_20180801193955_HDR_0016_meta.xml,hf://buckets/cbernegger/LULO4/LuoJia1-01_LR201808025505_20180801193955_HDR_0016_gec.tif,28.383908,54.409006,33.856916,57.103979,31.195249,55.768174,2018-8-1T19:39:43.22004
LuoJia1-01_LR201808025505_20180801194000_HDR_0017,local\LULO4\LuoJia1-01_LR201808025505_20180801194000_HDR_0017_meta.xml,local\LULO4\LuoJia1-01_LR201808025505_20180801194000_HDR_0017_gec.tif,hf://buckets/cbernegger/LULO4/LuoJia1-01_LR201808025505_20180801194000_HDR_0017_meta.xml,hf://buckets/cbernegger/LULO4/LuoJia1-01_LR201808025505_20180801194000_HDR_0017_gec.tif,28.198786,54.707718,33.720094,57.404839,31.034953,56.068136,2018-8-1T19:39:48.22491
LuoJia1-01_LR201808025505_20180801194005_HDR_0018,local\LULO4\LuoJia1-01_LR201808025505_20180801194005_HDR_0018_meta.xml,local\LULO4\LuoJia1-01_LR201808025505_20180801194005_HDR_0018_gec.tif,hf://buckets/cbernegger/LULO4/LuoJia1-01_LR201808025505_20180801194005_HDR_0018_meta.xml,hf://buckets/cbernegger/LULO4/LuoJia1-01_LR201808025505_20180801194005_HDR_0018_gec.tif,28.016525,55.0043,33.582569,57.706923,30.876697,56.367122,2018-8-1T19:39:53.22978
LuoJia1-01_LR201808025505_20180801194010_HDR_0019,local\LULO4\LuoJia1-01_LR201808025505_20180801194010_HDR_0019_meta.xml,local\LULO4\LuoJia1-01_LR201808025505_20180801194010_HDR_0019_gec.tif,hf://buckets/cbernegger/LULO4/LuoJia1-01_LR201808025505_20180801194010_HDR_0019_meta.xml,hf://buckets/cbernegger/LULO4/LuoJia1-01_LR201808025505_20180801194010_HDR_0019_gec.tif,27.830075,55.299843,33.447861,58.006563,30.716945,56.66483,2018-8-1T19:39:58.23464
LuoJia1-01_LR201808025505_20180801194015_HDR_0020,local\LULO4\LuoJia1-01_LR201808025505_20180801194015_HDR_0020_meta.xml,local\LULO4\LuoJia1-01_LR201808025505_20180801194015_HDR_0020_gec.tif,hf://buckets/cbernegger/LULO4/LuoJia1-01_LR201808025505_20180801194015_HDR_0020_meta.xml,hf://buckets/cbernegger/LULO4/LuoJia1-01_LR201808025505_20180801194015_HDR_0020_gec.tif,27.63943,55.593428,33.309759,58.305133,30.553647,56.960959,2018-8-1T19:40:3.239518
LuoJia1-01_LR201808025505_20180801194020_HDR_0021,local\LULO4\LuoJia1-01_LR201808025505_20180801194020_HDR_0021_meta.xml,local\LULO4\LuoJia1-01_LR201808025505_20180801194020_HDR_0021_gec.tif,hf://buckets/cbernegger/LULO4/LuoJia1-01_LR201808025505_20180801194020_HDR_0021_meta.xml,hf://buckets/cbernegger/LULO4/LuoJia1-01_LR201808025505_20180801194020_HDR_0021_gec.tif,27.44451,55.886751,33.169071,58.602116,30.38674,57.255867,2018-8-1T19:40:8.244387
LuoJia1-01_LR201808025505_20180801194025_HDR_0022,local\LULO4\LuoJia1-01_LR201808025505_20180801194025_HDR_0022_meta.xml,local\LULO4\LuoJia1-01_LR201808025505_20180801194025_HDR_0022_gec.tif,hf://buckets/cbernegger/LULO4/LuoJia1-01_LR201808025505_20180801194025_HDR_0022_meta.xml,hf://buckets/cbernegger/LULO4/LuoJia1-01_LR201808025505_20180801194025_HDR_0022_gec.tif,27.247114,56.181813,33.025187,58.899007,30.217327,57.552824,2018-8-1T19:40:13.24925
LuoJia1-01_LR201808025505_20180801194030_HDR_0023,local\LULO4\LuoJia1-01_LR201808025505_20180801194030_HDR_0023_meta.xml,local\LULO4\LuoJia1-01_LR201808025505_20180801194030_HDR_0023_gec.tif,hf://buckets/cbernegger/LULO4/LuoJia1-01_LR201808025505_20180801194030_HDR_0023_meta.xml,hf://buckets/cbernegger/LULO4/LuoJia1-01_LR201808025505_20180801194030_HDR_0023_gec.tif,27.045952,56.47282,32.88028,59.197448,30.045827,57.8467,2018-8-1T19:40:18.25412
LuoJia1-01_LR201808025505_20180801194035_HDR_0024,local\LULO4\LuoJia1-01_LR201808025505_20180801194035_HDR_0024_meta.xml,local\LULO4\LuoJia1-01_LR201808025505_20180801194035_HDR_0024_gec.tif,hf://buckets/cbernegger/LULO4/LuoJia1-01_LR201808025505_20180801194035_HDR_0024_meta.xml,hf://buckets/cbernegger/LULO4/LuoJia1-01_LR201808025505_20180801194035_HDR_0024_gec.tif,26.834302,56.768306,32.731067,59.491742,29.865218,58.142064,2018-8-1T19:40:23.25899
LuoJia1-01_LR201808025505_20180801194040_HDR_0025,local\LULO4\LuoJia1-01_LR201808025505_20180801194040_HDR_0025_meta.xml,local\LULO4\LuoJia1-01_LR201808025505_20180801194040_HDR_0025_gec.tif,hf://buckets/cbernegger/LULO4/LuoJia1-01_LR201808025505_20180801194040_HDR_0025_meta.xml,hf://buckets/cbernegger/LULO4/LuoJia1-01_LR201808025505_20180801194040_HDR_0025_gec.tif,26.627014,57.066675,32.574288,59.790996,29.686648,58.441291,2018-8-1T19:40:28.26386
LuoJia1-01_LR201808025505_20180801194045_HDR_0026,local\LULO4\LuoJia1-01_LR201808025505_20180801194045_HDR_0026_meta.xml,local\LULO4\LuoJia1-01_LR201808025505_20180801194045_HDR_0026_gec.tif,hf://buckets/cbernegger/LULO4/LuoJia1-01_LR201808025505_20180801194045_HDR_0026_meta.xml,hf://buckets/cbernegger/LULO4/LuoJia1-01_LR201808025505_20180801194045_HDR_0026_gec.tif,26.411148,57.362997,32.423941,60.093069,29.503713,58.740479,2018-8-1T19:40:33.26874
LuoJia1-01_LR201808025505_20180801194055_HDR_0028,local\LULO4\LuoJia1-01_LR201808025505_20180801194055_HDR_0028_meta.xml,local\LULO4\LuoJia1-01_LR201808025505_20180801194055_HDR_0028_gec.tif,hf://buckets/cbernegger/LULO4/LuoJia1-01_LR201808025505_20180801194055_HDR_0028_meta.xml,hf://buckets/cbernegger/LULO4/LuoJia1-01_LR201808025505_20180801194055_HDR_0028_gec.tif,25.973608,57.951245,32.108078,60.690293,29.130738,59.333088,2018-8-1T19:40:43.27848
LuoJia1-01_LR201808025505_20180801194115_HDR_0032,local\LULO4\LuoJia1-01_LR201808025505_20180801194115_HDR_0032_meta.xml,local\LULO4\LuoJia1-01_LR201808025505_20180801194115_HDR_0032_gec.tif,hf://buckets/cbernegger/LULO4/LuoJia1-01_LR201808025505_20180801194115_HDR_0032_meta.xml,hf://buckets/cbernegger/LULO4/LuoJia1-01_LR201808025505_20180801194115_HDR_0032_gec.tif,25.058342,59.122087,31.44363,61.876809,28.346018,60.511749,2018-8-1T19:41:3.297980
LuoJia1-01_LR201808025505_20180801194120_HDR_0033,local\LULO4\LuoJia1-01_LR201808025505_20180801194120_HDR_0033_meta.xml,local\LULO4\LuoJia1-01_LR201808025505_20180801194120_HDR_0033_gec.tif,hf://buckets/cbernegger/LULO4/LuoJia1-01_LR201808025505_20180801194120_HDR_0033_meta.xml,hf://buckets/cbernegger/LULO4/LuoJia1-01_LR201808025505_20180801194120_HDR_0033_gec.tif,24.827837,59.417847,31.277178,62.174073,28.150349,60.809024,2018-8-1T19:41:8.302855
LuoJia1-01_LR201808025505_20180801194125_HDR_0034,local\LULO4\LuoJia1-01_LR201808025505_20180801194125_HDR_0034_meta.xml,local\LULO4\LuoJia1-01_LR201808025505_20180801194125_HDR_0034_gec.tif,hf://buckets/cbernegger/LULO4/LuoJia1-01_LR201808025505_20180801194125_HDR_0034_meta.xml,hf://buckets/cbernegger/LULO4/LuoJia1-01_LR201808025505_20180801194125_HDR_0034_gec.tif,24.586806,59.70914,31.112819,62.473746,27.948663,61.103984,2018-8-1T19:41:13.30773
LuoJia1-01_LR201808025505_20180801194135_HDR_0036,local\LULO4\LuoJia1-01_LR201808025505_20180801194135_HDR_0036_meta.xml,local\LULO4\LuoJia1-01_LR201808025505_20180801194135_HDR_0036_gec.tif,hf://buckets/cbernegger/LULO4/LuoJia1-01_LR201808025505_20180801194135_HDR_0036_meta.xml,hf://buckets/cbernegger/LULO4/LuoJia1-01_LR201808025505_20180801194135_HDR_0036_gec.tif,24.084133,60.290097,30.758674,63.064525,27.523016,61.690128,2018-8-1T19:41:23.31748
LuoJia1-01_LR201808025505_20180801194140_HDR_0037,local\LULO4\LuoJia1-01_LR201808025505_20180801194140_HDR_0037_meta.xml,local\LULO4\LuoJia1-01_LR201808025505_20180801194140_HDR_0037_gec.tif,hf://buckets/cbernegger/LULO4/LuoJia1-01_LR201808025505_20180801194140_HDR_0037_meta.xml,hf://buckets/cbernegger/LULO4/LuoJia1-01_LR201808025505_20180801194140_HDR_0037_gec.tif,23.826194,60.581425,30.575002,63.358443,27.303791,61.982721,2018-8-1T19:41:28.32235
LuoJia1-01_LR201808025505_20180801194145_HDR_0038,local\LULO4\LuoJia1-01_LR201808025505_20180801194145_HDR_0038_meta.xml,local\LULO4\LuoJia1-01_LR201808025505_20180801194145_HDR_0038_gec.tif,hf://buckets/cbernegger/LULO4/LuoJia1-01_LR201808025505_20180801194145_HDR_0038_meta.xml,hf://buckets/cbernegger/LULO4/LuoJia1-01_LR201808025505_20180801194145_HDR_0038_gec.tif,23.566546,60.874897,30.388991,63.653965,27.083566,62.277392,2018-8-1T19:41:33.32723
LuoJia1-01_LR201808025505_20180801194150_HDR_0039,local\LULO4\LuoJia1-01_LR201808025505_20180801194150_HDR_0039_meta.xml,local\LULO4\LuoJia1-01_LR201808025505_20180801194150_HDR_0039_gec.tif,hf://buckets/cbernegger/LULO4/LuoJia1-01_LR201808025505_20180801194150_HDR_0039_meta.xml,hf://buckets/cbernegger/LULO4/LuoJia1-01_LR201808025505_20180801194150_HDR_0039_gec.tif,23.305337,61.167695,30.203072,63.951378,26.860999,62.57211,2018-8-1T19:41:38.33211
LuoJia1-01_LR201808032805_20180802213524_HDR_0000,local\LULO4\LuoJia1-01_LR201808032805_20180802213524_HDR_0000_meta.xml,local\LULO4\LuoJia1-01_LR201808032805_20180802213524_HDR_0000_gec.tif,hf://buckets/cbernegger/LULO4/LuoJia1-01_LR201808032805_20180802213524_HDR_0000_meta.xml,hf://buckets/cbernegger/LULO4/LuoJia1-01_LR201808032805_20180802213524_HDR_0000_gec.tif,7.962047,32.987653,11.530671,35.547301,9.716263,34.240881,2018-8-2T21:35:12.17922
LuoJia1-01_LR201808032805_20180802213529_HDR_0001,local\LULO4\LuoJia1-01_LR201808032805_20180802213529_HDR_0001_meta.xml,local\LULO4\LuoJia1-01_LR201808032805_20180802213529_HDR_0001_gec.tif,hf://buckets/cbernegger/LULO4/LuoJia1-01_LR201808032805_20180802213529_HDR_0001_meta.xml,hf://buckets/cbernegger/LULO4/LuoJia1-01_LR201808032805_20180802213529_HDR_0001_gec.tif,7.868138,33.299613,11.450943,35.867035,9.630618,34.555587,2018-8-2T21:35:17.18323
LuoJia1-01_LR201808032805_20180802213534_HDR_0002,local\LULO4\LuoJia1-01_LR201808032805_20180802213534_HDR_0002_meta.xml,local\LULO4\LuoJia1-01_LR201808032805_20180802213534_HDR_0002_gec.tif,hf://buckets/cbernegger/LULO4/LuoJia1-01_LR201808032805_20180802213534_HDR_0002_meta.xml,hf://buckets/cbernegger/LULO4/LuoJia1-01_LR201808032805_20180802213534_HDR_0002_gec.tif,7.773233,33.609532,11.372089,36.18098,9.543592,34.866752,2018-8-2T21:35:22.18839
LuoJia1-01_LR201808032805_20180802213539_HDR_0003,local\LULO4\LuoJia1-01_LR201808032805_20180802213539_HDR_0003_meta.xml,local\LULO4\LuoJia1-01_LR201808032805_20180802213539_HDR_0003_gec.tif,hf://buckets/cbernegger/LULO4/LuoJia1-01_LR201808032805_20180802213539_HDR_0003_meta.xml,hf://buckets/cbernegger/LULO4/LuoJia1-01_LR201808032805_20180802213539_HDR_0003_gec.tif,7.681309,33.918988,11.291688,36.491831,9.458197,35.177081,2018-8-2T21:35:27.19379
LuoJia1-01_LR201808032805_20180802213544_HDR_0004,local\LULO4\LuoJia1-01_LR201808032805_20180802213544_HDR_0004_meta.xml,local\LULO4\LuoJia1-01_LR201808032805_20180802213544_HDR_0004_gec.tif,hf://buckets/cbernegger/LULO4/LuoJia1-01_LR201808032805_20180802213544_HDR_0004_meta.xml,hf://buckets/cbernegger/LULO4/LuoJia1-01_LR201808032805_20180802213544_HDR_0004_gec.tif,7.589501,34.226586,11.21443,36.80315,9.374818,35.486355,2018-8-2T21:35:32.19865
LuoJia1-01_LR201808032805_20180802213549_HDR_0005,local\LULO4\LuoJia1-01_LR201808032805_20180802213549_HDR_0005_meta.xml,local\LULO4\LuoJia1-01_LR201808032805_20180802213549_HDR_0005_gec.tif,hf://buckets/cbernegger/LULO4/LuoJia1-01_LR201808032805_20180802213549_HDR_0005_meta.xml,hf://buckets/cbernegger/LULO4/LuoJia1-01_LR201808032805_20180802213549_HDR_0005_gec.tif,7.498155,34.533269,11.139042,37.113194,9.2915,35.793411,2018-8-2T21:35:37.22266
LuoJia1-01_LR201808032805_20180802213554_HDR_0006,local\LULO4\LuoJia1-01_LR201808032805_20180802213554_HDR_0006_meta.xml,local\LULO4\LuoJia1-01_LR201808032805_20180802213554_HDR_0006_gec.tif,hf://buckets/cbernegger/LULO4/LuoJia1-01_LR201808032805_20180802213554_HDR_0006_meta.xml,hf://buckets/cbernegger/LULO4/LuoJia1-01_LR201808032805_20180802213554_HDR_0006_gec.tif,7.407166,34.838964,11.063728,37.419045,9.208562,36.099023,2018-8-2T21:35:42.22752
LuoJia1-01_LR201808032805_20180802213600_HDR_0007,local\LULO4\LuoJia1-01_LR201808032805_20180802213600_HDR_0007_meta.xml,local\LULO4\LuoJia1-01_LR201808032805_20180802213600_HDR_0007_gec.tif,hf://buckets/cbernegger/LULO4/LuoJia1-01_LR201808032805_20180802213600_HDR_0007_meta.xml,hf://buckets/cbernegger/LULO4/LuoJia1-01_LR201808032805_20180802213600_HDR_0007_gec.tif,7.314833,35.143197,10.98808,37.72516,9.12492,36.403086,2018-8-2T21:35:47.23238
LuoJia1-01_LR201808032805_20180802213604_HDR_0008,local\LULO4\LuoJia1-01_LR201808032805_20180802213604_HDR_0008_meta.xml,local\LULO4\LuoJia1-01_LR201808032805_20180802213604_HDR_0008_gec.tif,hf://buckets/cbernegger/LULO4/LuoJia1-01_LR201808032805_20180802213604_HDR_0008_meta.xml,hf://buckets/cbernegger/LULO4/LuoJia1-01_LR201808032805_20180802213604_HDR_0008_gec.tif,7.219731,35.446522,10.910937,38.028794,9.039069,36.707562,2018-8-2T21:35:52.23640
LuoJia1-01_LR201808032805_20180802213609_HDR_0009,local\LULO4\LuoJia1-01_LR201808032805_20180802213609_HDR_0009_meta.xml,local\LULO4\LuoJia1-01_LR201808032805_20180802213609_HDR_0009_gec.tif,hf://buckets/cbernegger/LULO4/LuoJia1-01_LR201808032805_20180802213609_HDR_0009_meta.xml,hf://buckets/cbernegger/LULO4/LuoJia1-01_LR201808032805_20180802213609_HDR_0009_gec.tif,7.124882,35.750989,10.831492,38.334367,8.952319,37.012995,2018-8-2T21:35:57.24211
LuoJia1-01_LR201808032805_20180802213615_HDR_0010,local\LULO4\LuoJia1-01_LR201808032805_20180802213615_HDR_0010_meta.xml,local\LULO4\LuoJia1-01_LR201808032805_20180802213615_HDR_0010_gec.tif,hf://buckets/cbernegger/LULO4/LuoJia1-01_LR201808032805_20180802213615_HDR_0010_meta.xml,hf://buckets/cbernegger/LULO4/LuoJia1-01_LR201808032805_20180802213615_HDR_0010_gec.tif,7.030117,36.053706,10.752316,38.640132,8.865656,37.317422,2018-8-2T21:36:2.246976
LuoJia1-01_LR201808032805_20180802213620_HDR_0011,local\LULO4\LuoJia1-01_LR201808032805_20180802213620_HDR_0011_meta.xml,local\LULO4\LuoJia1-01_LR201808032805_20180802213620_HDR_0011_gec.tif,hf://buckets/cbernegger/LULO4/LuoJia1-01_LR201808032805_20180802213620_HDR_0011_meta.xml,hf://buckets/cbernegger/LULO4/LuoJia1-01_LR201808032805_20180802213620_HDR_0011_gec.tif,6.933586,36.365454,10.670096,38.955484,8.77672,37.631321,2018-8-2T21:36:7.444404
LuoJia1-01_LR201808032805_20180802213625_HDR_0012,local\LULO4\LuoJia1-01_LR201808032805_20180802213625_HDR_0012_meta.xml,local\LULO4\LuoJia1-01_LR201808032805_20180802213625_HDR_0012_gec.tif,hf://buckets/cbernegger/LULO4/LuoJia1-01_LR201808032805_20180802213625_HDR_0012_meta.xml,hf://buckets/cbernegger/LULO4/LuoJia1-01_LR201808032805_20180802213625_HDR_0012_gec.tif,6.840717,36.665292,10.594343,39.257295,8.692156,37.932744,2018-8-2T21:36:12.44926
LuoJia1-01_LR201808032805_20180802213630_HDR_0013,local\LULO4\LuoJia1-01_LR201808032805_20180802213630_HDR_0013_meta.xml,local\LULO4\LuoJia1-01_LR201808032805_20180802213630_HDR_0013_gec.tif,hf://buckets/cbernegger/LULO4/LuoJia1-01_LR201808032805_20180802213630_HDR_0013_meta.xml,hf://buckets/cbernegger/LULO4/LuoJia1-01_LR201808032805_20180802213630_HDR_0013_gec.tif,6.745241,36.966724,10.518407,39.559044,8.605971,38.234397,2018-8-2T21:36:17.45413
LuoJia1-01_LR201808032805_20180802213635_HDR_0014,local\LULO4\LuoJia1-01_LR201808032805_20180802213635_HDR_0014_meta.xml,local\LULO4\LuoJia1-01_LR201808032805_20180802213635_HDR_0014_gec.tif,hf://buckets/cbernegger/LULO4/LuoJia1-01_LR201808032805_20180802213635_HDR_0014_meta.xml,hf://buckets/cbernegger/LULO4/LuoJia1-01_LR201808032805_20180802213635_HDR_0014_gec.tif,6.649515,37.268837,10.439558,39.861143,8.518768,38.53668,2018-8-2T21:36:22.45899
LuoJia1-01_LR201808032805_20180802213640_HDR_0015,local\LULO4\LuoJia1-01_LR201808032805_20180802213640_HDR_0015_meta.xml,local\LULO4\LuoJia1-01_LR201808032805_20180802213640_HDR_0015_gec.tif,hf://buckets/cbernegger/LULO4/LuoJia1-01_LR201808032805_20180802213640_HDR_0015_meta.xml,hf://buckets/cbernegger/LULO4/LuoJia1-01_LR201808032805_20180802213640_HDR_0015_gec.tif,6.557473,37.563258,10.364518,40.151548,8.435654,38.829665,2018-8-2T21:36:27.25224
LuoJia1-01_LR201808032805_20180802213645_HDR_0016,local\LULO4\LuoJia1-01_LR201808032805_20180802213645_HDR_0016_meta.xml,local\LULO4\LuoJia1-01_LR201808032805_20180802213645_HDR_0016_gec.tif,hf://buckets/cbernegger/LULO4/LuoJia1-01_LR201808032805_20180802213645_HDR_0016_meta.xml,hf://buckets/cbernegger/LULO4/LuoJia1-01_LR201808032805_20180802213645_HDR_0016_gec.tif,6.457214,37.870702,10.286537,40.460391,8.346646,39.137657,2018-8-2T21:36:32.25791
LuoJia1-01_LR201808032805_20180802213650_HDR_0017,local\LULO4\LuoJia1-01_LR201808032805_20180802213650_HDR_0017_meta.xml,local\LULO4\LuoJia1-01_LR201808032805_20180802213650_HDR_0017_gec.tif,hf://buckets/cbernegger/LULO4/LuoJia1-01_LR201808032805_20180802213650_HDR_0017_meta.xml,hf://buckets/cbernegger/LULO4/LuoJia1-01_LR201808032805_20180802213650_HDR_0017_gec.tif,6.355555,38.179456,10.203988,40.769763,8.254748,39.446812,2018-8-2T21:36:37.28104
LuoJia1-01_LR201808032805_20180802213655_HDR_0018,local\LULO4\LuoJia1-01_LR201808032805_20180802213655_HDR_0018_meta.xml,local\LULO4\LuoJia1-01_LR201808032805_20180802213655_HDR_0018_gec.tif,hf://buckets/cbernegger/LULO4/LuoJia1-01_LR201808032805_20180802213655_HDR_0018_meta.xml,hf://buckets/cbernegger/LULO4/LuoJia1-01_LR201808032805_20180802213655_HDR_0018_gec.tif,6.254545,38.484324,10.120003,41.079162,8.162559,39.753282,2018-8-2T21:36:42.28591
LuoJia1-01_LR201808032805_20180802213700_HDR_0019,local\LULO4\LuoJia1-01_LR201808032805_20180802213700_HDR_0019_meta.xml,local\LULO4\LuoJia1-01_LR201808032805_20180802213700_HDR_0019_gec.tif,hf://buckets/cbernegger/LULO4/LuoJia1-01_LR201808032805_20180802213700_HDR_0019_meta.xml,hf://buckets/cbernegger/LULO4/LuoJia1-01_LR201808032805_20180802213700_HDR_0019_gec.tif,6.155272,38.786757,10.03633,41.384725,8.071502,40.05752,2018-8-2T21:36:47.29078
LuoJia1-01_LR201808032805_20180802213705_HDR_0020,local\LULO4\LuoJia1-01_LR201808032805_20180802213705_HDR_0020_meta.xml,local\LULO4\LuoJia1-01_LR201808032805_20180802213705_HDR_0020_gec.tif,hf://buckets/cbernegger/LULO4/LuoJia1-01_LR201808032805_20180802213705_HDR_0020_meta.xml,hf://buckets/cbernegger/LULO4/LuoJia1-01_LR201808032805_20180802213705_HDR_0020_gec.tif,6.060422,39.087562,9.956303,41.686647,7.984679,40.359855,2018-8-2T21:36:52.29524
LuoJia1-01_LR201808032805_20180802213710_HDR_0021,local\LULO4\LuoJia1-01_LR201808032805_20180802213710_HDR_0021_meta.xml,local\LULO4\LuoJia1-01_LR201808032805_20180802213710_HDR_0021_gec.tif,hf://buckets/cbernegger/LULO4/LuoJia1-01_LR201808032805_20180802213710_HDR_0021_meta.xml,hf://buckets/cbernegger/LULO4/LuoJia1-01_LR201808032805_20180802213710_HDR_0021_gec.tif,5.953443,39.38899,9.881068,41.986662,7.89259,40.661775,2018-8-2T21:36:57.30051
LuoJia1-01_LR201808032805_20180802213715_HDR_0022,local\LULO4\LuoJia1-01_LR201808032805_20180802213715_HDR_0022_meta.xml,local\LULO4\LuoJia1-01_LR201808032805_20180802213715_HDR_0022_gec.tif,hf://buckets/cbernegger/LULO4/LuoJia1-01_LR201808032805_20180802213715_HDR_0022_meta.xml,hf://buckets/cbernegger/LULO4/LuoJia1-01_LR201808032805_20180802213715_HDR_0022_gec.tif,5.854062,39.672568,9.797866,42.269936,7.801878,40.945812,2018-8-2T21:37:1.998477
LuoJia1-01_LR201808032805_20180802213720_HDR_0023,local\LULO4\LuoJia1-01_LR201808032805_20180802213720_HDR_0023_meta.xml,local\LULO4\LuoJia1-01_LR201808032805_20180802213720_HDR_0023_gec.tif,hf://buckets/cbernegger/LULO4/LuoJia1-01_LR201808032805_20180802213720_HDR_0023_meta.xml,hf://buckets/cbernegger/LULO4/LuoJia1-01_LR201808032805_20180802213720_HDR_0023_gec.tif,5.751415,39.975931,9.711441,42.577582,7.70758,41.249347,2018-8-2T21:37:7.003348
LuoJia1-01_LR201808032805_20180802213725_HDR_0024,local\LULO4\LuoJia1-01_LR201808032805_20180802213725_HDR_0024_meta.xml,local\LULO4\LuoJia1-01_LR201808032805_20180802213725_HDR_0024_gec.tif,hf://buckets/cbernegger/LULO4/LuoJia1-01_LR201808032805_20180802213725_HDR_0024_meta.xml,hf://buckets/cbernegger/LULO4/LuoJia1-01_LR201808032805_20180802213725_HDR_0024_gec.tif,5.650851,40.276968,9.627817,42.882789,7.615704,41.551998,2018-8-2T21:37:12.00821
LuoJia1-01_LR201808032805_20180802213730_HDR_0025,local\LULO4\LuoJia1-01_LR201808032805_20180802213730_HDR_0025_meta.xml,local\LULO4\LuoJia1-01_LR201808032805_20180802213730_HDR_0025_gec.tif,hf://buckets/cbernegger/LULO4/LuoJia1-01_LR201808032805_20180802213730_HDR_0025_meta.xml,hf://buckets/cbernegger/LULO4/LuoJia1-01_LR201808032805_20180802213730_HDR_0025_gec.tif,5.551288,40.58292,9.546704,43.184625,7.525767,41.856131,2018-8-2T21:37:17.01309
LuoJia1-01_LR201808032805_20180802213735_HDR_0026,local\LULO4\LuoJia1-01_LR201808032805_20180802213735_HDR_0026_meta.xml,local\LULO4\LuoJia1-01_LR201808032805_20180802213735_HDR_0026_gec.tif,hf://buckets/cbernegger/LULO4/LuoJia1-01_LR201808032805_20180802213735_HDR_0026_meta.xml,hf://buckets/cbernegger/LULO4/LuoJia1-01_LR201808032805_20180802213735_HDR_0026_gec.tif,5.442662,40.88409,9.468628,43.492167,7.432163,42.160511,2018-8-2T21:37:22.01796
LuoJia1-01_LR201808032805_20180802213740_HDR_0027,local\LULO4\LuoJia1-01_LR201808032805_20180802213740_HDR_0027_meta.xml,local\LULO4\LuoJia1-01_LR201808032805_20180802213740_HDR_0027_gec.tif,hf://buckets/cbernegger/LULO4/LuoJia1-01_LR201808032805_20180802213740_HDR_0027_meta.xml,hf://buckets/cbernegger/LULO4/LuoJia1-01_LR201808032805_20180802213740_HDR_0027_gec.tif,5.331074,41.203453,9.377067,43.813981,7.330294,42.48105,2018-8-2T21:37:27.32967
LuoJia1-01_LR201808032805_20180802213745_HDR_0028,local\LULO4\LuoJia1-01_LR201808032805_20180802213745_HDR_0028_meta.xml,local\LULO4\LuoJia1-01_LR201808032805_20180802213745_HDR_0028_gec.tif,hf://buckets/cbernegger/LULO4/LuoJia1-01_LR201808032805_20180802213745_HDR_0028_meta.xml,hf://buckets/cbernegger/LULO4/LuoJia1-01_LR201808032805_20180802213745_HDR_0028_gec.tif,5.221995,41.506267,9.291264,44.116478,7.23357,42.783857,2018-8-2T21:37:32.33455
LuoJia1-01_LR201808032805_20180802213750_HDR_0029,local\LULO4\LuoJia1-01_LR201808032805_20180802213750_HDR_0029_meta.xml,local\LULO4\LuoJia1-01_LR201808032805_20180802213750_HDR_0029_gec.tif,hf://buckets/cbernegger/LULO4/LuoJia1-01_LR201808032805_20180802213750_HDR_0029_meta.xml,hf://buckets/cbernegger/LULO4/LuoJia1-01_LR201808032805_20180802213750_HDR_0029_gec.tif,5.11271,41.807484,9.199238,44.418707,7.134787,43.086471,2018-8-2T21:37:37.33942
LuoJia1-01_LR201808032805_20180802213755_HDR_0030,local\LULO4\LuoJia1-01_LR201808032805_20180802213755_HDR_0030_meta.xml,local\LULO4\LuoJia1-01_LR201808032805_20180802213755_HDR_0030_gec.tif,hf://buckets/cbernegger/LULO4/LuoJia1-01_LR201808032805_20180802213755_HDR_0030_meta.xml,hf://buckets/cbernegger/LULO4/LuoJia1-01_LR201808032805_20180802213755_HDR_0030_gec.tif,5.009491,42.109114,9.111302,44.722243,7.039749,43.388841,2018-8-2T21:37:42.34378
LuoJia1-01_LR201808032805_20180802213800_HDR_0031,local\LULO4\LuoJia1-01_LR201808032805_20180802213800_HDR_0031_meta.xml,local\LULO4\LuoJia1-01_LR201808032805_20180802213800_HDR_0031_gec.tif,hf://buckets/cbernegger/LULO4/LuoJia1-01_LR201808032805_20180802213800_HDR_0031_meta.xml,hf://buckets/cbernegger/LULO4/LuoJia1-01_LR201808032805_20180802213800_HDR_0031_gec.tif,4.903123,42.410102,9.036445,45.025961,6.945818,43.690879,2018-8-2T21:37:47.34881
LuoJia1-01_LR201808032805_20180802213805_HDR_0032,local\LULO4\LuoJia1-01_LR201808032805_20180802213805_HDR_0032_meta.xml,local\LULO4\LuoJia1-01_LR201808032805_20180802213805_HDR_0032_gec.tif,hf://buckets/cbernegger/LULO4/LuoJia1-01_LR201808032805_20180802213805_HDR_0032_meta.xml,hf://buckets/cbernegger/LULO4/LuoJia1-01_LR201808032805_20180802213805_HDR_0032_gec.tif,4.788904,42.713807,8.954276,45.328812,6.84608,43.993851,2018-8-2T21:37:52.35412
LuoJia1-01_LR201808032805_20180802213810_HDR_0033,local\LULO4\LuoJia1-01_LR201808032805_20180802213810_HDR_0033_meta.xml,local\LULO4\LuoJia1-01_LR201808032805_20180802213810_HDR_0033_gec.tif,hf://buckets/cbernegger/LULO4/LuoJia1-01_LR201808032805_20180802213810_HDR_0033_meta.xml,hf://buckets/cbernegger/LULO4/LuoJia1-01_LR201808032805_20180802213810_HDR_0033_gec.tif,4.670864,43.022512,8.861965,45.632705,6.740215,44.300839,2018-8-2T21:37:57.35900
LuoJia1-01_LR201808032805_20180802213815_HDR_0034,local\LULO4\LuoJia1-01_LR201808032805_20180802213815_HDR_0034_meta.xml,local\LULO4\LuoJia1-01_LR201808032805_20180802213815_HDR_0034_gec.tif,hf://buckets/cbernegger/LULO4/LuoJia1-01_LR201808032805_20180802213815_HDR_0034_meta.xml,hf://buckets/cbernegger/LULO4/LuoJia1-01_LR201808032805_20180802213815_HDR_0034_gec.tif,4.556775,43.333411,8.768244,45.937602,6.63648,44.611322,2018-8-2T21:38:2.363877
LuoJia1-01_LR201808032805_20180802213820_HDR_0035,local\LULO4\LuoJia1-01_LR201808032805_20180802213820_HDR_0035_meta.xml,local\LULO4\LuoJia1-01_LR201808032805_20180802213820_HDR_0035_gec.tif,hf://buckets/cbernegger/LULO4/LuoJia1-01_LR201808032805_20180802213820_HDR_0035_meta.xml,hf://buckets/cbernegger/LULO4/LuoJia1-01_LR201808032805_20180802213820_HDR_0035_gec.tif,4.444538,43.639433,8.67767,46.252252,6.535938,44.919577,2018-8-2T21:38:7.368752
LuoJia1-01_LR201808032805_20180802213825_HDR_0036,local\LULO4\LuoJia1-01_LR201808032805_20180802213825_HDR_0036_meta.xml,local\LULO4\LuoJia1-01_LR201808032805_20180802213825_HDR_0036_gec.tif,hf://buckets/cbernegger/LULO4/LuoJia1-01_LR201808032805_20180802213825_HDR_0036_meta.xml,hf://buckets/cbernegger/LULO4/LuoJia1-01_LR201808032805_20180802213825_HDR_0036_gec.tif,4.32468,43.941681,8.589488,46.560542,6.433492,45.22437,2018-8-2T21:38:12.37362
LuoJia1-01_LR201808032805_20180802213830_HDR_0037,local\LULO4\LuoJia1-01_LR201808032805_20180802213830_HDR_0037_meta.xml,local\LULO4\LuoJia1-01_LR201808032805_20180802213830_HDR_0037_gec.tif,hf://buckets/cbernegger/LULO4/LuoJia1-01_LR201808032805_20180802213830_HDR_0037_meta.xml,hf://buckets/cbernegger/LULO4/LuoJia1-01_LR201808032805_20180802213830_HDR_0037_gec.tif,4.208361,44.2436,8.491961,46.865768,6.328098,45.527425,2018-8-2T21:38:17.37850
LuoJia1-01_LR201808032805_20180802213835_HDR_0038,local\LULO4\LuoJia1-01_LR201808032805_20180802213835_HDR_0038_meta.xml,local\LULO4\LuoJia1-01_LR201808032805_20180802213835_HDR_0038_gec.tif,hf://buckets/cbernegger/LULO4/LuoJia1-01_LR201808032805_20180802213835_HDR_0038_meta.xml,hf://buckets/cbernegger/LULO4/LuoJia1-01_LR201808032805_20180802213835_HDR_0038_gec.tif,4.095073,44.54468,8.401876,47.17033,6.226231,45.829303,2018-8-2T21:38:22.38338
LuoJia1-01_LR201808032805_20180802213840_HDR_0039,local\LULO4\LuoJia1-01_LR201808032805_20180802213840_HDR_0039_meta.xml,local\LULO4\LuoJia1-01_LR201808032805_20180802213840_HDR_0039_gec.tif,hf://buckets/cbernegger/LULO4/LuoJia1-01_LR201808032805_20180802213840_HDR_0039_meta.xml,hf://buckets/cbernegger/LULO4/LuoJia1-01_LR201808032805_20180802213840_HDR_0039_gec.tif,3.980142,44.845491,8.31401,47.472344,6.125229,46.131651,2018-8-2T21:38:27.38826
LuoJia1-01_LR201808032805_20180802213845_HDR_0040,local\LULO4\LuoJia1-01_LR201808032805_20180802213845_HDR_0040_meta.xml,local\LULO4\LuoJia1-01_LR201808032805_20180802213845_HDR_0040_gec.tif,hf://buckets/cbernegger/LULO4/LuoJia1-01_LR201808032805_20180802213845_HDR_0040_meta.xml,hf://buckets/cbernegger/LULO4/LuoJia1-01_LR201808032805_20180802213845_HDR_0040_gec.tif,3.861325,45.145547,8.225577,47.777186,6.020569,46.433233,2018-8-2T21:38:32.39314
LuoJia1-01_LR201808032805_20180802213850_HDR_0041,local\LULO4\LuoJia1-01_LR201808032805_20180802213850_HDR_0041_meta.xml,local\LULO4\LuoJia1-01_LR201808032805_20180802213850_HDR_0041_gec.tif,hf://buckets/cbernegger/LULO4/LuoJia1-01_LR201808032805_20180802213850_HDR_0041_meta.xml,hf://buckets/cbernegger/LULO4/LuoJia1-01_LR201808032805_20180802213850_HDR_0041_gec.tif,3.740206,45.445369,8.130196,48.07866,5.914987,46.734108,2018-8-2T21:38:37.39802
LuoJia1-01_LR201808032805_20180802213855_HDR_0042,local\LULO4\LuoJia1-01_LR201808032805_20180802213855_HDR_0042_meta.xml,local\LULO4\LuoJia1-01_LR201808032805_20180802213855_HDR_0042_gec.tif,hf://buckets/cbernegger/LULO4/LuoJia1-01_LR201808032805_20180802213855_HDR_0042_meta.xml,hf://buckets/cbernegger/LULO4/LuoJia1-01_LR201808032805_20180802213855_HDR_0042_gec.tif,3.620978,45.74627,8.029879,48.379136,5.80961,47.034824,2018-8-2T21:38:42.40289
LuoJia1-01_LR201808032805_20180802213900_HDR_0043,local\LULO4\LuoJia1-01_LR201808032805_20180802213900_HDR_0043_meta.xml,local\LULO4\LuoJia1-01_LR201808032805_20180802213900_HDR_0043_gec.tif,hf://buckets/cbernegger/LULO4/LuoJia1-01_LR201808032805_20180802213900_HDR_0043_meta.xml,hf://buckets/cbernegger/LULO4/LuoJia1-01_LR201808032805_20180802213900_HDR_0043_gec.tif,3.491894,46.048778,7.944124,48.681787,5.698516,47.337483,2018-8-2T21:38:47.40777
LuoJia1-01_LR201808032805_20180802213905_HDR_0044,local\LULO4\LuoJia1-01_LR201808032805_20180802213905_HDR_0044_meta.xml,local\LULO4\LuoJia1-01_LR201808032805_20180802213905_HDR_0044_gec.tif,hf://buckets/cbernegger/LULO4/LuoJia1-01_LR201808032805_20180802213905_HDR_0044_meta.xml,hf://buckets/cbernegger/LULO4/LuoJia1-01_LR201808032805_20180802213905_HDR_0044_gec.tif,3.363781,46.352864,7.83529,48.986676,5.584015,47.642088,2018-8-2T21:38:52.41265
LuoJia1-01_LR201808032805_20180802213910_HDR_0045,local\LULO4\LuoJia1-01_LR201808032805_20180802213910_HDR_0045_meta.xml,local\LULO4\LuoJia1-01_LR201808032805_20180802213910_HDR_0045_gec.tif,hf://buckets/cbernegger/LULO4/LuoJia1-01_LR201808032805_20180802213910_HDR_0045_meta.xml,hf://buckets/cbernegger/LULO4/LuoJia1-01_LR201808032805_20180802213910_HDR_0045_gec.tif,3.238688,46.656398,7.742436,49.292657,5.472256,47.947057,2018-8-2T21:38:57.41753
LuoJia1-01_LR201808032805_20180802213915_HDR_0046,local\LULO4\LuoJia1-01_LR201808032805_20180802213915_HDR_0046_meta.xml,local\LULO4\LuoJia1-01_LR201808032805_20180802213915_HDR_0046_gec.tif,hf://buckets/cbernegger/LULO4/LuoJia1-01_LR201808032805_20180802213915_HDR_0046_meta.xml,hf://buckets/cbernegger/LULO4/LuoJia1-01_LR201808032805_20180802213915_HDR_0046_gec.tif,3.109886,46.956954,7.648018,49.597735,5.360126,48.250168,2018-8-2T21:39:2.421812
LuoJia1-01_LR201808032805_20180802213920_HDR_0047,local\LULO4\LuoJia1-01_LR201808032805_20180802213920_HDR_0047_meta.xml,local\LULO4\LuoJia1-01_LR201808032805_20180802213920_HDR_0047_gec.tif,hf://buckets/cbernegger/LULO4/LuoJia1-01_LR201808032805_20180802213920_HDR_0047_meta.xml,hf://buckets/cbernegger/LULO4/LuoJia1-01_LR201808032805_20180802213920_HDR_0047_gec.tif,2.980765,47.257369,7.549472,49.901035,5.247065,48.550447,2018-8-2T21:39:7.427290
LuoJia1-01_LR201808032805_20180802213924_HDR_0048,local\LULO4\LuoJia1-01_LR201808032805_20180802213924_HDR_0048_meta.xml,local\LULO4\LuoJia1-01_LR201808032805_20180802213924_HDR_0048_gec.tif,hf://buckets/cbernegger/LULO4/LuoJia1-01_LR201808032805_20180802213924_HDR_0048_meta.xml,hf://buckets/cbernegger/LULO4/LuoJia1-01_LR201808032805_20180802213924_HDR_0048_gec.tif,2.85349,47.544269,7.457197,50.183488,5.136367,48.837017,2018-8-2T21:39:12.12610
LuoJia1-01_LR201808032805_20180802213929_HDR_0049,local\LULO4\LuoJia1-01_LR201808032805_20180802213929_HDR_0049_meta.xml,local\LULO4\LuoJia1-01_LR201808032805_20180802213929_HDR_0049_gec.tif,hf://buckets/cbernegger/LULO4/LuoJia1-01_LR201808032805_20180802213929_HDR_0049_meta.xml,hf://buckets/cbernegger/LULO4/LuoJia1-01_LR201808032805_20180802213929_HDR_0049_gec.tif,2.721491,47.847871,7.351779,50.491726,5.018417,49.142664,2018-8-2T21:39:17.13037
LuoJia1-01_LR201808032805_20180802213934_HDR_0050,local\LULO4\LuoJia1-01_LR201808032805_20180802213934_HDR_0050_meta.xml,local\LULO4\LuoJia1-01_LR201808032805_20180802213934_HDR_0050_gec.tif,hf://buckets/cbernegger/LULO4/LuoJia1-01_LR201808032805_20180802213934_HDR_0050_meta.xml,hf://buckets/cbernegger/LULO4/LuoJia1-01_LR201808032805_20180802213934_HDR_0050_gec.tif,2.590235,48.151209,7.247695,50.798482,4.902673,49.446888,2018-8-2T21:39:22.13586
LuoJia1-01_LR201808032805_20180802213939_HDR_0051,local\LULO4\LuoJia1-01_LR201808032805_20180802213939_HDR_0051_meta.xml,local\LULO4\LuoJia1-01_LR201808032805_20180802213939_HDR_0051_gec.tif,hf://buckets/cbernegger/LULO4/LuoJia1-01_LR201808032805_20180802213939_HDR_0051_meta.xml,hf://buckets/cbernegger/LULO4/LuoJia1-01_LR201808032805_20180802213939_HDR_0051_gec.tif,2.449415,48.471327,7.143231,51.121836,4.779318,49.768839,2018-8-2T21:39:27.43826
LuoJia1-01_LR201808032805_20180802213945_HDR_0052,local\LULO4\LuoJia1-01_LR201808032805_20180802213945_HDR_0052_meta.xml,local\LULO4\LuoJia1-01_LR201808032805_20180802213945_HDR_0052_gec.tif,hf://buckets/cbernegger/LULO4/LuoJia1-01_LR201808032805_20180802213945_HDR_0052_meta.xml,hf://buckets/cbernegger/LULO4/LuoJia1-01_LR201808032805_20180802213945_HDR_0052_gec.tif,2.317857,48.769475,7.042746,51.426469,4.66377,50.069759,2018-8-2T21:39:32.44314
LuoJia1-01_LR201808032805_20180802213950_HDR_0053,local\LULO4\LuoJia1-01_LR201808032805_20180802213950_HDR_0053_meta.xml,local\LULO4\LuoJia1-01_LR201808032805_20180802213950_HDR_0053_gec.tif,hf://buckets/cbernegger/LULO4/LuoJia1-01_LR201808032805_20180802213950_HDR_0053_meta.xml,hf://buckets/cbernegger/LULO4/LuoJia1-01_LR201808032805_20180802213950_HDR_0053_gec.tif,2.179367,49.067878,6.943816,51.726664,4.545097,50.369253,2018-8-2T21:39:37.44802
LuoJia1-01_LR201808032805_20180802213955_HDR_0054,local\LULO4\LuoJia1-01_LR201808032805_20180802213955_HDR_0054_meta.xml,local\LULO4\LuoJia1-01_LR201808032805_20180802213955_HDR_0054_gec.tif,hf://buckets/cbernegger/LULO4/LuoJia1-01_LR201808032805_20180802213955_HDR_0054_meta.xml,hf://buckets/cbernegger/LULO4/LuoJia1-01_LR201808032805_20180802213955_HDR_0054_gec.tif,2.036495,49.367639,6.836708,52.027189,4.420702,50.669697,2018-8-2T21:39:42.45290
LuoJia1-01_LR201808032805_20180802214000_HDR_0055,local\LULO4\LuoJia1-01_LR201808032805_20180802214000_HDR_0055_meta.xml,local\LULO4\LuoJia1-01_LR201808032805_20180802214000_HDR_0055_gec.tif,hf://buckets/cbernegger/LULO4/LuoJia1-01_LR201808032805_20180802214000_HDR_0055_meta.xml,hf://buckets/cbernegger/LULO4/LuoJia1-01_LR201808032805_20180802214000_HDR_0055_gec.tif,1.896732,49.664989,6.728619,52.327813,4.297665,50.96894,2018-8-2T21:39:47.45778
LuoJia1-01_LR201808032805_20180802214005_HDR_0056,local\LULO4\LuoJia1-01_LR201808032805_20180802214005_HDR_0056_meta.xml,local\LULO4\LuoJia1-01_LR201808032805_20180802214005_HDR_0056_gec.tif,hf://buckets/cbernegger/LULO4/LuoJia1-01_LR201808032805_20180802214005_HDR_0056_meta.xml,hf://buckets/cbernegger/LULO4/LuoJia1-01_LR201808032805_20180802214005_HDR_0056_gec.tif,1.7468,49.964465,6.621552,52.628628,4.16871,51.269367,2018-8-2T21:39:52.46204
LuoJia1-01_LR201808032805_20180802214010_HDR_0057,local\LULO4\LuoJia1-01_LR201808032805_20180802214010_HDR_0057_meta.xml,local\LULO4\LuoJia1-01_LR201808032805_20180802214010_HDR_0057_gec.tif,hf://buckets/cbernegger/LULO4/LuoJia1-01_LR201808032805_20180802214010_HDR_0057_meta.xml,hf://buckets/cbernegger/LULO4/LuoJia1-01_LR201808032805_20180802214010_HDR_0057_gec.tif,1.606495,50.263657,6.506334,52.930356,4.042067,51.56996,2018-8-2T21:39:57.46755
LuoJia1-01_LR201808032805_20180802214015_HDR_0058,local\LULO4\LuoJia1-01_LR201808032805_20180802214015_HDR_0058_meta.xml,local\LULO4\LuoJia1-01_LR201808032805_20180802214015_HDR_0058_gec.tif,hf://buckets/cbernegger/LULO4/LuoJia1-01_LR201808032805_20180802214015_HDR_0058_meta.xml,hf://buckets/cbernegger/LULO4/LuoJia1-01_LR201808032805_20180802214015_HDR_0058_gec.tif,1.46449,50.562755,6.403133,53.231889,3.918738,51.870379,2018-8-2T21:40:2.473063
LuoJia1-01_LR201808066233_20180806132445_HDR_0000,local\LULO4\LuoJia1-01_LR201808066233_20180806132445_HDR_0000_meta.xml,local\LULO4\LuoJia1-01_LR201808066233_20180806132445_HDR_0000_gec.tif,hf://buckets/cbernegger/LULO4/LuoJia1-01_LR201808066233_20180806132445_HDR_0000_meta.xml,hf://buckets/cbernegger/LULO4/LuoJia1-01_LR201808066233_20180806132445_HDR_0000_gec.tif,129.292131,30.659359,132.849765,33.281152,131.154109,32.017276,2018-8-6T13:24:32.22174
LuoJia1-01_LR201808066233_20180806132449_HDR_0001,local\LULO4\LuoJia1-01_LR201808066233_20180806132449_HDR_0001_meta.xml,local\LULO4\LuoJia1-01_LR201808066233_20180806132449_HDR_0001_gec.tif,hf://buckets/cbernegger/LULO4/LuoJia1-01_LR201808066233_20180806132449_HDR_0001_meta.xml,hf://buckets/cbernegger/LULO4/LuoJia1-01_LR201808066233_20180806132449_HDR_0001_gec.tif,129.203967,30.963512,132.769077,33.586629,131.072399,32.321834,2018-8-6T13:24:37.22660
LuoJia1-01_LR201808066233_20180806132454_HDR_0002,local\LULO4\LuoJia1-01_LR201808066233_20180806132454_HDR_0002_meta.xml,local\LULO4\LuoJia1-01_LR201808066233_20180806132454_HDR_0002_gec.tif,hf://buckets/cbernegger/LULO4/LuoJia1-01_LR201808066233_20180806132454_HDR_0002_meta.xml,hf://buckets/cbernegger/LULO4/LuoJia1-01_LR201808066233_20180806132454_HDR_0002_gec.tif,129.110927,31.268295,132.692483,33.890842,130.987319,32.626626,2018-8-6T13:24:42.23146
LuoJia1-01_LR201808066233_20180806132500_HDR_0003,local\LULO4\LuoJia1-01_LR201808066233_20180806132500_HDR_0003_meta.xml,local\LULO4\LuoJia1-01_LR201808066233_20180806132500_HDR_0003_gec.tif,hf://buckets/cbernegger/LULO4/LuoJia1-01_LR201808066233_20180806132500_HDR_0003_meta.xml,hf://buckets/cbernegger/LULO4/LuoJia1-01_LR201808066233_20180806132500_HDR_0003_gec.tif,129.018858,31.571656,132.611874,34.195384,130.900937,32.93096,2018-8-6T13:24:47.23632
LuoJia1-01_LR201808066233_20180806132505_HDR_0004,local\LULO4\LuoJia1-01_LR201808066233_20180806132505_HDR_0004_meta.xml,local\LULO4\LuoJia1-01_LR201808066233_20180806132505_HDR_0004_gec.tif,hf://buckets/cbernegger/LULO4/LuoJia1-01_LR201808066233_20180806132505_HDR_0004_meta.xml,hf://buckets/cbernegger/LULO4/LuoJia1-01_LR201808066233_20180806132505_HDR_0004_gec.tif,128.929542,31.87602,132.533147,34.499621,130.81776,33.235359,2018-8-6T13:24:52.24118
LuoJia1-01_LR201808066233_20180806132510_HDR_0005,local\LULO4\LuoJia1-01_LR201808066233_20180806132510_HDR_0005_meta.xml,local\LULO4\LuoJia1-01_LR201808066233_20180806132510_HDR_0005_gec.tif,hf://buckets/cbernegger/LULO4/LuoJia1-01_LR201808066233_20180806132510_HDR_0005_meta.xml,hf://buckets/cbernegger/LULO4/LuoJia1-01_LR201808066233_20180806132510_HDR_0005_gec.tif,128.838047,32.181499,132.456918,34.805547,130.733502,33.540695,2018-8-6T13:24:57.24604
LuoJia1-01_LR201808066233_20180806132514_HDR_0006,local\LULO4\LuoJia1-01_LR201808066233_20180806132514_HDR_0006_meta.xml,local\LULO4\LuoJia1-01_LR201808066233_20180806132514_HDR_0006_gec.tif,hf://buckets/cbernegger/LULO4/LuoJia1-01_LR201808066233_20180806132514_HDR_0006_meta.xml,hf://buckets/cbernegger/LULO4/LuoJia1-01_LR201808066233_20180806132514_HDR_0006_gec.tif,128.746108,32.485849,132.378937,35.111839,130.64916,33.84587,2018-8-6T13:25:2.250901
LuoJia1-01_LR201808066233_20180806132520_HDR_0007,local\LULO4\LuoJia1-01_LR201808066233_20180806132520_HDR_0007_meta.xml,local\LULO4\LuoJia1-01_LR201808066233_20180806132520_HDR_0007_gec.tif,hf://buckets/cbernegger/LULO4/LuoJia1-01_LR201808066233_20180806132520_HDR_0007_meta.xml,hf://buckets/cbernegger/LULO4/LuoJia1-01_LR201808066233_20180806132520_HDR_0007_gec.tif,128.648418,32.789114,132.300955,35.417348,130.561713,34.150342,2018-8-6T13:25:7.255762
LuoJia1-01_LR201808066233_20180806132525_HDR_0008,local\LULO4\LuoJia1-01_LR201808066233_20180806132525_HDR_0008_meta.xml,local\LULO4\LuoJia1-01_LR201808066233_20180806132525_HDR_0008_gec.tif,hf://buckets/cbernegger/LULO4/LuoJia1-01_LR201808066233_20180806132525_HDR_0008_meta.xml,hf://buckets/cbernegger/LULO4/LuoJia1-01_LR201808066233_20180806132525_HDR_0008_gec.tif,128.551864,33.092604,132.21811,35.722137,130.471907,34.454615,2018-8-6T13:25:12.26062
LuoJia1-01_LR201808066233_20180806132530_HDR_0009,local\LULO4\LuoJia1-01_LR201808066233_20180806132530_HDR_0009_meta.xml,local\LULO4\LuoJia1-01_LR201808066233_20180806132530_HDR_0009_gec.tif,hf://buckets/cbernegger/LULO4/LuoJia1-01_LR201808066233_20180806132530_HDR_0009_meta.xml,hf://buckets/cbernegger/LULO4/LuoJia1-01_LR201808066233_20180806132530_HDR_0009_gec.tif,128.457283,33.396193,132.135306,36.027062,130.384172,34.758792,2018-8-6T13:25:17.26548
LuoJia1-01_LR201808066233_20180806132535_HDR_0010,local\LULO4\LuoJia1-01_LR201808066233_20180806132535_HDR_0010_meta.xml,local\LULO4\LuoJia1-01_LR201808066233_20180806132535_HDR_0010_gec.tif,hf://buckets/cbernegger/LULO4/LuoJia1-01_LR201808066233_20180806132535_HDR_0010_meta.xml,hf://buckets/cbernegger/LULO4/LuoJia1-01_LR201808066233_20180806132535_HDR_0010_gec.tif,128.355659,33.701684,132.055586,36.331894,130.294376,35.064085,2018-8-6T13:25:22.27035
LuoJia1-01_LR201808066233_20180806132540_HDR_0011,local\LULO4\LuoJia1-01_LR201808066233_20180806132540_HDR_0011_meta.xml,local\LULO4\LuoJia1-01_LR201808066233_20180806132540_HDR_0011_gec.tif,hf://buckets/cbernegger/LULO4/LuoJia1-01_LR201808066233_20180806132540_HDR_0011_meta.xml,hf://buckets/cbernegger/LULO4/LuoJia1-01_LR201808066233_20180806132540_HDR_0011_gec.tif,128.25799,34.005733,131.969619,36.638511,130.203211,35.369513,2018-8-6T13:25:27.27436
LuoJia1-01_LR201808066233_20180806132545_HDR_0012,local\LULO4\LuoJia1-01_LR201808066233_20180806132545_HDR_0012_meta.xml,local\LULO4\LuoJia1-01_LR201808066233_20180806132545_HDR_0012_gec.tif,hf://buckets/cbernegger/LULO4/LuoJia1-01_LR201808066233_20180806132545_HDR_0012_meta.xml,hf://buckets/cbernegger/LULO4/LuoJia1-01_LR201808066233_20180806132545_HDR_0012_gec.tif,128.16303,34.305261,131.88687,36.943582,130.114182,35.672036,2018-8-6T13:25:32.28008
LuoJia1-01_LR201808066233_20180806132550_HDR_0013,local\LULO4\LuoJia1-01_LR201808066233_20180806132550_HDR_0013_meta.xml,local\LULO4\LuoJia1-01_LR201808066233_20180806132550_HDR_0013_gec.tif,hf://buckets/cbernegger/LULO4/LuoJia1-01_LR201808066233_20180806132550_HDR_0013_meta.xml,hf://buckets/cbernegger/LULO4/LuoJia1-01_LR201808066233_20180806132550_HDR_0013_gec.tif,128.059156,34.60433,131.80605,37.244812,130.023203,35.972487,2018-8-6T13:25:37.28494
LuoJia1-01_LR201808066233_20180806132555_HDR_0014,local\LULO4\LuoJia1-01_LR201808066233_20180806132555_HDR_0014_meta.xml,local\LULO4\LuoJia1-01_LR201808066233_20180806132555_HDR_0014_gec.tif,hf://buckets/cbernegger/LULO4/LuoJia1-01_LR201808066233_20180806132555_HDR_0014_meta.xml,hf://buckets/cbernegger/LULO4/LuoJia1-01_LR201808066233_20180806132555_HDR_0014_gec.tif,127.956603,34.908004,131.720575,37.546215,129.928711,36.275358,2018-8-6T13:25:42.28981
LuoJia1-01_LR201808066233_20180806132600_HDR_0015,local\LULO4\LuoJia1-01_LR201808066233_20180806132600_HDR_0015_meta.xml,local\LULO4\LuoJia1-01_LR201808066233_20180806132600_HDR_0015_gec.tif,hf://buckets/cbernegger/LULO4/LuoJia1-01_LR201808066233_20180806132600_HDR_0015_meta.xml,hf://buckets/cbernegger/LULO4/LuoJia1-01_LR201808066233_20180806132600_HDR_0015_gec.tif,127.852232,35.212719,131.632892,37.851869,129.834356,36.580454,2018-8-6T13:25:47.29467
LuoJia1-01_LR201808066233_20180806132605_HDR_0016,local\LULO4\LuoJia1-01_LR201808066233_20180806132605_HDR_0016_meta.xml,local\LULO4\LuoJia1-01_LR201808066233_20180806132605_HDR_0016_gec.tif,hf://buckets/cbernegger/LULO4/LuoJia1-01_LR201808066233_20180806132605_HDR_0016_meta.xml,hf://buckets/cbernegger/LULO4/LuoJia1-01_LR201808066233_20180806132605_HDR_0016_gec.tif,127.748914,35.515639,131.546959,38.157727,129.740574,36.884554,2018-8-6T13:25:52.29954
LuoJia1-01_LR201808066233_20180806132610_HDR_0017,local\LULO4\LuoJia1-01_LR201808066233_20180806132610_HDR_0017_meta.xml,local\LULO4\LuoJia1-01_LR201808066233_20180806132610_HDR_0017_gec.tif,hf://buckets/cbernegger/LULO4/LuoJia1-01_LR201808066233_20180806132610_HDR_0017_meta.xml,hf://buckets/cbernegger/LULO4/LuoJia1-01_LR201808066233_20180806132610_HDR_0017_gec.tif,127.654206,35.819277,131.461053,38.461507,129.650328,37.188487,2018-8-6T13:25:57.30441
LuoJia1-01_LR201808066233_20180806132615_HDR_0018,local\LULO4\LuoJia1-01_LR201808066233_20180806132615_HDR_0018_meta.xml,local\LULO4\LuoJia1-01_LR201808066233_20180806132615_HDR_0018_gec.tif,hf://buckets/cbernegger/LULO4/LuoJia1-01_LR201808066233_20180806132615_HDR_0018_meta.xml,hf://buckets/cbernegger/LULO4/LuoJia1-01_LR201808066233_20180806132615_HDR_0018_gec.tif,127.558701,36.122968,131.381284,38.766561,129.562841,37.492654,2018-8-6T13:26:2.309282
LuoJia1-01_LR201808066233_20180806132620_HDR_0019,local\LULO4\LuoJia1-01_LR201808066233_20180806132620_HDR_0019_meta.xml,local\LULO4\LuoJia1-01_LR201808066233_20180806132620_HDR_0019_gec.tif,hf://buckets/cbernegger/LULO4/LuoJia1-01_LR201808066233_20180806132620_HDR_0019_meta.xml,hf://buckets/cbernegger/LULO4/LuoJia1-01_LR201808066233_20180806132620_HDR_0019_gec.tif,127.452848,36.425937,131.301042,39.071257,129.469403,37.79671,2018-8-6T13:26:7.313313
LuoJia1-01_LR201808066233_20180806132625_HDR_0020,local\LULO4\LuoJia1-01_LR201808066233_20180806132625_HDR_0020_meta.xml,local\LULO4\LuoJia1-01_LR201808066233_20180806132625_HDR_0020_gec.tif,hf://buckets/cbernegger/LULO4/LuoJia1-01_LR201808066233_20180806132625_HDR_0020_meta.xml,hf://buckets/cbernegger/LULO4/LuoJia1-01_LR201808066233_20180806132625_HDR_0020_gec.tif,127.348584,36.729087,131.211779,39.376104,129.374957,38.100383,2018-8-6T13:26:12.31902
LuoJia1-01_LR201808066233_20180806132630_HDR_0021,local\LULO4\LuoJia1-01_LR201808066233_20180806132630_HDR_0021_meta.xml,local\LULO4\LuoJia1-01_LR201808066233_20180806132630_HDR_0021_gec.tif,hf://buckets/cbernegger/LULO4/LuoJia1-01_LR201808066233_20180806132630_HDR_0021_meta.xml,hf://buckets/cbernegger/LULO4/LuoJia1-01_LR201808066233_20180806132630_HDR_0021_gec.tif,127.243731,37.033412,131.127854,39.680188,129.28166,38.404758,2018-8-6T13:26:17.32389
LuoJia1-01_LR201808066233_20180806132635_HDR_0022,local\LULO4\LuoJia1-01_LR201808066233_20180806132635_HDR_0022_meta.xml,local\LULO4\LuoJia1-01_LR201808066233_20180806132635_HDR_0022_gec.tif,hf://buckets/cbernegger/LULO4/LuoJia1-01_LR201808066233_20180806132635_HDR_0022_meta.xml,hf://buckets/cbernegger/LULO4/LuoJia1-01_LR201808066233_20180806132635_HDR_0022_gec.tif,127.138912,37.339262,131.041842,39.986163,129.186399,38.709652,2018-8-6T13:26:22.32876
LuoJia1-01_LR201808066233_20180806132640_HDR_0023,local\LULO4\LuoJia1-01_LR201808066233_20180806132640_HDR_0023_meta.xml,local\LULO4\LuoJia1-01_LR201808066233_20180806132640_HDR_0023_gec.tif,hf://buckets/cbernegger/LULO4/LuoJia1-01_LR201808066233_20180806132640_HDR_0023_meta.xml,hf://buckets/cbernegger/LULO4/LuoJia1-01_LR201808066233_20180806132640_HDR_0023_gec.tif,127.035478,37.639992,130.953961,40.291316,129.089034,39.013377,2018-8-6T13:26:27.33363
LuoJia1-01_LR201808066233_20180806132645_HDR_0024,local\LULO4\LuoJia1-01_LR201808066233_20180806132645_HDR_0024_meta.xml,local\LULO4\LuoJia1-01_LR201808066233_20180806132645_HDR_0024_gec.tif,hf://buckets/cbernegger/LULO4/LuoJia1-01_LR201808066233_20180806132645_HDR_0024_meta.xml,hf://buckets/cbernegger/LULO4/LuoJia1-01_LR201808066233_20180806132645_HDR_0024_gec.tif,126.922085,37.94272,130.863829,40.595129,128.987817,39.316875,2018-8-6T13:26:32.33850
LuoJia1-01_LR201808066233_20180806132650_HDR_0025,local\LULO4\LuoJia1-01_LR201808066233_20180806132650_HDR_0025_meta.xml,local\LULO4\LuoJia1-01_LR201808066233_20180806132650_HDR_0025_gec.tif,hf://buckets/cbernegger/LULO4/LuoJia1-01_LR201808066233_20180806132650_HDR_0025_meta.xml,hf://buckets/cbernegger/LULO4/LuoJia1-01_LR201808066233_20180806132650_HDR_0025_gec.tif,126.810221,38.247212,130.76964,40.899655,128.887062,39.620881,2018-8-6T13:26:37.34337
LuoJia1-01_LR201808066233_20180806132655_HDR_0026,local\LULO4\LuoJia1-01_LR201808066233_20180806132655_HDR_0026_meta.xml,local\LULO4\LuoJia1-01_LR201808066233_20180806132655_HDR_0026_gec.tif,hf://buckets/cbernegger/LULO4/LuoJia1-01_LR201808066233_20180806132655_HDR_0026_meta.xml,hf://buckets/cbernegger/LULO4/LuoJia1-01_LR201808066233_20180806132655_HDR_0026_gec.tif,126.703105,38.548897,130.67983,41.204572,128.788803,39.924054,2018-8-6T13:26:42.34824
LuoJia1-01_LR201808066233_20180806132700_HDR_0027,local\LULO4\LuoJia1-01_LR201808066233_20180806132700_HDR_0027_meta.xml,local\LULO4\LuoJia1-01_LR201808066233_20180806132700_HDR_0027_gec.tif,hf://buckets/cbernegger/LULO4/LuoJia1-01_LR201808066233_20180806132700_HDR_0027_meta.xml,hf://buckets/cbernegger/LULO4/LuoJia1-01_LR201808066233_20180806132700_HDR_0027_gec.tif,126.589716,38.851543,130.590801,41.507879,128.688959,40.227193,2018-8-6T13:26:47.35312
LuoJia1-01_LR201808066233_20180806132705_HDR_0028,local\LULO4\LuoJia1-01_LR201808066233_20180806132705_HDR_0028_meta.xml,local\LULO4\LuoJia1-01_LR201808066233_20180806132705_HDR_0028_gec.tif,hf://buckets/cbernegger/LULO4/LuoJia1-01_LR201808066233_20180806132705_HDR_0028_meta.xml,hf://buckets/cbernegger/LULO4/LuoJia1-01_LR201808066233_20180806132705_HDR_0028_gec.tif,126.481874,39.149813,130.499146,41.812105,128.590991,40.529509,2018-8-6T13:26:52.35799
LuoJia1-01_LR201808066233_20180806132710_HDR_0029,local\LULO4\LuoJia1-01_LR201808066233_20180806132710_HDR_0029_meta.xml,local\LULO4\LuoJia1-01_LR201808066233_20180806132710_HDR_0029_gec.tif,hf://buckets/cbernegger/LULO4/LuoJia1-01_LR201808066233_20180806132710_HDR_0029_meta.xml,hf://buckets/cbernegger/LULO4/LuoJia1-01_LR201808066233_20180806132710_HDR_0029_gec.tif,126.370633,39.45281,130.411136,42.11277,128.492385,40.83259,2018-8-6T13:26:57.36286
LuoJia1-01_LR201808066233_20180806132715_HDR_0030,local\LULO4\LuoJia1-01_LR201808066233_20180806132715_HDR_0030_meta.xml,local\LULO4\LuoJia1-01_LR201808066233_20180806132715_HDR_0030_gec.tif,hf://buckets/cbernegger/LULO4/LuoJia1-01_LR201808066233_20180806132715_HDR_0030_meta.xml,hf://buckets/cbernegger/LULO4/LuoJia1-01_LR201808066233_20180806132715_HDR_0030_gec.tif,126.257214,39.755969,130.320195,42.418103,128.392592,41.136658,2018-8-6T13:27:2.367742
LuoJia1-01_LR201808066233_20180806132720_HDR_0031,local\LULO4\LuoJia1-01_LR201808066233_20180806132720_HDR_0031_meta.xml,local\LULO4\LuoJia1-01_LR201808066233_20180806132720_HDR_0031_gec.tif,hf://buckets/cbernegger/LULO4/LuoJia1-01_LR201808066233_20180806132720_HDR_0031_meta.xml,hf://buckets/cbernegger/LULO4/LuoJia1-01_LR201808066233_20180806132720_HDR_0031_gec.tif,126.143427,40.059217,130.227797,42.722733,128.290439,41.439385,2018-8-6T13:27:7.372411
LuoJia1-01_LR201808066233_20180806132725_HDR_0032,local\LULO4\LuoJia1-01_LR201808066233_20180806132725_HDR_0032_meta.xml,local\LULO4\LuoJia1-01_LR201808066233_20180806132725_HDR_0032_gec.tif,hf://buckets/cbernegger/LULO4/LuoJia1-01_LR201808066233_20180806132725_HDR_0032_meta.xml,hf://buckets/cbernegger/LULO4/LuoJia1-01_LR201808066233_20180806132725_HDR_0032_gec.tif,126.024973,40.361951,130.136893,43.025678,128.187234,41.741719,2018-8-6T13:27:12.37749
LuoJia1-01_LR201808066233_20180806132730_HDR_0033,local\LULO4\LuoJia1-01_LR201808066233_20180806132730_HDR_0033_meta.xml,local\LULO4\LuoJia1-01_LR201808066233_20180806132730_HDR_0033_gec.tif,hf://buckets/cbernegger/LULO4/LuoJia1-01_LR201808066233_20180806132730_HDR_0033_meta.xml,hf://buckets/cbernegger/LULO4/LuoJia1-01_LR201808066233_20180806132730_HDR_0033_gec.tif,125.905928,40.662056,130.040299,43.328474,128.08173,42.044013,2018-8-6T13:27:17.38236
LuoJia1-01_LR201808066233_20180806132735_HDR_0034,local\LULO4\LuoJia1-01_LR201808066233_20180806132735_HDR_0034_meta.xml,local\LULO4\LuoJia1-01_LR201808066233_20180806132735_HDR_0034_gec.tif,hf://buckets/cbernegger/LULO4/LuoJia1-01_LR201808066233_20180806132735_HDR_0034_meta.xml,hf://buckets/cbernegger/LULO4/LuoJia1-01_LR201808066233_20180806132735_HDR_0034_gec.tif,125.788488,40.964748,129.943016,43.631242,127.973075,42.347002,2018-8-6T13:27:22.38724
LuoJia1-01_LR201808066233_20180806132840_HDR_0047,local\LULO4\LuoJia1-01_LR201808066233_20180806132840_HDR_0047_meta.xml,local\LULO4\LuoJia1-01_LR201808066233_20180806132840_HDR_0047_gec.tif,hf://buckets/cbernegger/LULO4/LuoJia1-01_LR201808066233_20180806132840_HDR_0047_meta.xml,hf://buckets/cbernegger/LULO4/LuoJia1-01_LR201808066233_20180806132840_HDR_0047_gec.tif,124.175055,44.879124,128.658951,47.576313,126.535498,46.277382,2018-8-6T13:28:27.45054
LuoJia1-01_LR201808066233_20180806132845_HDR_0048,local\LULO4\LuoJia1-01_LR201808066233_20180806132845_HDR_0048_meta.xml,local\LULO4\LuoJia1-01_LR201808066233_20180806132845_HDR_0048_gec.tif,hf://buckets/cbernegger/LULO4/LuoJia1-01_LR201808066233_20180806132845_HDR_0048_meta.xml,hf://buckets/cbernegger/LULO4/LuoJia1-01_LR201808066233_20180806132845_HDR_0048_gec.tif,124.041811,45.177094,128.5551,47.878082,126.418057,46.57756,2018-8-6T13:28:32.45553
LuoJia1-01_LR201808066233_20180806132850_HDR_0049,local\LULO4\LuoJia1-01_LR201808066233_20180806132850_HDR_0049_meta.xml,local\LULO4\LuoJia1-01_LR201808066233_20180806132850_HDR_0049_gec.tif,hf://buckets/cbernegger/LULO4/LuoJia1-01_LR201808066233_20180806132850_HDR_0049_meta.xml,hf://buckets/cbernegger/LULO4/LuoJia1-01_LR201808066233_20180806132850_HDR_0049_gec.tif,123.905189,45.476692,128.450009,48.178885,126.298142,46.87811,2018-8-6T13:28:37.46042
LuoJia1-01_LR201808066233_20180806132855_HDR_0050,local\LULO4\LuoJia1-01_LR201808066233_20180806132855_HDR_0050_meta.xml,local\LULO4\LuoJia1-01_LR201808066233_20180806132855_HDR_0050_gec.tif,hf://buckets/cbernegger/LULO4/LuoJia1-01_LR201808066233_20180806132855_HDR_0050_meta.xml,hf://buckets/cbernegger/LULO4/LuoJia1-01_LR201808066233_20180806132855_HDR_0050_gec.tif,123.768998,45.774935,128.341969,48.481211,126.177008,47.178392,2018-8-6T13:28:42.46530
LuoJia1-01_LR201808066233_20180806132900_HDR_0051,local\LULO4\LuoJia1-01_LR201808066233_20180806132900_HDR_0051_meta.xml,local\LULO4\LuoJia1-01_LR201808066233_20180806132900_HDR_0051_gec.tif,hf://buckets/cbernegger/LULO4/LuoJia1-01_LR201808066233_20180806132900_HDR_0051_meta.xml,hf://buckets/cbernegger/LULO4/LuoJia1-01_LR201808066233_20180806132900_HDR_0051_gec.tif,123.631979,46.07364,128.233891,48.781862,126.05569,47.478279,2018-8-6T13:28:47.47018
LuoJia1-01_LR201808066233_20180806132905_HDR_0052,local\LULO4\LuoJia1-01_LR201808066233_20180806132905_HDR_0052_meta.xml,local\LULO4\LuoJia1-01_LR201808066233_20180806132905_HDR_0052_gec.tif,hf://buckets/cbernegger/LULO4/LuoJia1-01_LR201808066233_20180806132905_HDR_0052_meta.xml,hf://buckets/cbernegger/LULO4/LuoJia1-01_LR201808066233_20180806132905_HDR_0052_gec.tif,123.491698,46.373179,128.126011,49.083319,125.93223,47.778916,2018-8-6T13:28:52.47408
LuoJia1-01_LR201808066233_20180806132910_HDR_0053,local\LULO4\LuoJia1-01_LR201808066233_20180806132910_HDR_0053_meta.xml,local\LULO4\LuoJia1-01_LR201808066233_20180806132910_HDR_0053_gec.tif,hf://buckets/cbernegger/LULO4/LuoJia1-01_LR201808066233_20180806132910_HDR_0053_meta.xml,hf://buckets/cbernegger/LULO4/LuoJia1-01_LR201808066233_20180806132910_HDR_0053_gec.tif,123.350597,46.672094,128.015114,49.385657,125.80709,48.079475,2018-8-6T13:28:57.47994
LuoJia1-01_LR201808066233_20180806132915_HDR_0054,local\LULO4\LuoJia1-01_LR201808066233_20180806132915_HDR_0054_meta.xml,local\LULO4\LuoJia1-01_LR201808066233_20180806132915_HDR_0054_gec.tif,hf://buckets/cbernegger/LULO4/LuoJia1-01_LR201808066233_20180806132915_HDR_0054_meta.xml,hf://buckets/cbernegger/LULO4/LuoJia1-01_LR201808066233_20180806132915_HDR_0054_gec.tif,123.211291,46.970357,127.903112,49.686395,125.68262,48.379181,2018-8-6T13:29:2.484828
LuoJia1-01_LR201808066233_20180806132920_HDR_0055,local\LULO4\LuoJia1-01_LR201808066233_20180806132920_HDR_0055_meta.xml,local\LULO4\LuoJia1-01_LR201808066233_20180806132920_HDR_0055_gec.tif,hf://buckets/cbernegger/LULO4/LuoJia1-01_LR201808066233_20180806132920_HDR_0055_meta.xml,hf://buckets/cbernegger/LULO4/LuoJia1-01_LR201808066233_20180806132920_HDR_0055_gec.tif,123.066318,47.267905,127.792965,49.986589,125.55576,48.678343,2018-8-6T13:29:7.489710
LuoJia1-01_LR201808066233_20180806132925_HDR_0056,local\LULO4\LuoJia1-01_LR201808066233_20180806132925_HDR_0056_meta.xml,local\LULO4\LuoJia1-01_LR201808066233_20180806132925_HDR_0056_gec.tif,hf://buckets/cbernegger/LULO4/LuoJia1-01_LR201808066233_20180806132925_HDR_0056_meta.xml,hf://buckets/cbernegger/LULO4/LuoJia1-01_LR201808066233_20180806132925_HDR_0056_gec.tif,122.918622,47.56703,127.678607,50.286624,125.424643,48.978379,2018-8-6T13:29:12.49459
LuoJia1-01_LR201808066233_20180806132930_HDR_0057,local\LULO4\LuoJia1-01_LR201808066233_20180806132930_HDR_0057_meta.xml,local\LULO4\LuoJia1-01_LR201808066233_20180806132930_HDR_0057_gec.tif,hf://buckets/cbernegger/LULO4/LuoJia1-01_LR201808066233_20180806132930_HDR_0057_meta.xml,hf://buckets/cbernegger/LULO4/LuoJia1-01_LR201808066233_20180806132930_HDR_0057_gec.tif,122.770067,47.865762,127.560617,50.588731,125.293797,49.278542,2018-8-6T13:29:17.49947
LuoJia1-01_LR201808066233_20180806132935_HDR_0058,local\LULO4\LuoJia1-01_LR201808066233_20180806132935_HDR_0058_meta.xml,local\LULO4\LuoJia1-01_LR201808066233_20180806132935_HDR_0058_gec.tif,hf://buckets/cbernegger/LULO4/LuoJia1-01_LR201808066233_20180806132935_HDR_0058_meta.xml,hf://buckets/cbernegger/LULO4/LuoJia1-01_LR201808066233_20180806132935_HDR_0058_gec.tif,122.622954,48.164477,127.446176,50.889575,125.163799,49.5784,2018-8-6T13:29:22.50435
LuoJia1-01_LR201808156618_20180814163434_HDR_0000,local\LULO4\LuoJia1-01_LR201808156618_20180814163434_HDR_0000_meta.xml,local\LULO4\LuoJia1-01_LR201808156618_20180814163434_HDR_0000_gec.tif,hf://buckets/cbernegger/LULO4/LuoJia1-01_LR201808156618_20180814163434_HDR_0000_meta.xml,hf://buckets/cbernegger/LULO4/LuoJia1-01_LR201808156618_20180814163434_HDR_0000_gec.tif,83.104437,26.992897,86.414988,29.545122,84.810188,28.309953,2018-8-14T16:34:22.1766
LuoJia1-01_LR201808156618_20180814163439_HDR_0001,local\LULO4\LuoJia1-01_LR201808156618_20180814163439_HDR_0001_meta.xml,local\LULO4\LuoJia1-01_LR201808156618_20180814163439_HDR_0001_gec.tif,hf://buckets/cbernegger/LULO4/LuoJia1-01_LR201808156618_20180814163439_HDR_0001_meta.xml,hf://buckets/cbernegger/LULO4/LuoJia1-01_LR201808156618_20180814163439_HDR_0001_gec.tif,83.045438,27.317374,86.3616,29.868918,84.756555,28.633263,2018-8-14T16:34:27.1815
LuoJia1-01_LR201808156618_20180814163444_HDR_0002,local\LULO4\LuoJia1-01_LR201808156618_20180814163444_HDR_0002_meta.xml,local\LULO4\LuoJia1-01_LR201808156618_20180814163444_HDR_0002_gec.tif,hf://buckets/cbernegger/LULO4/LuoJia1-01_LR201808156618_20180814163444_HDR_0002_meta.xml,hf://buckets/cbernegger/LULO4/LuoJia1-01_LR201808156618_20180814163444_HDR_0002_gec.tif,82.976095,27.636859,86.306576,30.190705,84.694778,28.952989,2018-8-14T16:34:32.1863
LuoJia1-01_LR201808156618_20180814163449_HDR_0003,local\LULO4\LuoJia1-01_LR201808156618_20180814163449_HDR_0003_meta.xml,local\LULO4\LuoJia1-01_LR201808156618_20180814163449_HDR_0003_gec.tif,hf://buckets/cbernegger/LULO4/LuoJia1-01_LR201808156618_20180814163449_HDR_0003_meta.xml,hf://buckets/cbernegger/LULO4/LuoJia1-01_LR201808156618_20180814163449_HDR_0003_gec.tif,82.901365,27.952207,86.245299,30.511394,84.628628,29.267773,2018-8-14T16:34:37.1912
LuoJia1-01_LR201808156618_20180814163454_HDR_0004,local\LULO4\LuoJia1-01_LR201808156618_20180814163454_HDR_0004_meta.xml,local\LULO4\LuoJia1-01_LR201808156618_20180814163454_HDR_0004_gec.tif,hf://buckets/cbernegger/LULO4/LuoJia1-01_LR201808156618_20180814163454_HDR_0004_meta.xml,hf://buckets/cbernegger/LULO4/LuoJia1-01_LR201808156618_20180814163454_HDR_0004_gec.tif,82.824648,28.263878,86.183251,30.825572,84.557668,29.579039,2018-8-14T16:34:42.1960
LuoJia1-01_LR201808156618_20180814163459_HDR_0005,local\LULO4\LuoJia1-01_LR201808156618_20180814163459_HDR_0005_meta.xml,local\LULO4\LuoJia1-01_LR201808156618_20180814163459_HDR_0005_gec.tif,hf://buckets/cbernegger/LULO4/LuoJia1-01_LR201808156618_20180814163459_HDR_0005_meta.xml,hf://buckets/cbernegger/LULO4/LuoJia1-01_LR201808156618_20180814163459_HDR_0005_gec.tif,82.743006,28.579152,86.114743,31.136044,84.4826,29.888242,2018-8-14T16:34:47.2009
LuoJia1-01_LR201808156618_20180814163505_HDR_0006,local\LULO4\LuoJia1-01_LR201808156618_20180814163505_HDR_0006_meta.xml,local\LULO4\LuoJia1-01_LR201808156618_20180814163505_HDR_0006_gec.tif,hf://buckets/cbernegger/LULO4/LuoJia1-01_LR201808156618_20180814163505_HDR_0006_meta.xml,hf://buckets/cbernegger/LULO4/LuoJia1-01_LR201808156618_20180814163505_HDR_0006_gec.tif,82.656823,28.887383,86.043504,31.444961,84.405068,30.196277,2018-8-14T16:34:52.2058
LuoJia1-01_LR201808156618_20180814163509_HDR_0007,local\LULO4\LuoJia1-01_LR201808156618_20180814163509_HDR_0007_meta.xml,local\LULO4\LuoJia1-01_LR201808156618_20180814163509_HDR_0007_gec.tif,hf://buckets/cbernegger/LULO4/LuoJia1-01_LR201808156618_20180814163509_HDR_0007_meta.xml,hf://buckets/cbernegger/LULO4/LuoJia1-01_LR201808156618_20180814163509_HDR_0007_gec.tif,82.574111,29.196009,85.970806,31.752959,84.327094,30.50387,2018-8-14T16:34:57.2106
LuoJia1-01_LR201808156618_20180814163514_HDR_0008,local\LULO4\LuoJia1-01_LR201808156618_20180814163514_HDR_0008_meta.xml,local\LULO4\LuoJia1-01_LR201808156618_20180814163514_HDR_0008_gec.tif,hf://buckets/cbernegger/LULO4/LuoJia1-01_LR201808156618_20180814163514_HDR_0008_meta.xml,hf://buckets/cbernegger/LULO4/LuoJia1-01_LR201808156618_20180814163514_HDR_0008_gec.tif,82.48667,29.500053,85.896203,32.06081,84.245738,30.808666,2018-8-14T16:35:2.21554
LuoJia1-01_LR201808156618_20180814163519_HDR_0009,local\LULO4\LuoJia1-01_LR201808156618_20180814163519_HDR_0009_meta.xml,local\LULO4\LuoJia1-01_LR201808156618_20180814163519_HDR_0009_gec.tif,hf://buckets/cbernegger/LULO4/LuoJia1-01_LR201808156618_20180814163519_HDR_0009_meta.xml,hf://buckets/cbernegger/LULO4/LuoJia1-01_LR201808156618_20180814163519_HDR_0009_gec.tif,82.397033,29.804843,85.819806,32.365182,84.163505,31.113583,2018-8-14T16:35:7.22040
LuoJia1-01_LR201808156618_20180814163525_HDR_0010,local\LULO4\LuoJia1-01_LR201808156618_20180814163525_HDR_0010_meta.xml,local\LULO4\LuoJia1-01_LR201808156618_20180814163525_HDR_0010_gec.tif,hf://buckets/cbernegger/LULO4/LuoJia1-01_LR201808156618_20180814163525_HDR_0010_meta.xml,hf://buckets/cbernegger/LULO4/LuoJia1-01_LR201808156618_20180814163525_HDR_0010_gec.tif,82.308219,30.109984,85.744333,32.669758,84.081627,31.418882,2018-8-14T16:35:12.2252
LuoJia1-01_LR201808156618_20180814163529_HDR_0011,local\LULO4\LuoJia1-01_LR201808156618_20180814163529_HDR_0011_meta.xml,local\LULO4\LuoJia1-01_LR201808156618_20180814163529_HDR_0011_gec.tif,hf://buckets/cbernegger/LULO4/LuoJia1-01_LR201808156618_20180814163529_HDR_0011_meta.xml,hf://buckets/cbernegger/LULO4/LuoJia1-01_LR201808156618_20180814163529_HDR_0011_gec.tif,82.218286,30.41426,85.669249,32.976385,84.000144,31.723807,2018-8-14T16:35:17.2301
LuoJia1-01_LR201808156618_20180814163534_HDR_0012,local\LULO4\LuoJia1-01_LR201808156618_20180814163534_HDR_0012_meta.xml,local\LULO4\LuoJia1-01_LR201808156618_20180814163534_HDR_0012_gec.tif,hf://buckets/cbernegger/LULO4/LuoJia1-01_LR201808156618_20180814163534_HDR_0012_meta.xml,hf://buckets/cbernegger/LULO4/LuoJia1-01_LR201808156618_20180814163534_HDR_0012_gec.tif,82.126709,30.720045,85.593132,33.280893,83.917479,32.02868,2018-8-14T16:35:22.2349
LuoJia1-01_LR201808156618_20180814163540_HDR_0013,local\LULO4\LuoJia1-01_LR201808156618_20180814163540_HDR_0013_meta.xml,local\LULO4\LuoJia1-01_LR201808156618_20180814163540_HDR_0013_gec.tif,hf://buckets/cbernegger/LULO4/LuoJia1-01_LR201808156618_20180814163540_HDR_0013_meta.xml,hf://buckets/cbernegger/LULO4/LuoJia1-01_LR201808156618_20180814163540_HDR_0013_gec.tif,82.041427,31.021768,85.516148,33.586629,83.835031,32.333032,2018-8-14T16:35:27.2398
LuoJia1-01_LR201808156618_20180814163545_HDR_0014,local\LULO4\LuoJia1-01_LR201808156618_20180814163545_HDR_0014_meta.xml,local\LULO4\LuoJia1-01_LR201808156618_20180814163545_HDR_0014_gec.tif,hf://buckets/cbernegger/LULO4/LuoJia1-01_LR201808156618_20180814163545_HDR_0014_meta.xml,hf://buckets/cbernegger/LULO4/LuoJia1-01_LR201808156618_20180814163545_HDR_0014_gec.tif,81.955099,31.324431,85.440496,33.891836,83.75351,32.637096,2018-8-14T16:35:32.2447
LuoJia1-01_LR201808156618_20180814163550_HDR_0015,local\LULO4\LuoJia1-01_LR201808156618_20180814163550_HDR_0015_meta.xml,local\LULO4\LuoJia1-01_LR201808156618_20180814163550_HDR_0015_gec.tif,hf://buckets/cbernegger/LULO4/LuoJia1-01_LR201808156618_20180814163550_HDR_0015_meta.xml,hf://buckets/cbernegger/LULO4/LuoJia1-01_LR201808156618_20180814163550_HDR_0015_gec.tif,81.858716,31.629467,85.364993,34.196275,83.669561,32.942371,2018-8-14T16:35:37.2495
LuoJia1-01_LR201808156618_20180814163554_HDR_0016,local\LULO4\LuoJia1-01_LR201808156618_20180814163554_HDR_0016_meta.xml,local\LULO4\LuoJia1-01_LR201808156618_20180814163554_HDR_0016_gec.tif,hf://buckets/cbernegger/LULO4/LuoJia1-01_LR201808156618_20180814163554_HDR_0016_meta.xml,hf://buckets/cbernegger/LULO4/LuoJia1-01_LR201808156618_20180814163554_HDR_0016_gec.tif,81.767329,31.933665,85.285345,34.501843,83.583855,33.245835,2018-8-14T16:35:42.2544
LuoJia1-01_LR201808156618_20180814163600_HDR_0017,local\LULO4\LuoJia1-01_LR201808156618_20180814163600_HDR_0017_meta.xml,local\LULO4\LuoJia1-01_LR201808156618_20180814163600_HDR_0017_gec.tif,hf://buckets/cbernegger/LULO4/LuoJia1-01_LR201808156618_20180814163600_HDR_0017_meta.xml,hf://buckets/cbernegger/LULO4/LuoJia1-01_LR201808156618_20180814163600_HDR_0017_gec.tif,81.67468,32.23183,85.20555,34.804599,83.499012,33.548326,2018-8-14T16:35:47.2593
LuoJia1-01_LR201808156618_20180814163605_HDR_0018,local\LULO4\LuoJia1-01_LR201808156618_20180814163605_HDR_0018_meta.xml,local\LULO4\LuoJia1-01_LR201808156618_20180814163605_HDR_0018_gec.tif,hf://buckets/cbernegger/LULO4/LuoJia1-01_LR201808156618_20180814163605_HDR_0018_meta.xml,hf://buckets/cbernegger/LULO4/LuoJia1-01_LR201808156618_20180814163605_HDR_0018_gec.tif,81.580044,32.53228,85.127141,35.10769,83.412949,33.850479,2018-8-14T16:35:52.2642
LuoJia1-01_LR201808156618_20180814163610_HDR_0019,local\LULO4\LuoJia1-01_LR201808156618_20180814163610_HDR_0019_meta.xml,local\LULO4\LuoJia1-01_LR201808156618_20180814163610_HDR_0019_gec.tif,hf://buckets/cbernegger/LULO4/LuoJia1-01_LR201808156618_20180814163610_HDR_0019_meta.xml,hf://buckets/cbernegger/LULO4/LuoJia1-01_LR201808156618_20180814163610_HDR_0019_gec.tif,81.484132,32.836339,85.04665,35.410472,83.324067,34.153621,2018-8-14T16:35:57.2690
LuoJia1-01_LR201808156618_20180814163614_HDR_0020,local\LULO4\LuoJia1-01_LR201808156618_20180814163614_HDR_0020_meta.xml,local\LULO4\LuoJia1-01_LR201808156618_20180814163614_HDR_0020_gec.tif,hf://buckets/cbernegger/LULO4/LuoJia1-01_LR201808156618_20180814163614_HDR_0020_meta.xml,hf://buckets/cbernegger/LULO4/LuoJia1-01_LR201808156618_20180814163614_HDR_0020_gec.tif,81.390912,33.14518,84.963344,35.716084,83.236755,34.460994,2018-8-14T16:36:2.27394
LuoJia1-01_LR201808156618_20180814163620_HDR_0021,local\LULO4\LuoJia1-01_LR201808156618_20180814163620_HDR_0021_meta.xml,local\LULO4\LuoJia1-01_LR201808156618_20180814163620_HDR_0021_gec.tif,hf://buckets/cbernegger/LULO4/LuoJia1-01_LR201808156618_20180814163620_HDR_0021_meta.xml,hf://buckets/cbernegger/LULO4/LuoJia1-01_LR201808156618_20180814163620_HDR_0021_gec.tif,81.295213,33.454984,84.884296,36.02489,83.150883,34.769653,2018-8-14T16:36:7.27881
LuoJia1-01_LR201808156618_20180814163625_HDR_0022,local\LULO4\LuoJia1-01_LR201808156618_20180814163625_HDR_0022_meta.xml,local\LULO4\LuoJia1-01_LR201808156618_20180814163625_HDR_0022_gec.tif,hf://buckets/cbernegger/LULO4/LuoJia1-01_LR201808156618_20180814163625_HDR_0022_meta.xml,hf://buckets/cbernegger/LULO4/LuoJia1-01_LR201808156618_20180814163625_HDR_0022_gec.tif,81.195988,33.757785,84.805188,36.334352,83.063924,35.075923,2018-8-14T16:36:12.2836
LuoJia1-01_LR201808156618_20180814163630_HDR_0023,local\LULO4\LuoJia1-01_LR201808156618_20180814163630_HDR_0023_meta.xml,local\LULO4\LuoJia1-01_LR201808156618_20180814163630_HDR_0023_gec.tif,hf://buckets/cbernegger/LULO4/LuoJia1-01_LR201808156618_20180814163630_HDR_0023_meta.xml,hf://buckets/cbernegger/LULO4/LuoJia1-01_LR201808156618_20180814163630_HDR_0023_gec.tif,81.096821,34.059232,84.723895,36.640224,82.979147,35.378667,2018-8-14T16:36:17.2885
LuoJia1-01_LR201808156618_20180814163635_HDR_0024,local\LULO4\LuoJia1-01_LR201808156618_20180814163635_HDR_0024_meta.xml,local\LULO4\LuoJia1-01_LR201808156618_20180814163635_HDR_0024_gec.tif,hf://buckets/cbernegger/LULO4/LuoJia1-01_LR201808156618_20180814163635_HDR_0024_meta.xml,hf://buckets/cbernegger/LULO4/LuoJia1-01_LR201808156618_20180814163635_HDR_0024_gec.tif,81.000694,34.364145,84.649141,36.946919,82.895142,35.682099,2018-8-14T16:36:22.2934
LuoJia1-01_LR201808156618_20180814163640_HDR_0025,local\LULO4\LuoJia1-01_LR201808156618_20180814163640_HDR_0025_meta.xml,local\LULO4\LuoJia1-01_LR201808156618_20180814163640_HDR_0025_gec.tif,hf://buckets/cbernegger/LULO4/LuoJia1-01_LR201808156618_20180814163640_HDR_0025_meta.xml,hf://buckets/cbernegger/LULO4/LuoJia1-01_LR201808156618_20180814163640_HDR_0025_gec.tif,80.89074,34.668214,84.56972,37.254327,82.80119,35.987251,2018-8-14T16:36:27.2982
LuoJia1-01_LR201808156618_20180814163645_HDR_0026,local\LULO4\LuoJia1-01_LR201808156618_20180814163645_HDR_0026_meta.xml,local\LULO4\LuoJia1-01_LR201808156618_20180814163645_HDR_0026_gec.tif,hf://buckets/cbernegger/LULO4/LuoJia1-01_LR201808156618_20180814163645_HDR_0026_meta.xml,hf://buckets/cbernegger/LULO4/LuoJia1-01_LR201808156618_20180814163645_HDR_0026_gec.tif,80.789933,34.973866,84.478186,37.561197,82.705789,36.293561,2018-8-14T16:36:32.3023
LuoJia1-01_LR201808156618_20180814163650_HDR_0027,local\LULO4\LuoJia1-01_LR201808156618_20180814163650_HDR_0027_meta.xml,local\LULO4\LuoJia1-01_LR201808156618_20180814163650_HDR_0027_gec.tif,hf://buckets/cbernegger/LULO4/LuoJia1-01_LR201808156618_20180814163650_HDR_0027_meta.xml,hf://buckets/cbernegger/LULO4/LuoJia1-01_LR201808156618_20180814163650_HDR_0027_gec.tif,80.697024,35.28229,84.394484,37.869423,82.615719,36.599752,2018-8-14T16:36:37.3080
LuoJia1-01_LR201808156618_20180814163655_HDR_0028,local\LULO4\LuoJia1-01_LR201808156618_20180814163655_HDR_0028_meta.xml,local\LULO4\LuoJia1-01_LR201808156618_20180814163655_HDR_0028_gec.tif,hf://buckets/cbernegger/LULO4/LuoJia1-01_LR201808156618_20180814163655_HDR_0028_meta.xml,hf://buckets/cbernegger/LULO4/LuoJia1-01_LR201808156618_20180814163655_HDR_0028_gec.tif,80.597301,35.585232,84.316814,38.176476,82.526408,36.905618,2018-8-14T16:36:42.3129
LuoJia1-01_LR201808156618_20180814163700_HDR_0029,local\LULO4\LuoJia1-01_LR201808156618_20180814163700_HDR_0029_meta.xml,local\LULO4\LuoJia1-01_LR201808156618_20180814163700_HDR_0029_gec.tif,hf://buckets/cbernegger/LULO4/LuoJia1-01_LR201808156618_20180814163700_HDR_0029_meta.xml,hf://buckets/cbernegger/LULO4/LuoJia1-01_LR201808156618_20180814163700_HDR_0029_gec.tif,80.500958,35.887538,84.233974,38.483112,82.437279,37.20977,2018-8-14T16:36:47.3177
LuoJia1-01_LR201808156618_20180814163705_HDR_0030,local\LULO4\LuoJia1-01_LR201808156618_20180814163705_HDR_0030_meta.xml,local\LULO4\LuoJia1-01_LR201808156618_20180814163705_HDR_0030_gec.tif,hf://buckets/cbernegger/LULO4/LuoJia1-01_LR201808156618_20180814163705_HDR_0030_meta.xml,hf://buckets/cbernegger/LULO4/LuoJia1-01_LR201808156618_20180814163705_HDR_0030_gec.tif,80.396039,36.185083,84.154149,38.787042,82.345316,37.513911,2018-8-14T16:36:52.3226
LuoJia1-01_LR201808156618_20180814163710_HDR_0031,local\LULO4\LuoJia1-01_LR201808156618_20180814163710_HDR_0031_meta.xml,local\LULO4\LuoJia1-01_LR201808156618_20180814163710_HDR_0031_gec.tif,hf://buckets/cbernegger/LULO4/LuoJia1-01_LR201808156618_20180814163710_HDR_0031_meta.xml,hf://buckets/cbernegger/LULO4/LuoJia1-01_LR201808156618_20180814163710_HDR_0031_gec.tif,80.293468,36.487185,84.068219,39.093151,82.250998,37.819154,2018-8-14T16:36:57.3272
LuoJia1-01_LR201808156618_20180814163715_HDR_0032,local\LULO4\LuoJia1-01_LR201808156618_20180814163715_HDR_0032_meta.xml,local\LULO4\LuoJia1-01_LR201808156618_20180814163715_HDR_0032_gec.tif,hf://buckets/cbernegger/LULO4/LuoJia1-01_LR201808156618_20180814163715_HDR_0032_meta.xml,hf://buckets/cbernegger/LULO4/LuoJia1-01_LR201808156618_20180814163715_HDR_0032_gec.tif,80.190246,36.787042,83.987024,39.398865,82.15711,38.122443,2018-8-14T16:37:2.33241
LuoJia1-01_LR201808156618_20180814163720_HDR_0033,local\LULO4\LuoJia1-01_LR201808156618_20180814163720_HDR_0033_meta.xml,local\LULO4\LuoJia1-01_LR201808156618_20180814163720_HDR_0033_gec.tif,hf://buckets/cbernegger/LULO4/LuoJia1-01_LR201808156618_20180814163720_HDR_0033_meta.xml,hf://buckets/cbernegger/LULO4/LuoJia1-01_LR201808156618_20180814163720_HDR_0033_gec.tif,80.086258,37.088991,83.902534,39.701406,82.062777,38.424993,2018-8-14T16:37:7.33728
LuoJia1-01_LR201808156618_20180814163725_HDR_0034,local\LULO4\LuoJia1-01_LR201808156618_20180814163725_HDR_0034_meta.xml,local\LULO4\LuoJia1-01_LR201808156618_20180814163725_HDR_0034_gec.tif,hf://buckets/cbernegger/LULO4/LuoJia1-01_LR201808156618_20180814163725_HDR_0034_meta.xml,hf://buckets/cbernegger/LULO4/LuoJia1-01_LR201808156618_20180814163725_HDR_0034_gec.tif,79.983809,37.392369,83.816604,40.005363,81.969072,38.728636,2018-8-14T16:37:12.3421
LuoJia1-01_LR201808156618_20180814163730_HDR_0035,local\LULO4\LuoJia1-01_LR201808156618_20180814163730_HDR_0035_meta.xml,local\LULO4\LuoJia1-01_LR201808156618_20180814163730_HDR_0035_gec.tif,hf://buckets/cbernegger/LULO4/LuoJia1-01_LR201808156618_20180814163730_HDR_0035_meta.xml,hf://buckets/cbernegger/LULO4/LuoJia1-01_LR201808156618_20180814163730_HDR_0035_gec.tif,79.881163,37.69758,83.732153,40.31025,81.876058,39.033674,2018-8-14T16:37:17.3470
LuoJia1-01_LR201808156618_20180814163735_HDR_0036,local\LULO4\LuoJia1-01_LR201808156618_20180814163735_HDR_0036_meta.xml,local\LULO4\LuoJia1-01_LR201808156618_20180814163735_HDR_0036_gec.tif,hf://buckets/cbernegger/LULO4/LuoJia1-01_LR201808156618_20180814163735_HDR_0036_meta.xml,hf://buckets/cbernegger/LULO4/LuoJia1-01_LR201808156618_20180814163735_HDR_0036_gec.tif,79.776349,38.002225,83.647606,40.616781,81.782047,39.339256,2018-8-14T16:37:22.3519
LuoJia1-01_LR201808156618_20180814163740_HDR_0037,local\LULO4\LuoJia1-01_LR201808156618_20180814163740_HDR_0037_meta.xml,local\LULO4\LuoJia1-01_LR201808156618_20180814163740_HDR_0037_gec.tif,hf://buckets/cbernegger/LULO4/LuoJia1-01_LR201808156618_20180814163740_HDR_0037_meta.xml,hf://buckets/cbernegger/LULO4/LuoJia1-01_LR201808156618_20180814163740_HDR_0037_gec.tif,79.667269,38.30482,83.561221,40.922781,81.684712,39.643637,2018-8-14T16:37:27.3567
LuoJia1-01_LR201808156618_20180814163745_HDR_0038,local\LULO4\LuoJia1-01_LR201808156618_20180814163745_HDR_0038_meta.xml,local\LULO4\LuoJia1-01_LR201808156618_20180814163745_HDR_0038_gec.tif,hf://buckets/cbernegger/LULO4/LuoJia1-01_LR201808156618_20180814163745_HDR_0038_meta.xml,hf://buckets/cbernegger/LULO4/LuoJia1-01_LR201808156618_20180814163745_HDR_0038_gec.tif,79.563416,38.606877,83.471172,41.226985,81.586806,39.946913,2018-8-14T16:37:32.3616
LuoJia1-01_LR201808156618_20180814163750_HDR_0039,local\LULO4\LuoJia1-01_LR201808156618_20180814163750_HDR_0039_meta.xml,local\LULO4\LuoJia1-01_LR201808156618_20180814163750_HDR_0039_gec.tif,hf://buckets/cbernegger/LULO4/LuoJia1-01_LR201808156618_20180814163750_HDR_0039_meta.xml,hf://buckets/cbernegger/LULO4/LuoJia1-01_LR201808156618_20180814163750_HDR_0039_gec.tif,79.453547,38.909649,83.383411,41.530887,81.489821,40.250414,2018-8-14T16:37:37.3665
LuoJia1-01_LR201808156618_20180814163755_HDR_0040,local\LULO4\LuoJia1-01_LR201808156618_20180814163755_HDR_0040_meta.xml,local\LULO4\LuoJia1-01_LR201808156618_20180814163755_HDR_0040_gec.tif,hf://buckets/cbernegger/LULO4/LuoJia1-01_LR201808156618_20180814163755_HDR_0040_meta.xml,hf://buckets/cbernegger/LULO4/LuoJia1-01_LR201808156618_20180814163755_HDR_0040_gec.tif,79.346034,39.211665,83.29575,41.834856,81.391318,40.553836,2018-8-14T16:37:42.3714
LuoJia1-01_LR201808156618_20180814163800_HDR_0041,local\LULO4\LuoJia1-01_LR201808156618_20180814163800_HDR_0041_meta.xml,local\LULO4\LuoJia1-01_LR201808156618_20180814163800_HDR_0041_gec.tif,hf://buckets/cbernegger/LULO4/LuoJia1-01_LR201808156618_20180814163800_HDR_0041_meta.xml,hf://buckets/cbernegger/LULO4/LuoJia1-01_LR201808156618_20180814163800_HDR_0041_gec.tif,79.244033,39.512396,83.205628,42.137348,81.292455,40.856235,2018-8-14T16:37:47.3763
LuoJia1-01_LR201808156618_20180814163805_HDR_0042,local\LULO4\LuoJia1-01_LR201808156618_20180814163805_HDR_0042_meta.xml,local\LULO4\LuoJia1-01_LR201808156618_20180814163805_HDR_0042_gec.tif,hf://buckets/cbernegger/LULO4/LuoJia1-01_LR201808156618_20180814163805_HDR_0042_meta.xml,hf://buckets/cbernegger/LULO4/LuoJia1-01_LR201808156618_20180814163805_HDR_0042_gec.tif,79.129482,39.813442,83.116527,42.436344,81.190227,41.158524,2018-8-14T16:37:52.3806
LuoJia1-01_LR201808156618_20180814163810_HDR_0043,local\LULO4\LuoJia1-01_LR201808156618_20180814163810_HDR_0043_meta.xml,local\LULO4\LuoJia1-01_LR201808156618_20180814163810_HDR_0043_gec.tif,hf://buckets/cbernegger/LULO4/LuoJia1-01_LR201808156618_20180814163810_HDR_0043_meta.xml,hf://buckets/cbernegger/LULO4/LuoJia1-01_LR201808156618_20180814163810_HDR_0043_gec.tif,79.014695,40.113835,83.021401,42.739698,81.086984,41.460503,2018-8-14T16:37:57.3860
LuoJia1-01_LR201808156618_20180814163815_HDR_0044,local\LULO4\LuoJia1-01_LR201808156618_20180814163815_HDR_0044_meta.xml,local\LULO4\LuoJia1-01_LR201808156618_20180814163815_HDR_0044_gec.tif,hf://buckets/cbernegger/LULO4/LuoJia1-01_LR201808156618_20180814163815_HDR_0044_meta.xml,hf://buckets/cbernegger/LULO4/LuoJia1-01_LR201808156618_20180814163815_HDR_0044_gec.tif,78.89933,40.414427,82.928491,43.044021,80.987052,41.762077,2018-8-14T16:38:2.39094
LuoJia1-01_LR201808156618_20180814163820_HDR_0045,local\LULO4\LuoJia1-01_LR201808156618_20180814163820_HDR_0045_meta.xml,local\LULO4\LuoJia1-01_LR201808156618_20180814163820_HDR_0045_gec.tif,hf://buckets/cbernegger/LULO4/LuoJia1-01_LR201808156618_20180814163820_HDR_0045_meta.xml,hf://buckets/cbernegger/LULO4/LuoJia1-01_LR201808156618_20180814163820_HDR_0045_gec.tif,78.785479,40.715409,82.839366,43.34684,80.888561,42.06382,2018-8-14T16:38:7.39582
LuoJia1-01_LR201808156618_20180814163825_HDR_0046,local\LULO4\LuoJia1-01_LR201808156618_20180814163825_HDR_0046_meta.xml,local\LULO4\LuoJia1-01_LR201808156618_20180814163825_HDR_0046_gec.tif,hf://buckets/cbernegger/LULO4/LuoJia1-01_LR201808156618_20180814163825_HDR_0046_meta.xml,hf://buckets/cbernegger/LULO4/LuoJia1-01_LR201808156618_20180814163825_HDR_0046_gec.tif,78.671256,41.018096,82.748623,43.65264,80.787892,42.36596,2018-8-14T16:38:12.4007
LuoJia1-01_LR201808156618_20180814163830_HDR_0047,local\LULO4\LuoJia1-01_LR201808156618_20180814163830_HDR_0047_meta.xml,local\LULO4\LuoJia1-01_LR201808156618_20180814163830_HDR_0047_gec.tif,hf://buckets/cbernegger/LULO4/LuoJia1-01_LR201808156618_20180814163830_HDR_0047_meta.xml,hf://buckets/cbernegger/LULO4/LuoJia1-01_LR201808156618_20180814163830_HDR_0047_gec.tif,78.554869,41.321403,82.657198,43.955362,80.685526,42.669423,2018-8-14T16:38:17.4055
LuoJia1-01_LR201808156618_20180814163835_HDR_0048,local\LULO4\LuoJia1-01_LR201808156618_20180814163835_HDR_0048_meta.xml,local\LULO4\LuoJia1-01_LR201808156618_20180814163835_HDR_0048_gec.tif,hf://buckets/cbernegger/LULO4/LuoJia1-01_LR201808156618_20180814163835_HDR_0048_meta.xml,hf://buckets/cbernegger/LULO4/LuoJia1-01_LR201808156618_20180814163835_HDR_0048_gec.tif,78.435088,41.629306,82.566241,44.259,80.580565,42.974618,2018-8-14T16:38:22.4104
LuoJia1-01_LR201808156618_20180814163905_HDR_0054,local\LULO4\LuoJia1-01_LR201808156618_20180814163905_HDR_0054_meta.xml,local\LULO4\LuoJia1-01_LR201808156618_20180814163905_HDR_0054_gec.tif,hf://buckets/cbernegger/LULO4/LuoJia1-01_LR201808156618_20180814163905_HDR_0054_meta.xml,hf://buckets/cbernegger/LULO4/LuoJia1-01_LR201808156618_20180814163905_HDR_0054_gec.tif,78.445071,43.337381,82.294977,45.811176,80.389559,44.598089,2018-8-14T16:38:52.4397
LuoJia1-01_LR201808156618_20180814163915_HDR_0056,local\LULO4\LuoJia1-01_LR201808156618_20180814163915_HDR_0056_meta.xml,local\LULO4\LuoJia1-01_LR201808156618_20180814163915_HDR_0056_gec.tif,hf://buckets/cbernegger/LULO4/LuoJia1-01_LR201808156618_20180814163915_HDR_0056_meta.xml,hf://buckets/cbernegger/LULO4/LuoJia1-01_LR201808156618_20180814163915_HDR_0056_gec.tif,78.333141,43.925376,82.209259,46.306911,80.296312,45.150226,2018-8-14T16:39:2.44951
LuoJia1-01_LR201808156618_20180814163920_HDR_0057,local\LULO4\LuoJia1-01_LR201808156618_20180814163920_HDR_0057_meta.xml,local\LULO4\LuoJia1-01_LR201808156618_20180814163920_HDR_0057_gec.tif,hf://buckets/cbernegger/LULO4/LuoJia1-01_LR201808156618_20180814163920_HDR_0057_meta.xml,hf://buckets/cbernegger/LULO4/LuoJia1-01_LR201808156618_20180814163920_HDR_0057_gec.tif,78.198892,44.228019,82.11087,46.605938,80.18354,45.451338,2018-8-14T16:39:7.45440
LuoJia1-01_LR201808156618_20180814163925_HDR_0058,local\LULO4\LuoJia1-01_LR201808156618_20180814163925_HDR_0058_meta.xml,local\LULO4\LuoJia1-01_LR201808156618_20180814163925_HDR_0058_gec.tif,hf://buckets/cbernegger/LULO4/LuoJia1-01_LR201808156618_20180814163925_HDR_0058_meta.xml,hf://buckets/cbernegger/LULO4/LuoJia1-01_LR201808156618_20180814163925_HDR_0058_gec.tif,78.063597,44.529853,82.006989,46.912743,80.064175,45.755118,2018-8-14T16:39:12.4592
LuoJia1-01_LR201808163350_20180815134514_HDR_0000,local\LULO4\LuoJia1-01_LR201808163350_20180815134514_HDR_0000_meta.xml,local\LULO4\LuoJia1-01_LR201808163350_20180815134514_HDR_0000_gec.tif,hf://buckets/cbernegger/LULO4/LuoJia1-01_LR201808163350_20180815134514_HDR_0000_meta.xml,hf://buckets/cbernegger/LULO4/LuoJia1-01_LR201808163350_20180815134514_HDR_0000_gec.tif,125.169015,34.497451,128.789813,37.065416,126.960225,35.758712,2018-8-15T13:45:2.15974
LuoJia1-01_LR201808163350_20180815134519_HDR_0001,local\LULO4\LuoJia1-01_LR201808163350_20180815134519_HDR_0001_meta.xml,local\LULO4\LuoJia1-01_LR201808163350_20180815134519_HDR_0001_gec.tif,hf://buckets/cbernegger/LULO4/LuoJia1-01_LR201808163350_20180815134519_HDR_0001_meta.xml,hf://buckets/cbernegger/LULO4/LuoJia1-01_LR201808163350_20180815134519_HDR_0001_gec.tif,125.075894,34.802153,128.70972,37.367277,126.875081,36.062798,2018-8-15T13:45:7.16479
LuoJia1-01_LR201808163350_20180815134524_HDR_0002,local\LULO4\LuoJia1-01_LR201808163350_20180815134524_HDR_0002_meta.xml,local\LULO4\LuoJia1-01_LR201808163350_20180815134524_HDR_0002_gec.tif,hf://buckets/cbernegger/LULO4/LuoJia1-01_LR201808163350_20180815134524_HDR_0002_meta.xml,hf://buckets/cbernegger/LULO4/LuoJia1-01_LR201808163350_20180815134524_HDR_0002_gec.tif,124.979419,35.109102,128.631836,37.674471,126.787787,36.369501,2018-8-15T13:45:12.1687
LuoJia1-01_LR201808163350_20180815134529_HDR_0003,local\LULO4\LuoJia1-01_LR201808163350_20180815134529_HDR_0003_meta.xml,local\LULO4\LuoJia1-01_LR201808163350_20180815134529_HDR_0003_gec.tif,hf://buckets/cbernegger/LULO4/LuoJia1-01_LR201808163350_20180815134529_HDR_0003_meta.xml,hf://buckets/cbernegger/LULO4/LuoJia1-01_LR201808163350_20180815134529_HDR_0003_gec.tif,124.883771,35.417558,128.550333,37.982786,126.69979,36.677932,2018-8-15T13:45:17.1745
LuoJia1-01_LR201808163350_20180815134534_HDR_0004,local\LULO4\LuoJia1-01_LR201808163350_20180815134534_HDR_0004_meta.xml,local\LULO4\LuoJia1-01_LR201808163350_20180815134534_HDR_0004_gec.tif,hf://buckets/cbernegger/LULO4/LuoJia1-01_LR201808163350_20180815134534_HDR_0004_meta.xml,hf://buckets/cbernegger/LULO4/LuoJia1-01_LR201808163350_20180815134534_HDR_0004_gec.tif,124.791518,35.726335,128.471397,38.292124,126.614364,36.987295,2018-8-15T13:45:22.1793
LuoJia1-01_LR201808163350_20180815134539_HDR_0005,local\LULO4\LuoJia1-01_LR201808163350_20180815134539_HDR_0005_meta.xml,local\LULO4\LuoJia1-01_LR201808163350_20180815134539_HDR_0005_gec.tif,hf://buckets/cbernegger/LULO4/LuoJia1-01_LR201808163350_20180815134539_HDR_0005_meta.xml,hf://buckets/cbernegger/LULO4/LuoJia1-01_LR201808163350_20180815134539_HDR_0005_gec.tif,124.700665,36.032754,128.39533,38.602972,126.531748,37.295612,2018-8-15T13:45:27.1842
LuoJia1-01_LR201808163350_20180815134544_HDR_0006,local\LULO4\LuoJia1-01_LR201808163350_20180815134544_HDR_0006_meta.xml,local\LULO4\LuoJia1-01_LR201808163350_20180815134544_HDR_0006_gec.tif,hf://buckets/cbernegger/LULO4/LuoJia1-01_LR201808163350_20180815134544_HDR_0006_meta.xml,hf://buckets/cbernegger/LULO4/LuoJia1-01_LR201808163350_20180815134544_HDR_0006_gec.tif,124.608408,36.335602,128.321539,38.910685,126.448269,37.600639,2018-8-15T13:45:32.1890
LuoJia1-01_LR201808163350_20180815134549_HDR_0007,local\LULO4\LuoJia1-01_LR201808163350_20180815134549_HDR_0007_meta.xml,local\LULO4\LuoJia1-01_LR201808163350_20180815134549_HDR_0007_gec.tif,hf://buckets/cbernegger/LULO4/LuoJia1-01_LR201808163350_20180815134549_HDR_0007_meta.xml,hf://buckets/cbernegger/LULO4/LuoJia1-01_LR201808163350_20180815134549_HDR_0007_gec.tif,124.515559,36.637431,128.243878,39.216061,126.36418,37.903189,2018-8-15T13:45:37.1939
LuoJia1-01_LR201808163350_20180815134554_HDR_0008,local\LULO4\LuoJia1-01_LR201808163350_20180815134554_HDR_0008_meta.xml,local\LULO4\LuoJia1-01_LR201808163350_20180815134554_HDR_0008_gec.tif,hf://buckets/cbernegger/LULO4/LuoJia1-01_LR201808163350_20180815134554_HDR_0008_meta.xml,hf://buckets/cbernegger/LULO4/LuoJia1-01_LR201808163350_20180815134554_HDR_0008_gec.tif,124.419984,36.940826,128.169514,39.518942,126.278867,38.206684,2018-8-15T13:45:42.1978
LuoJia1-01_LR201808163350_20180815134559_HDR_0009,local\LULO4\LuoJia1-01_LR201808163350_20180815134559_HDR_0009_meta.xml,local\LULO4\LuoJia1-01_LR201808163350_20180815134559_HDR_0009_gec.tif,hf://buckets/cbernegger/LULO4/LuoJia1-01_LR201808163350_20180815134559_HDR_0009_meta.xml,hf://buckets/cbernegger/LULO4/LuoJia1-01_LR201808163350_20180815134559_HDR_0009_gec.tif,124.319986,37.244561,128.091204,39.824018,126.189249,38.511241,2018-8-15T13:45:47.2035
LuoJia1-01_LR201808163350_20180815134605_HDR_0010,local\LULO4\LuoJia1-01_LR201808163350_20180815134605_HDR_0010_meta.xml,local\LULO4\LuoJia1-01_LR201808163350_20180815134605_HDR_0010_gec.tif,hf://buckets/cbernegger/LULO4/LuoJia1-01_LR201808163350_20180815134605_HDR_0010_meta.xml,hf://buckets/cbernegger/LULO4/LuoJia1-01_LR201808163350_20180815134605_HDR_0010_gec.tif,124.216505,37.545959,128.008339,40.128205,126.095916,38.814501,2018-8-15T13:45:52.2084
LuoJia1-01_LR201808163350_20180815134609_HDR_0011,local\LULO4\LuoJia1-01_LR201808163350_20180815134609_HDR_0011_meta.xml,local\LULO4\LuoJia1-01_LR201808163350_20180815134609_HDR_0011_gec.tif,hf://buckets/cbernegger/LULO4/LuoJia1-01_LR201808163350_20180815134609_HDR_0011_meta.xml,hf://buckets/cbernegger/LULO4/LuoJia1-01_LR201808163350_20180815134609_HDR_0011_gec.tif,124.115971,37.848316,127.920536,40.428446,126.002871,39.117052,2018-8-15T13:45:57.2133
LuoJia1-01_LR201808163350_20180815134614_HDR_0012,local\LULO4\LuoJia1-01_LR201808163350_20180815134614_HDR_0012_meta.xml,local\LULO4\LuoJia1-01_LR201808163350_20180815134614_HDR_0012_gec.tif,hf://buckets/cbernegger/LULO4/LuoJia1-01_LR201808163350_20180815134614_HDR_0012_meta.xml,hf://buckets/cbernegger/LULO4/LuoJia1-01_LR201808163350_20180815134614_HDR_0012_gec.tif,124.017475,38.152099,127.838089,40.732241,125.912753,39.421161,2018-8-15T13:46:2.21824
LuoJia1-01_LR201808163350_20180815134619_HDR_0013,local\LULO4\LuoJia1-01_LR201808163350_20180815134619_HDR_0013_meta.xml,local\LULO4\LuoJia1-01_LR201808163350_20180815134619_HDR_0013_gec.tif,hf://buckets/cbernegger/LULO4/LuoJia1-01_LR201808163350_20180815134619_HDR_0013_meta.xml,hf://buckets/cbernegger/LULO4/LuoJia1-01_LR201808163350_20180815134619_HDR_0013_gec.tif,123.918315,38.454696,127.756636,41.035891,125.823388,39.724872,2018-8-15T13:46:7.22310
LuoJia1-01_LR201808163350_20180815134625_HDR_0014,local\LULO4\LuoJia1-01_LR201808163350_20180815134625_HDR_0014_meta.xml,local\LULO4\LuoJia1-01_LR201808163350_20180815134625_HDR_0014_gec.tif,hf://buckets/cbernegger/LULO4/LuoJia1-01_LR201808163350_20180815134625_HDR_0014_meta.xml,hf://buckets/cbernegger/LULO4/LuoJia1-01_LR201808163350_20180815134625_HDR_0014_gec.tif,123.813402,38.75955,127.67684,41.342433,125.730624,40.030025,2018-8-15T13:46:12.2279
LuoJia1-01_LR201808163350_20180815134629_HDR_0015,local\LULO4\LuoJia1-01_LR201808163350_20180815134629_HDR_0015_meta.xml,local\LULO4\LuoJia1-01_LR201808163350_20180815134629_HDR_0015_gec.tif,hf://buckets/cbernegger/LULO4/LuoJia1-01_LR201808163350_20180815134629_HDR_0015_meta.xml,hf://buckets/cbernegger/LULO4/LuoJia1-01_LR201808163350_20180815134629_HDR_0015_gec.tif,123.706356,39.062425,127.592183,41.648845,125.63233,40.334035,2018-8-15T13:46:17.2328
LuoJia1-01_LR201808163350_20180815134634_HDR_0016,local\LULO4\LuoJia1-01_LR201808163350_20180815134634_HDR_0016_meta.xml,local\LULO4\LuoJia1-01_LR201808163350_20180815134634_HDR_0016_gec.tif,hf://buckets/cbernegger/LULO4/LuoJia1-01_LR201808163350_20180815134634_HDR_0016_meta.xml,hf://buckets/cbernegger/LULO4/LuoJia1-01_LR201808163350_20180815134634_HDR_0016_gec.tif,123.604862,39.365982,127.503509,41.951866,125.539287,40.638035,2018-8-15T13:46:22.2369
LuoJia1-01_LR201808163350_20180815134640_HDR_0017,local\LULO4\LuoJia1-01_LR201808163350_20180815134640_HDR_0017_meta.xml,local\LULO4\LuoJia1-01_LR201808163350_20180815134640_HDR_0017_gec.tif,hf://buckets/cbernegger/LULO4/LuoJia1-01_LR201808163350_20180815134640_HDR_0017_meta.xml,hf://buckets/cbernegger/LULO4/LuoJia1-01_LR201808163350_20180815134640_HDR_0017_gec.tif,123.506406,39.670073,127.42159,42.256987,125.449216,40.942424,2018-8-15T13:46:27.2425
LuoJia1-01_LR201808163350_20180815134645_HDR_0018,local\LULO4\LuoJia1-01_LR201808163350_20180815134645_HDR_0018_meta.xml,local\LULO4\LuoJia1-01_LR201808163350_20180815134645_HDR_0018_gec.tif,hf://buckets/cbernegger/LULO4/LuoJia1-01_LR201808163350_20180815134645_HDR_0018_meta.xml,hf://buckets/cbernegger/LULO4/LuoJia1-01_LR201808163350_20180815134645_HDR_0018_gec.tif,123.404485,39.974801,127.340335,42.56337,125.359722,41.248365,2018-8-15T13:46:32.2468
LuoJia1-01_LR201808163350_20180815134649_HDR_0019,local\LULO4\LuoJia1-01_LR201808163350_20180815134649_HDR_0019_meta.xml,local\LULO4\LuoJia1-01_LR201808163350_20180815134649_HDR_0019_gec.tif,hf://buckets/cbernegger/LULO4/LuoJia1-01_LR201808163350_20180815134649_HDR_0019_meta.xml,hf://buckets/cbernegger/LULO4/LuoJia1-01_LR201808163350_20180815134649_HDR_0019_gec.tif,123.299394,40.275279,127.256608,42.870407,125.265442,41.550859,2018-8-15T13:46:37.2522
LuoJia1-01_LR201808163350_20180815134655_HDR_0020,local\LULO4\LuoJia1-01_LR201808163350_20180815134655_HDR_0020_meta.xml,local\LULO4\LuoJia1-01_LR201808163350_20180815134655_HDR_0020_gec.tif,hf://buckets/cbernegger/LULO4/LuoJia1-01_LR201808163350_20180815134655_HDR_0020_meta.xml,hf://buckets/cbernegger/LULO4/LuoJia1-01_LR201808163350_20180815134655_HDR_0020_gec.tif,123.195859,40.576083,127.172642,43.171276,125.171507,41.852166,2018-8-15T13:46:42.2571
LuoJia1-01_LR201808163350_20180815134700_HDR_0021,local\LULO4\LuoJia1-01_LR201808163350_20180815134700_HDR_0021_meta.xml,local\LULO4\LuoJia1-01_LR201808163350_20180815134700_HDR_0021_gec.tif,hf://buckets/cbernegger/LULO4/LuoJia1-01_LR201808163350_20180815134700_HDR_0021_meta.xml,hf://buckets/cbernegger/LULO4/LuoJia1-01_LR201808163350_20180815134700_HDR_0021_gec.tif,123.089221,40.880623,127.089417,43.474019,125.076458,42.15549,2018-8-15T13:46:47.2611
LuoJia1-01_LR201808163350_20180815134705_HDR_0022,local\LULO4\LuoJia1-01_LR201808163350_20180815134705_HDR_0022_meta.xml,local\LULO4\LuoJia1-01_LR201808163350_20180815134705_HDR_0022_gec.tif,hf://buckets/cbernegger/LULO4/LuoJia1-01_LR201808163350_20180815134705_HDR_0022_meta.xml,hf://buckets/cbernegger/LULO4/LuoJia1-01_LR201808163350_20180815134705_HDR_0022_gec.tif,122.987322,41.183531,127.004378,43.78011,124.98313,42.459785,2018-8-15T13:46:52.2669
LuoJia1-01_LR201808163350_20180815134710_HDR_0023,local\LULO4\LuoJia1-01_LR201808163350_20180815134710_HDR_0023_meta.xml,local\LULO4\LuoJia1-01_LR201808163350_20180815134710_HDR_0023_gec.tif,hf://buckets/cbernegger/LULO4/LuoJia1-01_LR201808163350_20180815134710_HDR_0023_meta.xml,hf://buckets/cbernegger/LULO4/LuoJia1-01_LR201808163350_20180815134710_HDR_0023_gec.tif,122.881816,41.485815,126.925312,44.084911,124.890503,42.763414,2018-8-15T13:46:57.2710
LuoJia1-01_LR201808163350_20180815134715_HDR_0024,local\LULO4\LuoJia1-01_LR201808163350_20180815134715_HDR_0024_meta.xml,local\LULO4\LuoJia1-01_LR201808163350_20180815134715_HDR_0024_gec.tif,hf://buckets/cbernegger/LULO4/LuoJia1-01_LR201808163350_20180815134715_HDR_0024_meta.xml,hf://buckets/cbernegger/LULO4/LuoJia1-01_LR201808163350_20180815134715_HDR_0024_gec.tif,122.770465,41.788933,126.840913,44.389665,124.79316,43.067291,2018-8-15T13:47:2.27664
LuoJia1-01_LR201808163350_20180815134720_HDR_0025,local\LULO4\LuoJia1-01_LR201808163350_20180815134720_HDR_0025_meta.xml,local\LULO4\LuoJia1-01_LR201808163350_20180815134720_HDR_0025_gec.tif,hf://buckets/cbernegger/LULO4/LuoJia1-01_LR201808163350_20180815134720_HDR_0025_meta.xml,hf://buckets/cbernegger/LULO4/LuoJia1-01_LR201808163350_20180815134720_HDR_0025_gec.tif,122.655983,42.094775,126.752678,44.694817,124.691009,43.373005,2018-8-15T13:47:7.28151
LuoJia1-01_LR201808163350_20180815134725_HDR_0026,local\LULO4\LuoJia1-01_LR201808163350_20180815134725_HDR_0026_meta.xml,local\LULO4\LuoJia1-01_LR201808163350_20180815134725_HDR_0026_gec.tif,hf://buckets/cbernegger/LULO4/LuoJia1-01_LR201808163350_20180815134725_HDR_0026_meta.xml,hf://buckets/cbernegger/LULO4/LuoJia1-01_LR201808163350_20180815134725_HDR_0026_gec.tif,122.552047,42.396323,126.660584,45.001792,124.594,43.676817,2018-8-15T13:47:12.2863
LuoJia1-01_LR201808163350_20180815134730_HDR_0027,local\LULO4\LuoJia1-01_LR201808163350_20180815134730_HDR_0027_meta.xml,local\LULO4\LuoJia1-01_LR201808163350_20180815134730_HDR_0027_gec.tif,hf://buckets/cbernegger/LULO4/LuoJia1-01_LR201808163350_20180815134730_HDR_0027_meta.xml,hf://buckets/cbernegger/LULO4/LuoJia1-01_LR201808163350_20180815134730_HDR_0027_gec.tif,122.44022,42.701506,126.580373,45.305002,124.497372,43.981206,2018-8-15T13:47:17.2912
LuoJia1-01_LR201808163350_20180815134735_HDR_0028,local\LULO4\LuoJia1-01_LR201808163350_20180815134735_HDR_0028_meta.xml,local\LULO4\LuoJia1-01_LR201808163350_20180815134735_HDR_0028_gec.tif,hf://buckets/cbernegger/LULO4/LuoJia1-01_LR201808163350_20180815134735_HDR_0028_meta.xml,hf://buckets/cbernegger/LULO4/LuoJia1-01_LR201808163350_20180815134735_HDR_0028_gec.tif,122.325137,43.003778,126.490875,45.612078,124.395672,44.285785,2018-8-15T13:47:22.2961
LuoJia1-01_LR201808163350_20180815134740_HDR_0029,local\LULO4\LuoJia1-01_LR201808163350_20180815134740_HDR_0029_meta.xml,local\LULO4\LuoJia1-01_LR201808163350_20180815134740_HDR_0029_gec.tif,hf://buckets/cbernegger/LULO4/LuoJia1-01_LR201808163350_20180815134740_HDR_0029_meta.xml,hf://buckets/cbernegger/LULO4/LuoJia1-01_LR201808163350_20180815134740_HDR_0029_gec.tif,122.208878,43.302034,126.39996,45.91553,124.292071,44.586858,2018-8-15T13:47:27.3009
LuoJia1-01_LR201808163350_20180815134745_HDR_0030,local\LULO4\LuoJia1-01_LR201808163350_20180815134745_HDR_0030_meta.xml,local\LULO4\LuoJia1-01_LR201808163350_20180815134745_HDR_0030_gec.tif,hf://buckets/cbernegger/LULO4/LuoJia1-01_LR201808163350_20180815134745_HDR_0030_meta.xml,hf://buckets/cbernegger/LULO4/LuoJia1-01_LR201808163350_20180815134745_HDR_0030_gec.tif,122.087847,43.601521,126.307875,46.215693,124.185477,44.88665,2018-8-15T13:47:32.3050
LuoJia1-01_LR201808163350_20180815134750_HDR_0031,local\LULO4\LuoJia1-01_LR201808163350_20180815134750_HDR_0031_meta.xml,local\LULO4\LuoJia1-01_LR201808163350_20180815134750_HDR_0031_gec.tif,hf://buckets/cbernegger/LULO4/LuoJia1-01_LR201808163350_20180815134750_HDR_0031_meta.xml,hf://buckets/cbernegger/LULO4/LuoJia1-01_LR201808163350_20180815134750_HDR_0031_gec.tif,121.963976,43.906772,126.210231,46.516927,124.07482,45.190626,2018-8-15T13:47:37.3107
LuoJia1-01_LR201808163350_20180815134755_HDR_0032,local\LULO4\LuoJia1-01_LR201808163350_20180815134755_HDR_0032_meta.xml,local\LULO4\LuoJia1-01_LR201808163350_20180815134755_HDR_0032_gec.tif,hf://buckets/cbernegger/LULO4/LuoJia1-01_LR201808163350_20180815134755_HDR_0032_meta.xml,hf://buckets/cbernegger/LULO4/LuoJia1-01_LR201808163350_20180815134755_HDR_0032_gec.tif,121.852176,44.20842,126.110942,46.823844,123.970318,45.494711,2018-8-15T13:47:42.3150
LuoJia1-01_LR201808163350_20180815134800_HDR_0033,local\LULO4\LuoJia1-01_LR201808163350_20180815134800_HDR_0033_meta.xml,local\LULO4\LuoJia1-01_LR201808163350_20180815134800_HDR_0033_gec.tif,hf://buckets/cbernegger/LULO4/LuoJia1-01_LR201808163350_20180815134800_HDR_0033_meta.xml,hf://buckets/cbernegger/LULO4/LuoJia1-01_LR201808163350_20180815134800_HDR_0033_gec.tif,121.73888,44.511617,126.024933,47.127693,123.870363,45.798116,2018-8-15T13:47:47.3204
LuoJia1-01_LR201808163350_20180815134805_HDR_0034,local\LULO4\LuoJia1-01_LR201808163350_20180815134805_HDR_0034_meta.xml,local\LULO4\LuoJia1-01_LR201808163350_20180815134805_HDR_0034_gec.tif,hf://buckets/cbernegger/LULO4/LuoJia1-01_LR201808163350_20180815134805_HDR_0034_meta.xml,hf://buckets/cbernegger/LULO4/LuoJia1-01_LR201808163350_20180815134805_HDR_0034_gec.tif,121.622305,44.814066,125.93715,47.432639,123.768321,46.101726,2018-8-15T13:47:52.3253
LuoJia1-01_LR201808163350_20180815134810_HDR_0035,local\LULO4\LuoJia1-01_LR201808163350_20180815134810_HDR_0035_meta.xml,local\LULO4\LuoJia1-01_LR201808163350_20180815134810_HDR_0035_gec.tif,hf://buckets/cbernegger/LULO4/LuoJia1-01_LR201808163350_20180815134810_HDR_0035_meta.xml,hf://buckets/cbernegger/LULO4/LuoJia1-01_LR201808163350_20180815134810_HDR_0035_gec.tif,121.50159,45.116275,125.847073,47.737087,123.662854,46.405217,2018-8-15T13:47:57.3302
LuoJia1-01_LR201808163350_20180815134815_HDR_0036,local\LULO4\LuoJia1-01_LR201808163350_20180815134815_HDR_0036_meta.xml,local\LULO4\LuoJia1-01_LR201808163350_20180815134815_HDR_0036_gec.tif,hf://buckets/cbernegger/LULO4/LuoJia1-01_LR201808163350_20180815134815_HDR_0036_meta.xml,hf://buckets/cbernegger/LULO4/LuoJia1-01_LR201808163350_20180815134815_HDR_0036_gec.tif,121.379292,45.41878,125.753486,48.041942,123.55429,46.708616,2018-8-15T13:48:2.33510
LuoJia1-01_LR201808163350_20180815134820_HDR_0037,local\LULO4\LuoJia1-01_LR201808163350_20180815134820_HDR_0037_meta.xml,local\LULO4\LuoJia1-01_LR201808163350_20180815134820_HDR_0037_gec.tif,hf://buckets/cbernegger/LULO4/LuoJia1-01_LR201808163350_20180815134820_HDR_0037_meta.xml,hf://buckets/cbernegger/LULO4/LuoJia1-01_LR201808163350_20180815134820_HDR_0037_gec.tif,121.256062,45.721958,125.656794,48.345967,123.445374,47.012243,2018-8-15T13:48:7.33997
LuoJia1-01_LR201808163350_20180815134825_HDR_0038,local\LULO4\LuoJia1-01_LR201808163350_20180815134825_HDR_0038_meta.xml,local\LULO4\LuoJia1-01_LR201808163350_20180815134825_HDR_0038_gec.tif,hf://buckets/cbernegger/LULO4/LuoJia1-01_LR201808163350_20180815134825_HDR_0038_meta.xml,hf://buckets/cbernegger/LULO4/LuoJia1-01_LR201808163350_20180815134825_HDR_0038_gec.tif,121.128342,46.026117,125.561296,48.651149,123.333629,47.316992,2018-8-15T13:48:12.3448
LuoJia1-01_LR201808163350_20180815134830_HDR_0039,local\LULO4\LuoJia1-01_LR201808163350_20180815134830_HDR_0039_meta.xml,local\LULO4\LuoJia1-01_LR201808163350_20180815134830_HDR_0039_gec.tif,hf://buckets/cbernegger/LULO4/LuoJia1-01_LR201808163350_20180815134830_HDR_0039_meta.xml,hf://buckets/cbernegger/LULO4/LuoJia1-01_LR201808163350_20180815134830_HDR_0039_gec.tif,121.002946,46.327449,125.461046,48.956912,123.221031,47.620544,2018-8-15T13:48:17.3497
LuoJia1-01_LR201808163350_20180815134835_HDR_0040,local\LULO4\LuoJia1-01_LR201808163350_20180815134835_HDR_0040_meta.xml,local\LULO4\LuoJia1-01_LR201808163350_20180815134835_HDR_0040_gec.tif,hf://buckets/cbernegger/LULO4/LuoJia1-01_LR201808163350_20180815134835_HDR_0040_meta.xml,hf://buckets/cbernegger/LULO4/LuoJia1-01_LR201808163350_20180815134835_HDR_0040_gec.tif,120.876536,46.627514,125.36344,49.259897,123.109644,47.92168,2018-8-15T13:48:22.3546
LuoJia1-01_LR201808163350_20180815134840_HDR_0041,local\LULO4\LuoJia1-01_LR201808163350_20180815134840_HDR_0041_meta.xml,local\LULO4\LuoJia1-01_LR201808163350_20180815134840_HDR_0041_gec.tif,hf://buckets/cbernegger/LULO4/LuoJia1-01_LR201808163350_20180815134840_HDR_0041_meta.xml,hf://buckets/cbernegger/LULO4/LuoJia1-01_LR201808163350_20180815134840_HDR_0041_gec.tif,120.74869,46.928942,125.266292,49.561398,122.996818,48.223358,2018-8-15T13:48:27.3594
LuoJia1-01_LR201808163350_20180815134845_HDR_0042,local\LULO4\LuoJia1-01_LR201808163350_20180815134845_HDR_0042_meta.xml,local\LULO4\LuoJia1-01_LR201808163350_20180815134845_HDR_0042_gec.tif,hf://buckets/cbernegger/LULO4/LuoJia1-01_LR201808163350_20180815134845_HDR_0042_meta.xml,hf://buckets/cbernegger/LULO4/LuoJia1-01_LR201808163350_20180815134845_HDR_0042_gec.tif,120.625702,47.231865,125.167603,49.865022,122.886951,48.526858,2018-8-15T13:48:32.3643
LuoJia1-01_LR201808163350_20180815134850_HDR_0043,local\LULO4\LuoJia1-01_LR201808163350_20180815134850_HDR_0043_meta.xml,local\LULO4\LuoJia1-01_LR201808163350_20180815134850_HDR_0043_gec.tif,hf://buckets/cbernegger/LULO4/LuoJia1-01_LR201808163350_20180815134850_HDR_0043_meta.xml,hf://buckets/cbernegger/LULO4/LuoJia1-01_LR201808163350_20180815134850_HDR_0043_gec.tif,120.497276,47.533501,125.075537,50.17014,122.776274,48.829703,2018-8-15T13:48:37.3692
LuoJia1-01_LR201808163350_20180815134855_HDR_0044,local\LULO4\LuoJia1-01_LR201808163350_20180815134855_HDR_0044_meta.xml,local\LULO4\LuoJia1-01_LR201808163350_20180815134855_HDR_0044_gec.tif,hf://buckets/cbernegger/LULO4/LuoJia1-01_LR201808163350_20180815134855_HDR_0044_meta.xml,hf://buckets/cbernegger/LULO4/LuoJia1-01_LR201808163350_20180815134855_HDR_0044_gec.tif,120.362293,47.835663,124.977241,50.473615,122.659874,49.131999,2018-8-15T13:48:42.3740
LuoJia1-01_LR201808163350_20180815134900_HDR_0045,local\LULO4\LuoJia1-01_LR201808163350_20180815134900_HDR_0045_meta.xml,local\LULO4\LuoJia1-01_LR201808163350_20180815134900_HDR_0045_gec.tif,hf://buckets/cbernegger/LULO4/LuoJia1-01_LR201808163350_20180815134900_HDR_0045_meta.xml,hf://buckets/cbernegger/LULO4/LuoJia1-01_LR201808163350_20180815134900_HDR_0045_gec.tif,120.225683,48.137681,124.873429,50.776374,122.540469,49.434923,2018-8-15T13:48:47.3789
LuoJia1-01_LR201808163350_20180815134905_HDR_0046,local\LULO4\LuoJia1-01_LR201808163350_20180815134905_HDR_0046_meta.xml,local\LULO4\LuoJia1-01_LR201808163350_20180815134905_HDR_0046_gec.tif,hf://buckets/cbernegger/LULO4/LuoJia1-01_LR201808163350_20180815134905_HDR_0046_meta.xml,hf://buckets/cbernegger/LULO4/LuoJia1-01_LR201808163350_20180815134905_HDR_0046_gec.tif,120.085646,48.436697,124.767735,51.080413,122.417795,49.736092,2018-8-15T13:48:52.3838
LuoJia1-01_LR201808163350_20180815134910_HDR_0047,local\LULO4\LuoJia1-01_LR201808163350_20180815134910_HDR_0047_meta.xml,local\LULO4\LuoJia1-01_LR201808163350_20180815134910_HDR_0047_gec.tif,hf://buckets/cbernegger/LULO4/LuoJia1-01_LR201808163350_20180815134910_HDR_0047_meta.xml,hf://buckets/cbernegger/LULO4/LuoJia1-01_LR201808163350_20180815134910_HDR_0047_gec.tif,119.940718,48.735752,124.658451,51.380345,122.291336,50.036815,2018-8-15T13:48:57.3887
LuoJia1-01_LR201808163350_20180815134915_HDR_0048,local\LULO4\LuoJia1-01_LR201808163350_20180815134915_HDR_0048_meta.xml,local\LULO4\LuoJia1-01_LR201808163350_20180815134915_HDR_0048_gec.tif,hf://buckets/cbernegger/LULO4/LuoJia1-01_LR201808163350_20180815134915_HDR_0048_meta.xml,hf://buckets/cbernegger/LULO4/LuoJia1-01_LR201808163350_20180815134915_HDR_0048_gec.tif,119.800232,49.036114,124.545294,51.682284,122.165568,50.338279,2018-8-15T13:49:2.39273
LuoJia1-01_LR201808163350_20180815134920_HDR_0049,local\LULO4\LuoJia1-01_LR201808163350_20180815134920_HDR_0049_meta.xml,local\LULO4\LuoJia1-01_LR201808163350_20180815134920_HDR_0049_gec.tif,hf://buckets/cbernegger/LULO4/LuoJia1-01_LR201808163350_20180815134920_HDR_0049_meta.xml,hf://buckets/cbernegger/LULO4/LuoJia1-01_LR201808163350_20180815134920_HDR_0049_gec.tif,119.666137,49.33641,124.438346,51.986097,122.045411,50.640067,2018-8-15T13:49:7.39849
LuoJia1-01_LR201808163350_20180815134925_HDR_0050,local\LULO4\LuoJia1-01_LR201808163350_20180815134925_HDR_0050_meta.xml,local\LULO4\LuoJia1-01_LR201808163350_20180815134925_HDR_0050_gec.tif,hf://buckets/cbernegger/LULO4/LuoJia1-01_LR201808163350_20180815134925_HDR_0050_meta.xml,hf://buckets/cbernegger/LULO4/LuoJia1-01_LR201808163350_20180815134925_HDR_0050_gec.tif,119.530882,49.637147,124.337836,52.28854,121.927532,50.941806,2018-8-15T13:49:12.4033
LuoJia1-01_LR201808163350_20180815134930_HDR_0051,local\LULO4\LuoJia1-01_LR201808163350_20180815134930_HDR_0051_meta.xml,local\LULO4\LuoJia1-01_LR201808163350_20180815134930_HDR_0051_gec.tif,hf://buckets/cbernegger/LULO4/LuoJia1-01_LR201808163350_20180815134930_HDR_0051_meta.xml,hf://buckets/cbernegger/LULO4/LuoJia1-01_LR201808163350_20180815134930_HDR_0051_gec.tif,119.390938,49.936532,124.23719,52.592441,121.807204,51.242914,2018-8-15T13:49:17.4082
LuoJia1-01_LR201808163350_20180815134935_HDR_0052,local\LULO4\LuoJia1-01_LR201808163350_20180815134935_HDR_0052_meta.xml,local\LULO4\LuoJia1-01_LR201808163350_20180815134935_HDR_0052_gec.tif,hf://buckets/cbernegger/LULO4/LuoJia1-01_LR201808163350_20180815134935_HDR_0052_meta.xml,hf://buckets/cbernegger/LULO4/LuoJia1-01_LR201808163350_20180815134935_HDR_0052_gec.tif,119.246041,50.235647,124.131401,52.894217,121.683004,51.543643,2018-8-15T13:49:22.4130
LuoJia1-01_LR201808163350_20180815134940_HDR_0053,local\LULO4\LuoJia1-01_LR201808163350_20180815134940_HDR_0053_meta.xml,local\LULO4\LuoJia1-01_LR201808163350_20180815134940_HDR_0053_gec.tif,hf://buckets/cbernegger/LULO4/LuoJia1-01_LR201808163350_20180815134940_HDR_0053_meta.xml,hf://buckets/cbernegger/LULO4/LuoJia1-01_LR201808163350_20180815134940_HDR_0053_gec.tif,119.099741,50.535026,124.021837,53.196454,121.555057,51.843876,2018-8-15T13:49:27.4180
LuoJia1-01_LR201808163350_20180815134945_HDR_0054,local\LULO4\LuoJia1-01_LR201808163350_20180815134945_HDR_0054_meta.xml,local\LULO4\LuoJia1-01_LR201808163350_20180815134945_HDR_0054_gec.tif,hf://buckets/cbernegger/LULO4/LuoJia1-01_LR201808163350_20180815134945_HDR_0054_meta.xml,hf://buckets/cbernegger/LULO4/LuoJia1-01_LR201808163350_20180815134945_HDR_0054_gec.tif,118.949661,50.835945,123.911437,53.497997,121.424833,52.144966,2018-8-15T13:49:32.4228
LuoJia1-01_LR201808163350_20180815134950_HDR_0055,local\LULO4\LuoJia1-01_LR201808163350_20180815134950_HDR_0055_meta.xml,local\LULO4\LuoJia1-01_LR201808163350_20180815134950_HDR_0055_gec.tif,hf://buckets/cbernegger/LULO4/LuoJia1-01_LR201808163350_20180815134950_HDR_0055_meta.xml,hf://buckets/cbernegger/LULO4/LuoJia1-01_LR201808163350_20180815134950_HDR_0055_gec.tif,118.803399,51.136859,123.795591,53.800806,121.296254,52.447248,2018-8-15T13:49:37.4277
LuoJia1-01_LR201808163350_20180815134955_HDR_0056,local\LULO4\LuoJia1-01_LR201808163350_20180815134955_HDR_0056_meta.xml,local\LULO4\LuoJia1-01_LR201808163350_20180815134955_HDR_0056_gec.tif,hf://buckets/cbernegger/LULO4/LuoJia1-01_LR201808163350_20180815134955_HDR_0056_meta.xml,hf://buckets/cbernegger/LULO4/LuoJia1-01_LR201808163350_20180815134955_HDR_0056_gec.tif,118.65268,51.436484,123.687239,54.104088,121.16668,52.748669,2018-8-15T13:49:42.4326
LuoJia1-01_LR201808163350_20180815135000_HDR_0057,local\LULO4\LuoJia1-01_LR201808163350_20180815135000_HDR_0057_meta.xml,local\LULO4\LuoJia1-01_LR201808163350_20180815135000_HDR_0057_gec.tif,hf://buckets/cbernegger/LULO4/LuoJia1-01_LR201808163350_20180815135000_HDR_0057_meta.xml,hf://buckets/cbernegger/LULO4/LuoJia1-01_LR201808163350_20180815135000_HDR_0057_gec.tif,118.498843,51.735602,123.576308,54.404871,121.033746,53.049392,2018-8-15T13:49:47.4375
LuoJia1-01_LR201808163350_20180815135005_HDR_0058,local\LULO4\LuoJia1-01_LR201808163350_20180815135005_HDR_0058_meta.xml,local\LULO4\LuoJia1-01_LR201808163350_20180815135005_HDR_0058_gec.tif,hf://buckets/cbernegger/LULO4/LuoJia1-01_LR201808163350_20180815135005_HDR_0058_meta.xml,hf://buckets/cbernegger/LULO4/LuoJia1-01_LR201808163350_20180815135005_HDR_0058_gec.tif,118.341334,52.034656,123.458667,54.706359,120.897628,53.350042,2018-8-15T13:49:52.4424
LuoJia1-01_LR201808168271_20180815170055_HDR_0000,local\LULO4\LuoJia1-01_LR201808168271_20180815170055_HDR_0000_meta.xml,local\LULO4\LuoJia1-01_LR201808168271_20180815170055_HDR_0000_gec.tif,hf://buckets/cbernegger/LULO4/LuoJia1-01_LR201808168271_20180815170055_HDR_0000_meta.xml,hf://buckets/cbernegger/LULO4/LuoJia1-01_LR201808168271_20180815170055_HDR_0000_gec.tif,75.011865,36.285069,78.700932,38.851151,76.889675,37.57226,2018-8-15T17:0:42.21786
LuoJia1-01_LR201808168271_20180815170059_HDR_0001,local\LULO4\LuoJia1-01_LR201808168271_20180815170059_HDR_0001_meta.xml,local\LULO4\LuoJia1-01_LR201808168271_20180815170059_HDR_0001_gec.tif,hf://buckets/cbernegger/LULO4/LuoJia1-01_LR201808168271_20180815170059_HDR_0001_meta.xml,hf://buckets/cbernegger/LULO4/LuoJia1-01_LR201808168271_20180815170059_HDR_0001_gec.tif,74.915053,36.592648,78.621436,39.156436,76.800938,37.876626,2018-8-15T17:0:47.22271
LuoJia1-01_LR201808168271_20180815170104_HDR_0002,local\LULO4\LuoJia1-01_LR201808168271_20180815170104_HDR_0002_meta.xml,local\LULO4\LuoJia1-01_LR201808168271_20180815170104_HDR_0002_gec.tif,hf://buckets/cbernegger/LULO4/LuoJia1-01_LR201808168271_20180815170104_HDR_0002_meta.xml,hf://buckets/cbernegger/LULO4/LuoJia1-01_LR201808168271_20180815170104_HDR_0002_gec.tif,74.819459,36.894897,78.545309,39.46074,76.712097,38.180582,2018-8-15T17:0:52.22757
LuoJia1-01_LR201808168271_20180815170110_HDR_0003,local\LULO4\LuoJia1-01_LR201808168271_20180815170110_HDR_0003_meta.xml,local\LULO4\LuoJia1-01_LR201808168271_20180815170110_HDR_0003_gec.tif,hf://buckets/cbernegger/LULO4/LuoJia1-01_LR201808168271_20180815170110_HDR_0003_meta.xml,hf://buckets/cbernegger/LULO4/LuoJia1-01_LR201808168271_20180815170110_HDR_0003_gec.tif,74.718505,37.198995,78.465849,39.76513,76.622157,38.484877,2018-8-15T17:0:57.23243
LuoJia1-01_LR201808168271_20180815170115_HDR_0004,local\LULO4\LuoJia1-01_LR201808168271_20180815170115_HDR_0004_meta.xml,local\LULO4\LuoJia1-01_LR201808168271_20180815170115_HDR_0004_gec.tif,hf://buckets/cbernegger/LULO4/LuoJia1-01_LR201808168271_20180815170115_HDR_0004_meta.xml,hf://buckets/cbernegger/LULO4/LuoJia1-01_LR201808168271_20180815170115_HDR_0004_gec.tif,74.617068,37.499457,78.384026,40.067718,76.531819,38.788916,2018-8-15T17:1:2.236582
LuoJia1-01_LR201808168271_20180815170120_HDR_0005,local\LULO4\LuoJia1-01_LR201808168271_20180815170120_HDR_0005_meta.xml,local\LULO4\LuoJia1-01_LR201808168271_20180815170120_HDR_0005_gec.tif,hf://buckets/cbernegger/LULO4/LuoJia1-01_LR201808168271_20180815170120_HDR_0005_meta.xml,hf://buckets/cbernegger/LULO4/LuoJia1-01_LR201808168271_20180815170120_HDR_0005_gec.tif,74.518471,37.801978,78.302301,40.372676,76.440173,39.092755,2018-8-15T17:1:7.241194
LuoJia1-01_LR201808168271_20180815170124_HDR_0006,local\LULO4\LuoJia1-01_LR201808168271_20180815170124_HDR_0006_meta.xml,local\LULO4\LuoJia1-01_LR201808168271_20180815170124_HDR_0006_gec.tif,hf://buckets/cbernegger/LULO4/LuoJia1-01_LR201808168271_20180815170124_HDR_0006_meta.xml,hf://buckets/cbernegger/LULO4/LuoJia1-01_LR201808168271_20180815170124_HDR_0006_gec.tif,74.413445,38.105944,78.218494,40.675515,76.347217,39.397099,2018-8-15T17:1:12.24701
LuoJia1-01_LR201808168271_20180815170130_HDR_0007,local\LULO4\LuoJia1-01_LR201808168271_20180815170130_HDR_0007_meta.xml,local\LULO4\LuoJia1-01_LR201808168271_20180815170130_HDR_0007_gec.tif,hf://buckets/cbernegger/LULO4/LuoJia1-01_LR201808168271_20180815170130_HDR_0007_meta.xml,hf://buckets/cbernegger/LULO4/LuoJia1-01_LR201808168271_20180815170130_HDR_0007_gec.tif,74.308287,38.410521,78.134273,40.977736,76.253273,39.702087,2018-8-15T17:1:17.25187
LuoJia1-01_LR201808168271_20180815170135_HDR_0008,local\LULO4\LuoJia1-01_LR201808168271_20180815170135_HDR_0008_meta.xml,local\LULO4\LuoJia1-01_LR201808168271_20180815170135_HDR_0008_gec.tif,hf://buckets/cbernegger/LULO4/LuoJia1-01_LR201808168271_20180815170135_HDR_0008_meta.xml,hf://buckets/cbernegger/LULO4/LuoJia1-01_LR201808168271_20180815170135_HDR_0008_gec.tif,74.200672,38.715055,78.048559,41.283316,76.158558,40.006788,2018-8-15T17:1:22.25673
LuoJia1-01_LR201808168271_20180815170140_HDR_0009,local\LULO4\LuoJia1-01_LR201808168271_20180815170140_HDR_0009_meta.xml,local\LULO4\LuoJia1-01_LR201808168271_20180815170140_HDR_0009_gec.tif,hf://buckets/cbernegger/LULO4/LuoJia1-01_LR201808168271_20180815170140_HDR_0009_meta.xml,hf://buckets/cbernegger/LULO4/LuoJia1-01_LR201808168271_20180815170140_HDR_0009_gec.tif,74.096968,39.017094,77.96278,41.588533,76.064356,40.311023,2018-8-15T17:1:27.26075
LuoJia1-01_LR201808168271_20180815170145_HDR_0010,local\LULO4\LuoJia1-01_LR201808168271_20180815170145_HDR_0010_meta.xml,local\LULO4\LuoJia1-01_LR201808168271_20180815170145_HDR_0010_gec.tif,hf://buckets/cbernegger/LULO4/LuoJia1-01_LR201808168271_20180815170145_HDR_0010_meta.xml,hf://buckets/cbernegger/LULO4/LuoJia1-01_LR201808168271_20180815170145_HDR_0010_gec.tif,73.986284,39.318086,77.877419,41.894977,75.967471,40.615174,2018-8-15T17:1:32.26646
LuoJia1-01_LR201808168271_20180815170150_HDR_0011,local\LULO4\LuoJia1-01_LR201808168271_20180815170150_HDR_0011_meta.xml,local\LULO4\LuoJia1-01_LR201808168271_20180815170150_HDR_0011_gec.tif,hf://buckets/cbernegger/LULO4/LuoJia1-01_LR201808168271_20180815170150_HDR_0011_meta.xml,hf://buckets/cbernegger/LULO4/LuoJia1-01_LR201808168271_20180815170150_HDR_0011_gec.tif,73.881053,39.621303,77.787123,42.204552,75.868702,40.919161,2018-8-15T17:1:37.27132
LuoJia1-01_LR201808168271_20180815170155_HDR_0012,local\LULO4\LuoJia1-01_LR201808168271_20180815170155_HDR_0012_meta.xml,local\LULO4\LuoJia1-01_LR201808168271_20180815170155_HDR_0012_gec.tif,hf://buckets/cbernegger/LULO4/LuoJia1-01_LR201808168271_20180815170155_HDR_0012_meta.xml,hf://buckets/cbernegger/LULO4/LuoJia1-01_LR201808168271_20180815170155_HDR_0012_gec.tif,73.769707,39.923777,77.69663,42.509043,75.770299,41.221966,2018-8-15T17:1:42.27619
LuoJia1-01_LR201808168271_20180815170200_HDR_0013,local\LULO4\LuoJia1-01_LR201808168271_20180815170200_HDR_0013_meta.xml,local\LULO4\LuoJia1-01_LR201808168271_20180815170200_HDR_0013_gec.tif,hf://buckets/cbernegger/LULO4/LuoJia1-01_LR201808168271_20180815170200_HDR_0013_meta.xml,hf://buckets/cbernegger/LULO4/LuoJia1-01_LR201808168271_20180815170200_HDR_0013_gec.tif,73.667461,40.224675,77.605822,42.80634,75.673735,41.52427,2018-8-15T17:1:47.28087
LuoJia1-01_LR201808168271_20180815170205_HDR_0014,local\LULO4\LuoJia1-01_LR201808168271_20180815170205_HDR_0014_meta.xml,local\LULO4\LuoJia1-01_LR201808168271_20180815170205_HDR_0014_gec.tif,hf://buckets/cbernegger/LULO4/LuoJia1-01_LR201808168271_20180815170205_HDR_0014_meta.xml,hf://buckets/cbernegger/LULO4/LuoJia1-01_LR201808168271_20180815170205_HDR_0014_gec.tif,73.549683,40.52758,77.51922,43.11479,75.577327,41.826546,2018-8-15T17:1:52.28578
LuoJia1-01_LR201808168271_20180815170210_HDR_0015,local\LULO4\LuoJia1-01_LR201808168271_20180815170210_HDR_0015_meta.xml,local\LULO4\LuoJia1-01_LR201808168271_20180815170210_HDR_0015_gec.tif,hf://buckets/cbernegger/LULO4/LuoJia1-01_LR201808168271_20180815170210_HDR_0015_meta.xml,hf://buckets/cbernegger/LULO4/LuoJia1-01_LR201808168271_20180815170210_HDR_0015_gec.tif,73.436627,40.827686,77.42922,43.420546,75.477594,42.129908,2018-8-15T17:1:57.29078
LuoJia1-01_LR201808168271_20180815170215_HDR_0016,local\LULO4\LuoJia1-01_LR201808168271_20180815170215_HDR_0016_meta.xml,local\LULO4\LuoJia1-01_LR201808168271_20180815170215_HDR_0016_gec.tif,hf://buckets/cbernegger/LULO4/LuoJia1-01_LR201808168271_20180815170215_HDR_0016_meta.xml,hf://buckets/cbernegger/LULO4/LuoJia1-01_LR201808168271_20180815170215_HDR_0016_gec.tif,73.322255,41.134479,77.338648,43.72629,75.375936,42.436637,2018-8-15T17:2:2.295590
LuoJia1-01_LR201808168271_20180815170220_HDR_0017,local\LULO4\LuoJia1-01_LR201808168271_20180815170220_HDR_0017_meta.xml,local\LULO4\LuoJia1-01_LR201808168271_20180815170220_HDR_0017_gec.tif,hf://buckets/cbernegger/LULO4/LuoJia1-01_LR201808168271_20180815170220_HDR_0017_meta.xml,hf://buckets/cbernegger/LULO4/LuoJia1-01_LR201808168271_20180815170220_HDR_0017_gec.tif,73.20728,41.43782,77.246877,44.035683,75.272295,42.7435,2018-8-15T17:2:7.300522
LuoJia1-01_LR201808168271_20180815170225_HDR_0018,local\LULO4\LuoJia1-01_LR201808168271_20180815170225_HDR_0018_meta.xml,local\LULO4\LuoJia1-01_LR201808168271_20180815170225_HDR_0018_gec.tif,hf://buckets/cbernegger/LULO4/LuoJia1-01_LR201808168271_20180815170225_HDR_0018_meta.xml,hf://buckets/cbernegger/LULO4/LuoJia1-01_LR201808168271_20180815170225_HDR_0018_gec.tif,73.091267,41.743033,77.154238,44.342344,75.168753,43.049543,2018-8-15T17:2:12.30489
LuoJia1-01_LR201808168271_20180815170230_HDR_0019,local\LULO4\LuoJia1-01_LR201808168271_20180815170230_HDR_0019_meta.xml,local\LULO4\LuoJia1-01_LR201808168271_20180815170230_HDR_0019_gec.tif,hf://buckets/cbernegger/LULO4/LuoJia1-01_LR201808168271_20180815170230_HDR_0019_meta.xml,hf://buckets/cbernegger/LULO4/LuoJia1-01_LR201808168271_20180815170230_HDR_0019_gec.tif,72.979371,42.047232,77.065547,44.649287,75.066762,43.353579,2018-8-15T17:2:17.30945
LuoJia1-01_LR201808168271_20180815170235_HDR_0020,local\LULO4\LuoJia1-01_LR201808168271_20180815170235_HDR_0020_meta.xml,local\LULO4\LuoJia1-01_LR201808168271_20180815170235_HDR_0020_gec.tif,hf://buckets/cbernegger/LULO4/LuoJia1-01_LR201808168271_20180815170235_HDR_0020_meta.xml,hf://buckets/cbernegger/LULO4/LuoJia1-01_LR201808168271_20180815170235_HDR_0020_gec.tif,72.864916,42.349588,76.974838,44.952618,74.96521,43.655157,2018-8-15T17:2:22.31512
LuoJia1-01_LR201808168271_20180815170240_HDR_0021,local\LULO4\LuoJia1-01_LR201808168271_20180815170240_HDR_0021_meta.xml,local\LULO4\LuoJia1-01_LR201808168271_20180815170240_HDR_0021_gec.tif,hf://buckets/cbernegger/LULO4/LuoJia1-01_LR201808168271_20180815170240_HDR_0021_meta.xml,hf://buckets/cbernegger/LULO4/LuoJia1-01_LR201808168271_20180815170240_HDR_0021_gec.tif,72.744191,42.646159,76.87759,45.254082,74.859361,43.956418,2018-8-15T17:2:27.31999
LuoJia1-01_LR201808168271_20180815170245_HDR_0022,local\LULO4\LuoJia1-01_LR201808168271_20180815170245_HDR_0022_meta.xml,local\LULO4\LuoJia1-01_LR201808168271_20180815170245_HDR_0022_gec.tif,hf://buckets/cbernegger/LULO4/LuoJia1-01_LR201808168271_20180815170245_HDR_0022_meta.xml,hf://buckets/cbernegger/LULO4/LuoJia1-01_LR201808168271_20180815170245_HDR_0022_gec.tif,72.622311,42.945284,76.789419,45.556752,74.750547,44.259353,2018-8-15T17:2:32.32386
LuoJia1-01_LR201808168271_20180815170250_HDR_0023,local\LULO4\LuoJia1-01_LR201808168271_20180815170250_HDR_0023_meta.xml,local\LULO4\LuoJia1-01_LR201808168271_20180815170250_HDR_0023_gec.tif,hf://buckets/cbernegger/LULO4/LuoJia1-01_LR201808168271_20180815170250_HDR_0023_meta.xml,hf://buckets/cbernegger/LULO4/LuoJia1-01_LR201808168271_20180815170250_HDR_0023_gec.tif,72.496827,43.245371,76.691571,45.861502,74.639172,44.561987,2018-8-15T17:2:37.32876
LuoJia1-01_LR201808168271_20180815170255_HDR_0024,local\LULO4\LuoJia1-01_LR201808168271_20180815170255_HDR_0024_meta.xml,local\LULO4\LuoJia1-01_LR201808168271_20180815170255_HDR_0024_gec.tif,hf://buckets/cbernegger/LULO4/LuoJia1-01_LR201808168271_20180815170255_HDR_0024_meta.xml,hf://buckets/cbernegger/LULO4/LuoJia1-01_LR201808168271_20180815170255_HDR_0024_gec.tif,72.375303,43.545422,76.590335,46.164002,74.528507,44.863386,2018-8-15T17:2:42.33378
LuoJia1-01_LR201808168271_20180815170300_HDR_0025,local\LULO4\LuoJia1-01_LR201808168271_20180815170300_HDR_0025_meta.xml,local\LULO4\LuoJia1-01_LR201808168271_20180815170300_HDR_0025_gec.tif,hf://buckets/cbernegger/LULO4/LuoJia1-01_LR201808168271_20180815170300_HDR_0025_meta.xml,hf://buckets/cbernegger/LULO4/LuoJia1-01_LR201808168271_20180815170300_HDR_0025_gec.tif,72.25989,43.846177,76.494346,46.466251,74.422983,45.165113,2018-8-15T17:2:47.33948
LuoJia1-01_LR201808168271_20180815170305_HDR_0026,local\LULO4\LuoJia1-01_LR201808168271_20180815170305_HDR_0026_meta.xml,local\LULO4\LuoJia1-01_LR201808168271_20180815170305_HDR_0026_gec.tif,hf://buckets/cbernegger/LULO4/LuoJia1-01_LR201808168271_20180815170305_HDR_0026_meta.xml,hf://buckets/cbernegger/LULO4/LuoJia1-01_LR201808168271_20180815170305_HDR_0026_gec.tif,72.143225,44.147321,76.403674,46.769336,74.31956,45.467155,2018-8-15T17:2:52.34435
LuoJia1-01_LR201808168271_20180815170310_HDR_0027,local\LULO4\LuoJia1-01_LR201808168271_20180815170310_HDR_0027_meta.xml,local\LULO4\LuoJia1-01_LR201808168271_20180815170310_HDR_0027_gec.tif,hf://buckets/cbernegger/LULO4/LuoJia1-01_LR201808168271_20180815170310_HDR_0027_meta.xml,hf://buckets/cbernegger/LULO4/LuoJia1-01_LR201808168271_20180815170310_HDR_0027_gec.tif,72.021365,44.44809,76.311977,47.072078,74.212882,45.769259,2018-8-15T17:2:57.34845
LuoJia1-01_LR201808168271_20180815170325_HDR_0030,local\LULO4\LuoJia1-01_LR201808168271_20180815170325_HDR_0030_meta.xml,local\LULO4\LuoJia1-01_LR201808168271_20180815170325_HDR_0030_gec.tif,hf://buckets/cbernegger/LULO4/LuoJia1-01_LR201808168271_20180815170325_HDR_0030_meta.xml,hf://buckets/cbernegger/LULO4/LuoJia1-01_LR201808168271_20180815170325_HDR_0030_gec.tif,71.645548,45.346769,76.017701,47.975823,73.878889,46.671022,2018-8-15T17:3:12.36384
LuoJia1-01_LR201808168271_20180815170330_HDR_0031,local\LULO4\LuoJia1-01_LR201808168271_20180815170330_HDR_0031_meta.xml,local\LULO4\LuoJia1-01_LR201808168271_20180815170330_HDR_0031_gec.tif,hf://buckets/cbernegger/LULO4/LuoJia1-01_LR201808168271_20180815170330_HDR_0031_meta.xml,hf://buckets/cbernegger/LULO4/LuoJia1-01_LR201808168271_20180815170330_HDR_0031_gec.tif,71.522883,45.648772,75.919206,48.279063,73.769155,46.9734,2018-8-15T17:3:17.36872
LuoJia1-01_LR201808168271_20180815170335_HDR_0032,local\LULO4\LuoJia1-01_LR201808168271_20180815170335_HDR_0032_meta.xml,local\LULO4\LuoJia1-01_LR201808168271_20180815170335_HDR_0032_gec.tif,hf://buckets/cbernegger/LULO4/LuoJia1-01_LR201808168271_20180815170335_HDR_0032_meta.xml,hf://buckets/cbernegger/LULO4/LuoJia1-01_LR201808168271_20180815170335_HDR_0032_gec.tif,71.392897,45.952811,75.82373,48.582526,73.656815,47.27749,2018-8-15T17:3:22.37359
LuoJia1-01_LR201808168271_20180815170340_HDR_0033,local\LULO4\LuoJia1-01_LR201808168271_20180815170340_HDR_0033_meta.xml,local\LULO4\LuoJia1-01_LR201808168271_20180815170340_HDR_0033_gec.tif,hf://buckets/cbernegger/LULO4/LuoJia1-01_LR201808168271_20180815170340_HDR_0033_meta.xml,hf://buckets/cbernegger/LULO4/LuoJia1-01_LR201808168271_20180815170340_HDR_0033_gec.tif,71.260277,46.253589,75.721556,48.888132,73.540664,47.580621,2018-8-15T17:3:27.37847
LuoJia1-01_LR201808168271_20180815170345_HDR_0034,local\LULO4\LuoJia1-01_LR201808168271_20180815170345_HDR_0034_meta.xml,local\LULO4\LuoJia1-01_LR201808168271_20180815170345_HDR_0034_gec.tif,hf://buckets/cbernegger/LULO4/LuoJia1-01_LR201808168271_20180815170345_HDR_0034_meta.xml,hf://buckets/cbernegger/LULO4/LuoJia1-01_LR201808168271_20180815170345_HDR_0034_gec.tif,71.123742,46.554491,75.617743,49.191,73.421308,47.882745,2018-8-15T17:3:32.38334
LuoJia1-01_LR201808168271_20180815170350_HDR_0035,local\LULO4\LuoJia1-01_LR201808168271_20180815170350_HDR_0035_meta.xml,local\LULO4\LuoJia1-01_LR201808168271_20180815170350_HDR_0035_gec.tif,hf://buckets/cbernegger/LULO4/LuoJia1-01_LR201808168271_20180815170350_HDR_0035_meta.xml,hf://buckets/cbernegger/LULO4/LuoJia1-01_LR201808168271_20180815170350_HDR_0035_gec.tif,70.988685,46.854949,75.510727,49.495235,73.3011,48.184723,2018-8-15T17:3:37.38822
LuoJia1-01_LR201808168271_20180815170355_HDR_0036,local\LULO4\LuoJia1-01_LR201808168271_20180815170355_HDR_0036_meta.xml,local\LULO4\LuoJia1-01_LR201808168271_20180815170355_HDR_0036_gec.tif,hf://buckets/cbernegger/LULO4/LuoJia1-01_LR201808168271_20180815170355_HDR_0036_meta.xml,hf://buckets/cbernegger/LULO4/LuoJia1-01_LR201808168271_20180815170355_HDR_0036_gec.tif,70.855185,47.157954,75.405149,49.798825,73.182354,48.487585,2018-8-15T17:3:42.39309
LuoJia1-01_LR201808168271_20180815170400_HDR_0037,local\LULO4\LuoJia1-01_LR201808168271_20180815170400_HDR_0037_meta.xml,local\LULO4\LuoJia1-01_LR201808168271_20180815170400_HDR_0037_gec.tif,hf://buckets/cbernegger/LULO4/LuoJia1-01_LR201808168271_20180815170400_HDR_0037_meta.xml,hf://buckets/cbernegger/LULO4/LuoJia1-01_LR201808168271_20180815170400_HDR_0037_gec.tif,70.719756,47.460178,75.30069,50.103135,73.063688,48.790756,2018-8-15T17:3:47.39797
LuoJia1-01_LR201808168271_20180815170405_HDR_0038,local\LULO4\LuoJia1-01_LR201808168271_20180815170405_HDR_0038_meta.xml,local\LULO4\LuoJia1-01_LR201808168271_20180815170405_HDR_0038_gec.tif,hf://buckets/cbernegger/LULO4/LuoJia1-01_LR201808168271_20180815170405_HDR_0038_meta.xml,hf://buckets/cbernegger/LULO4/LuoJia1-01_LR201808168271_20180815170405_HDR_0038_gec.tif,70.580328,47.760259,75.195498,50.407401,72.942519,49.092931,2018-8-15T17:3:52.40285
LuoJia1-01_LR201808168271_20180815170410_HDR_0039,local\LULO4\LuoJia1-01_LR201808168271_20180815170410_HDR_0039_meta.xml,local\LULO4\LuoJia1-01_LR201808168271_20180815170410_HDR_0039_gec.tif,hf://buckets/cbernegger/LULO4/LuoJia1-01_LR201808168271_20180815170410_HDR_0039_meta.xml,hf://buckets/cbernegger/LULO4/LuoJia1-01_LR201808168271_20180815170410_HDR_0039_gec.tif,70.437342,48.05961,75.086826,50.710414,72.817539,49.394055,2018-8-15T17:3:57.40772
LuoJia1-01_LR201808168271_20180815170415_HDR_0040,local\LULO4\LuoJia1-01_LR201808168271_20180815170415_HDR_0040_meta.xml,local\LULO4\LuoJia1-01_LR201808168271_20180815170415_HDR_0040_gec.tif,hf://buckets/cbernegger/LULO4/LuoJia1-01_LR201808168271_20180815170415_HDR_0040_meta.xml,hf://buckets/cbernegger/LULO4/LuoJia1-01_LR201808168271_20180815170415_HDR_0040_gec.tif,70.294317,48.358319,74.974843,51.012171,72.69124,49.694564,2018-8-15T17:4:2.412605
LuoJia1-01_LR201808168271_20180815170420_HDR_0041,local\LULO4\LuoJia1-01_LR201808168271_20180815170420_HDR_0041_meta.xml,local\LULO4\LuoJia1-01_LR201808168271_20180815170420_HDR_0041_gec.tif,hf://buckets/cbernegger/LULO4/LuoJia1-01_LR201808168271_20180815170420_HDR_0041_meta.xml,hf://buckets/cbernegger/LULO4/LuoJia1-01_LR201808168271_20180815170420_HDR_0041_gec.tif,70.152288,48.657222,74.864651,51.31365,72.565661,49.994971,2018-8-15T17:4:7.417483
LuoJia1-01_LR201808168271_20180815170425_HDR_0042,local\LULO4\LuoJia1-01_LR201808168271_20180815170425_HDR_0042_meta.xml,local\LULO4\LuoJia1-01_LR201808168271_20180815170425_HDR_0042_gec.tif,hf://buckets/cbernegger/LULO4/LuoJia1-01_LR201808168271_20180815170425_HDR_0042_meta.xml,hf://buckets/cbernegger/LULO4/LuoJia1-01_LR201808168271_20180815170425_HDR_0042_gec.tif,70.010777,48.957511,74.755959,51.615775,72.441066,50.295596,2018-8-15T17:4:12.42236
LuoJia1-01_LR201808168271_20180815170430_HDR_0043,local\LULO4\LuoJia1-01_LR201808168271_20180815170430_HDR_0043_meta.xml,local\LULO4\LuoJia1-01_LR201808168271_20180815170430_HDR_0043_gec.tif,hf://buckets/cbernegger/LULO4/LuoJia1-01_LR201808168271_20180815170430_HDR_0043_meta.xml,hf://buckets/cbernegger/LULO4/LuoJia1-01_LR201808168271_20180815170430_HDR_0043_gec.tif,69.865509,49.256415,74.647893,51.917754,72.314974,50.596345,2018-8-15T17:4:17.42723
LuoJia1-01_LR201808168271_20180815170440_HDR_0045,local\LULO4\LuoJia1-01_LR201808168271_20180815170440_HDR_0045_meta.xml,local\LULO4\LuoJia1-01_LR201808168271_20180815170440_HDR_0045_gec.tif,hf://buckets/cbernegger/LULO4/LuoJia1-01_LR201808168271_20180815170440_HDR_0045_meta.xml,hf://buckets/cbernegger/LULO4/LuoJia1-01_LR201808168271_20180815170440_HDR_0045_gec.tif,69.565275,49.854902,74.422909,52.522281,72.053854,51.197918,2018-8-15T17:4:27.43699
LuoJia1-01_LR201808168271_20180815170445_HDR_0046,local\LULO4\LuoJia1-01_LR201808168271_20180815170445_HDR_0046_meta.xml,local\LULO4\LuoJia1-01_LR201808168271_20180815170445_HDR_0046_gec.tif,hf://buckets/cbernegger/LULO4/LuoJia1-01_LR201808168271_20180815170445_HDR_0046_meta.xml,hf://buckets/cbernegger/LULO4/LuoJia1-01_LR201808168271_20180815170445_HDR_0046_gec.tif,69.413214,50.153637,74.306925,52.824302,71.92006,51.498283,2018-8-15T17:4:32.44187
LuoJia1-01_LR201808168271_20180815170450_HDR_0047,local\LULO4\LuoJia1-01_LR201808168271_20180815170450_HDR_0047_meta.xml,local\LULO4\LuoJia1-01_LR201808168271_20180815170450_HDR_0047_gec.tif,hf://buckets/cbernegger/LULO4/LuoJia1-01_LR201808168271_20180815170450_HDR_0047_meta.xml,hf://buckets/cbernegger/LULO4/LuoJia1-01_LR201808168271_20180815170450_HDR_0047_gec.tif,69.261767,50.452319,74.1901,53.125504,71.786884,51.798287,2018-8-15T17:4:37.44654
LuoJia1-01_LR201808168271_20180815170455_HDR_0048,local\LULO4\LuoJia1-01_LR201808168271_20180815170455_HDR_0048_meta.xml,local\LULO4\LuoJia1-01_LR201808168271_20180815170455_HDR_0048_gec.tif,hf://buckets/cbernegger/LULO4/LuoJia1-01_LR201808168271_20180815170455_HDR_0048_meta.xml,hf://buckets/cbernegger/LULO4/LuoJia1-01_LR201808168271_20180815170455_HDR_0048_gec.tif,69.105656,50.75085,74.074405,53.426587,71.651793,52.098387,2018-8-15T17:4:42.45144
LuoJia1-01_LR201808168271_20180815170500_HDR_0049,local\LULO4\LuoJia1-01_LR201808168271_20180815170500_HDR_0049_meta.xml,local\LULO4\LuoJia1-01_LR201808168271_20180815170500_HDR_0049_gec.tif,hf://buckets/cbernegger/LULO4/LuoJia1-01_LR201808168271_20180815170500_HDR_0049_meta.xml,hf://buckets/cbernegger/LULO4/LuoJia1-01_LR201808168271_20180815170500_HDR_0049_gec.tif,68.950869,51.048311,73.955844,53.727987,71.516221,52.397614,2018-8-15T17:4:47.45651
LuoJia1-01_LR201808168271_20180815170505_HDR_0050,local\LULO4\LuoJia1-01_LR201808168271_20180815170505_HDR_0050_meta.xml,local\LULO4\LuoJia1-01_LR201808168271_20180815170505_HDR_0050_gec.tif,hf://buckets/cbernegger/LULO4/LuoJia1-01_LR201808168271_20180815170505_HDR_0050_meta.xml,hf://buckets/cbernegger/LULO4/LuoJia1-01_LR201808168271_20180815170505_HDR_0050_gec.tif,68.79242,51.347567,73.839493,54.028103,71.379537,52.697445,2018-8-15T17:4:52.46139
LuoJia1-01_LR201808168271_20180815170510_HDR_0051,local\LULO4\LuoJia1-01_LR201808168271_20180815170510_HDR_0051_meta.xml,local\LULO4\LuoJia1-01_LR201808168271_20180815170510_HDR_0051_gec.tif,hf://buckets/cbernegger/LULO4/LuoJia1-01_LR201808168271_20180815170510_HDR_0051_meta.xml,hf://buckets/cbernegger/LULO4/LuoJia1-01_LR201808168271_20180815170510_HDR_0051_gec.tif,68.629402,51.647069,73.719744,54.330054,71.239035,52.998249,2018-8-15T17:4:57.46627
LuoJia1-01_LR201808168271_20180815170515_HDR_0052,local\LULO4\LuoJia1-01_LR201808168271_20180815170515_HDR_0052_meta.xml,local\LULO4\LuoJia1-01_LR201808168271_20180815170515_HDR_0052_gec.tif,hf://buckets/cbernegger/LULO4/LuoJia1-01_LR201808168271_20180815170515_HDR_0052_meta.xml,hf://buckets/cbernegger/LULO4/LuoJia1-01_LR201808168271_20180815170515_HDR_0052_gec.tif,68.466184,51.944925,73.596346,54.632122,71.096586,53.298285,2018-8-15T17:5:2.471159
LuoJia1-01_LR201808168271_20180815170520_HDR_0053,local\LULO4\LuoJia1-01_LR201808168271_20180815170520_HDR_0053_meta.xml,local\LULO4\LuoJia1-01_LR201808168271_20180815170520_HDR_0053_gec.tif,hf://buckets/cbernegger/LULO4/LuoJia1-01_LR201808168271_20180815170520_HDR_0053_meta.xml,hf://buckets/cbernegger/LULO4/LuoJia1-01_LR201808168271_20180815170520_HDR_0053_gec.tif,68.301856,52.241412,73.472791,54.93263,70.95368,53.596805,2018-8-15T17:5:7.475857
LuoJia1-01_LR201808168271_20180815170525_HDR_0054,local\LULO4\LuoJia1-01_LR201808168271_20180815170525_HDR_0054_meta.xml,local\LULO4\LuoJia1-01_LR201808168271_20180815170525_HDR_0054_gec.tif,hf://buckets/cbernegger/LULO4/LuoJia1-01_LR201808168271_20180815170525_HDR_0054_meta.xml,hf://buckets/cbernegger/LULO4/LuoJia1-01_LR201808168271_20180815170525_HDR_0054_gec.tif,68.135656,52.539156,73.349366,55.232139,70.809244,53.895478,2018-8-15T17:5:12.48027
LuoJia1-01_LR201808168271_20180815170530_HDR_0055,local\LULO4\LuoJia1-01_LR201808168271_20180815170530_HDR_0055_meta.xml,local\LULO4\LuoJia1-01_LR201808168271_20180815170530_HDR_0055_gec.tif,hf://buckets/cbernegger/LULO4/LuoJia1-01_LR201808168271_20180815170530_HDR_0055_meta.xml,hf://buckets/cbernegger/LULO4/LuoJia1-01_LR201808168271_20180815170530_HDR_0055_gec.tif,67.971097,52.837205,73.224507,55.532628,70.666144,54.194498,2018-8-15T17:5:17.48518
LuoJia1-01_LR201808168271_20180815170535_HDR_0056,local\LULO4\LuoJia1-01_LR201808168271_20180815170535_HDR_0056_meta.xml,local\LULO4\LuoJia1-01_LR201808168271_20180815170535_HDR_0056_gec.tif,hf://buckets/cbernegger/LULO4/LuoJia1-01_LR201808168271_20180815170535_HDR_0056_meta.xml,hf://buckets/cbernegger/LULO4/LuoJia1-01_LR201808168271_20180815170535_HDR_0056_gec.tif,67.796938,53.136,73.101904,55.833376,70.518565,54.494728,2018-8-15T17:5:22.49045
LuoJia1-01_LR201808168271_20180815170540_HDR_0057,local\LULO4\LuoJia1-01_LR201808168271_20180815170540_HDR_0057_meta.xml,local\LULO4\LuoJia1-01_LR201808168271_20180815170540_HDR_0057_gec.tif,hf://buckets/cbernegger/LULO4/LuoJia1-01_LR201808168271_20180815170540_HDR_0057_meta.xml,hf://buckets/cbernegger/LULO4/LuoJia1-01_LR201808168271_20180815170540_HDR_0057_gec.tif,67.620533,53.432395,72.971672,56.135844,70.366035,54.794021,2018-8-15T17:5:27.49556
LuoJia1-01_LR201808168271_20180815170545_HDR_0058,local\LULO4\LuoJia1-01_LR201808168271_20180815170545_HDR_0058_meta.xml,local\LULO4\LuoJia1-01_LR201808168271_20180815170545_HDR_0058_gec.tif,hf://buckets/cbernegger/LULO4/LuoJia1-01_LR201808168271_20180815170545_HDR_0058_meta.xml,hf://buckets/cbernegger/LULO4/LuoJia1-01_LR201808168271_20180815170545_HDR_0058_gec.tif,67.441683,53.728726,72.83848,56.435372,70.211422,55.092151,2018-8-15T17:5:32.50068
LuoJia1-01_LR201808172931_20180816154634_HDR_0002,local\LULO4\LuoJia1-01_LR201808172931_20180816154634_HDR_0002_meta.xml,local\LULO4\LuoJia1-01_LR201808172931_20180816154634_HDR_0002_gec.tif,hf://buckets/cbernegger/LULO4/LuoJia1-01_LR201808172931_20180816154634_HDR_0002_meta.xml,hf://buckets/cbernegger/LULO4/LuoJia1-01_LR201808172931_20180816154634_HDR_0002_gec.tif,94.531808,34.187393,98.101447,36.732615,96.325595,35.448894,2018-8-16T15:46:22.1851
LuoJia1-01_LR201808172931_20180816154639_HDR_0003,local\LULO4\LuoJia1-01_LR201808172931_20180816154639_HDR_0003_meta.xml,local\LULO4\LuoJia1-01_LR201808172931_20180816154639_HDR_0003_gec.tif,hf://buckets/cbernegger/LULO4/LuoJia1-01_LR201808172931_20180816154639_HDR_0003_meta.xml,hf://buckets/cbernegger/LULO4/LuoJia1-01_LR201808172931_20180816154639_HDR_0003_gec.tif,94.436815,34.492495,98.023841,37.037781,96.239196,35.754807,2018-8-16T15:46:27.1892
LuoJia1-01_LR201808172931_20180816154644_HDR_0004,local\LULO4\LuoJia1-01_LR201808172931_20180816154644_HDR_0004_meta.xml,local\LULO4\LuoJia1-01_LR201808172931_20180816154644_HDR_0004_gec.tif,hf://buckets/cbernegger/LULO4/LuoJia1-01_LR201808172931_20180816154644_HDR_0004_meta.xml,hf://buckets/cbernegger/LULO4/LuoJia1-01_LR201808172931_20180816154644_HDR_0004_gec.tif,94.342181,34.799156,97.944519,37.345863,96.152818,36.062821,2018-8-16T15:46:32.1948
LuoJia1-01_LR201808172931_20180816154649_HDR_0005,local\LULO4\LuoJia1-01_LR201808172931_20180816154649_HDR_0005_meta.xml,local\LULO4\LuoJia1-01_LR201808172931_20180816154649_HDR_0005_gec.tif,hf://buckets/cbernegger/LULO4/LuoJia1-01_LR201808172931_20180816154649_HDR_0005_meta.xml,hf://buckets/cbernegger/LULO4/LuoJia1-01_LR201808172931_20180816154649_HDR_0005_gec.tif,94.24787,35.102477,97.864145,37.649634,96.066277,36.36765,2018-8-16T15:46:37.1997
LuoJia1-01_LR201808172931_20180816154654_HDR_0006,local\LULO4\LuoJia1-01_LR201808172931_20180816154654_HDR_0006_meta.xml,local\LULO4\LuoJia1-01_LR201808172931_20180816154654_HDR_0006_gec.tif,hf://buckets/cbernegger/LULO4/LuoJia1-01_LR201808172931_20180816154654_HDR_0006_meta.xml,hf://buckets/cbernegger/LULO4/LuoJia1-01_LR201808172931_20180816154654_HDR_0006_gec.tif,94.156151,35.407296,97.784148,37.954267,95.981609,36.671568,2018-8-16T15:46:42.2045
LuoJia1-01_LR201808172931_20180816154659_HDR_0007,local\LULO4\LuoJia1-01_LR201808172931_20180816154659_HDR_0007_meta.xml,local\LULO4\LuoJia1-01_LR201808172931_20180816154659_HDR_0007_gec.tif,hf://buckets/cbernegger/LULO4/LuoJia1-01_LR201808172931_20180816154659_HDR_0007_meta.xml,hf://buckets/cbernegger/LULO4/LuoJia1-01_LR201808172931_20180816154659_HDR_0007_gec.tif,94.064323,35.71269,97.714373,38.259718,95.898639,36.977974,2018-8-16T15:46:47.2086
LuoJia1-01_LR201808172931_20180816154704_HDR_0008,local\LULO4\LuoJia1-01_LR201808172931_20180816154704_HDR_0008_meta.xml,local\LULO4\LuoJia1-01_LR201808172931_20180816154704_HDR_0008_gec.tif,hf://buckets/cbernegger/LULO4/LuoJia1-01_LR201808172931_20180816154704_HDR_0008_meta.xml,hf://buckets/cbernegger/LULO4/LuoJia1-01_LR201808172931_20180816154704_HDR_0008_gec.tif,93.968215,36.016118,97.640182,38.567524,95.812618,37.284017,2018-8-16T15:46:52.2143
LuoJia1-01_LR201808172931_20180816154709_HDR_0009,local\LULO4\LuoJia1-01_LR201808172931_20180816154709_HDR_0009_meta.xml,local\LULO4\LuoJia1-01_LR201808172931_20180816154709_HDR_0009_gec.tif,hf://buckets/cbernegger/LULO4/LuoJia1-01_LR201808172931_20180816154709_HDR_0009_meta.xml,hf://buckets/cbernegger/LULO4/LuoJia1-01_LR201808172931_20180816154709_HDR_0009_gec.tif,93.870594,36.316624,97.560838,38.874752,95.723161,37.588379,2018-8-16T15:46:57.2191
LuoJia1-01_LR201808172931_20180816154715_HDR_0010,local\LULO4\LuoJia1-01_LR201808172931_20180816154715_HDR_0010_meta.xml,local\LULO4\LuoJia1-01_LR201808172931_20180816154715_HDR_0010_gec.tif,hf://buckets/cbernegger/LULO4/LuoJia1-01_LR201808172931_20180816154715_HDR_0010_meta.xml,hf://buckets/cbernegger/LULO4/LuoJia1-01_LR201808172931_20180816154715_HDR_0010_gec.tif,93.773408,36.619915,97.4779,39.178546,95.634548,37.892404,2018-8-16T15:47:2.22404
LuoJia1-01_LR201808172931_20180816154719_HDR_0011,local\LULO4\LuoJia1-01_LR201808172931_20180816154719_HDR_0011_meta.xml,local\LULO4\LuoJia1-01_LR201808172931_20180816154719_HDR_0011_gec.tif,hf://buckets/cbernegger/LULO4/LuoJia1-01_LR201808172931_20180816154719_HDR_0011_meta.xml,hf://buckets/cbernegger/LULO4/LuoJia1-01_LR201808172931_20180816154719_HDR_0011_gec.tif,93.677839,36.924441,97.399832,39.483468,95.545206,38.1978,2018-8-16T15:47:7.22890
LuoJia1-01_LR201808172931_20180816154724_HDR_0012,local\LULO4\LuoJia1-01_LR201808172931_20180816154724_HDR_0012_meta.xml,local\LULO4\LuoJia1-01_LR201808172931_20180816154724_HDR_0012_gec.tif,hf://buckets/cbernegger/LULO4/LuoJia1-01_LR201808172931_20180816154724_HDR_0012_meta.xml,hf://buckets/cbernegger/LULO4/LuoJia1-01_LR201808172931_20180816154724_HDR_0012_gec.tif,93.576666,37.22879,97.314735,39.795009,95.455831,38.5028,2018-8-16T15:47:12.2337
LuoJia1-01_LR201808172931_20180816154730_HDR_0013,local\LULO4\LuoJia1-01_LR201808172931_20180816154730_HDR_0013_meta.xml,local\LULO4\LuoJia1-01_LR201808172931_20180816154730_HDR_0013_gec.tif,hf://buckets/cbernegger/LULO4/LuoJia1-01_LR201808172931_20180816154730_HDR_0013_meta.xml,hf://buckets/cbernegger/LULO4/LuoJia1-01_LR201808172931_20180816154730_HDR_0013_gec.tif,93.474303,37.5336,97.232769,40.101933,95.366787,38.808079,2018-8-16T15:47:17.2386
LuoJia1-01_LR201808172931_20180816154735_HDR_0014,local\LULO4\LuoJia1-01_LR201808172931_20180816154735_HDR_0014_meta.xml,local\LULO4\LuoJia1-01_LR201808172931_20180816154735_HDR_0014_gec.tif,hf://buckets/cbernegger/LULO4/LuoJia1-01_LR201808172931_20180816154735_HDR_0014_meta.xml,hf://buckets/cbernegger/LULO4/LuoJia1-01_LR201808172931_20180816154735_HDR_0014_gec.tif,93.368776,37.832914,97.150758,40.409062,95.273998,39.110469,2018-8-16T15:47:22.2435
LuoJia1-01_LR201808172931_20180816154740_HDR_0015,local\LULO4\LuoJia1-01_LR201808172931_20180816154740_HDR_0015_meta.xml,local\LULO4\LuoJia1-01_LR201808172931_20180816154740_HDR_0015_gec.tif,hf://buckets/cbernegger/LULO4/LuoJia1-01_LR201808172931_20180816154740_HDR_0015_meta.xml,hf://buckets/cbernegger/LULO4/LuoJia1-01_LR201808172931_20180816154740_HDR_0015_gec.tif,93.266353,38.134362,97.064121,40.709135,95.180477,39.411862,2018-8-16T15:47:27.2483
LuoJia1-01_LR201808172931_20180816154744_HDR_0016,local\LULO4\LuoJia1-01_LR201808172931_20180816154744_HDR_0016_meta.xml,local\LULO4\LuoJia1-01_LR201808172931_20180816154744_HDR_0016_gec.tif,hf://buckets/cbernegger/LULO4/LuoJia1-01_LR201808172931_20180816154744_HDR_0016_meta.xml,hf://buckets/cbernegger/LULO4/LuoJia1-01_LR201808172931_20180816154744_HDR_0016_gec.tif,93.164275,38.436209,96.979284,41.01105,95.087727,39.714508,2018-8-16T15:47:32.2532
LuoJia1-01_LR201808172931_20180816154750_HDR_0017,local\LULO4\LuoJia1-01_LR201808172931_20180816154750_HDR_0017_meta.xml,local\LULO4\LuoJia1-01_LR201808172931_20180816154750_HDR_0017_gec.tif,hf://buckets/cbernegger/LULO4/LuoJia1-01_LR201808172931_20180816154750_HDR_0017_meta.xml,hf://buckets/cbernegger/LULO4/LuoJia1-01_LR201808172931_20180816154750_HDR_0017_gec.tif,93.061227,38.738637,96.897461,41.313675,94.994302,40.016998,2018-8-16T15:47:37.2581
LuoJia1-01_LR201808172931_20180816154755_HDR_0018,local\LULO4\LuoJia1-01_LR201808172931_20180816154755_HDR_0018_meta.xml,local\LULO4\LuoJia1-01_LR201808172931_20180816154755_HDR_0018_gec.tif,hf://buckets/cbernegger/LULO4/LuoJia1-01_LR201808172931_20180816154755_HDR_0018_meta.xml,hf://buckets/cbernegger/LULO4/LuoJia1-01_LR201808172931_20180816154755_HDR_0018_gec.tif,92.957782,39.040286,96.810946,41.615924,94.901037,40.318634,2018-8-16T15:47:42.2629
LuoJia1-01_LR201808172931_20180816154800_HDR_0019,local\LULO4\LuoJia1-01_LR201808172931_20180816154800_HDR_0019_meta.xml,local\LULO4\LuoJia1-01_LR201808172931_20180816154800_HDR_0019_gec.tif,hf://buckets/cbernegger/LULO4/LuoJia1-01_LR201808172931_20180816154800_HDR_0019_meta.xml,hf://buckets/cbernegger/LULO4/LuoJia1-01_LR201808172931_20180816154800_HDR_0019_gec.tif,92.846906,39.34485,96.729746,41.917709,94.803434,40.621313,2018-8-16T15:47:47.2678
LuoJia1-01_LR201808172931_20180816154805_HDR_0020,local\LULO4\LuoJia1-01_LR201808172931_20180816154805_HDR_0020_meta.xml,local\LULO4\LuoJia1-01_LR201808172931_20180816154805_HDR_0020_gec.tif,hf://buckets/cbernegger/LULO4/LuoJia1-01_LR201808172931_20180816154805_HDR_0020_meta.xml,hf://buckets/cbernegger/LULO4/LuoJia1-01_LR201808172931_20180816154805_HDR_0020_gec.tif,92.735215,39.641214,96.640399,42.223075,94.702181,40.92526,2018-8-16T15:47:52.2727
LuoJia1-01_LR201808172931_20180816154810_HDR_0021,local\LULO4\LuoJia1-01_LR201808172931_20180816154810_HDR_0021_meta.xml,local\LULO4\LuoJia1-01_LR201808172931_20180816154810_HDR_0021_gec.tif,hf://buckets/cbernegger/LULO4/LuoJia1-01_LR201808172931_20180816154810_HDR_0021_meta.xml,hf://buckets/cbernegger/LULO4/LuoJia1-01_LR201808172931_20180816154810_HDR_0021_gec.tif,92.631301,39.94029,96.553037,42.528583,94.605778,41.227895,2018-8-16T15:47:57.2775
LuoJia1-01_LR201808172931_20180816154815_HDR_0022,local\LULO4\LuoJia1-01_LR201808172931_20180816154815_HDR_0022_meta.xml,local\LULO4\LuoJia1-01_LR201808172931_20180816154815_HDR_0022_gec.tif,hf://buckets/cbernegger/LULO4/LuoJia1-01_LR201808172931_20180816154815_HDR_0022_meta.xml,hf://buckets/cbernegger/LULO4/LuoJia1-01_LR201808172931_20180816154815_HDR_0022_gec.tif,92.531157,40.241776,96.471134,42.831359,94.515311,41.529796,2018-8-16T15:48:2.28246
LuoJia1-01_LR201808172931_20180816154820_HDR_0023,local\LULO4\LuoJia1-01_LR201808172931_20180816154820_HDR_0023_meta.xml,local\LULO4\LuoJia1-01_LR201808172931_20180816154820_HDR_0023_gec.tif,hf://buckets/cbernegger/LULO4/LuoJia1-01_LR201808172931_20180816154820_HDR_0023_meta.xml,hf://buckets/cbernegger/LULO4/LuoJia1-01_LR201808172931_20180816154820_HDR_0023_gec.tif,92.426455,40.547303,96.391719,43.135597,94.423609,41.834206,2018-8-16T15:48:7.28733
LuoJia1-01_LR201808172931_20180816154825_HDR_0024,local\LULO4\LuoJia1-01_LR201808172931_20180816154825_HDR_0024_meta.xml,local\LULO4\LuoJia1-01_LR201808172931_20180816154825_HDR_0024_gec.tif,hf://buckets/cbernegger/LULO4/LuoJia1-01_LR201808172931_20180816154825_HDR_0024_meta.xml,hf://buckets/cbernegger/LULO4/LuoJia1-01_LR201808172931_20180816154825_HDR_0024_gec.tif,92.318147,40.855967,96.30642,43.443471,94.326938,42.141714,2018-8-16T15:48:12.2922
LuoJia1-01_LR201808172931_20180816154830_HDR_0025,local\LULO4\LuoJia1-01_LR201808172931_20180816154830_HDR_0025_meta.xml,local\LULO4\LuoJia1-01_LR201808172931_20180816154830_HDR_0025_gec.tif,hf://buckets/cbernegger/LULO4/LuoJia1-01_LR201808172931_20180816154830_HDR_0025_meta.xml,hf://buckets/cbernegger/LULO4/LuoJia1-01_LR201808172931_20180816154830_HDR_0025_gec.tif,92.212754,41.161143,96.215931,43.75298,94.228839,42.448626,2018-8-16T15:48:17.2970
LuoJia1-01_LR201808172931_20180816154835_HDR_0026,local\LULO4\LuoJia1-01_LR201808172931_20180816154835_HDR_0026_meta.xml,local\LULO4\LuoJia1-01_LR201808172931_20180816154835_HDR_0026_gec.tif,hf://buckets/cbernegger/LULO4/LuoJia1-01_LR201808172931_20180816154835_HDR_0026_meta.xml,hf://buckets/cbernegger/LULO4/LuoJia1-01_LR201808172931_20180816154835_HDR_0026_gec.tif,92.103315,41.464446,96.128991,44.058874,94.129803,42.753779,2018-8-16T15:48:22.3019
LuoJia1-01_LR201808172931_20180816154840_HDR_0027,local\LULO4\LuoJia1-01_LR201808172931_20180816154840_HDR_0027_meta.xml,local\LULO4\LuoJia1-01_LR201808172931_20180816154840_HDR_0027_gec.tif,hf://buckets/cbernegger/LULO4/LuoJia1-01_LR201808172931_20180816154840_HDR_0027_meta.xml,hf://buckets/cbernegger/LULO4/LuoJia1-01_LR201808172931_20180816154840_HDR_0027_gec.tif,91.996318,41.768425,96.041102,44.363799,94.033376,43.058546,2018-8-16T15:48:27.3068
LuoJia1-01_LR201808172931_20180816154845_HDR_0028,local\LULO4\LuoJia1-01_LR201808172931_20180816154845_HDR_0028_meta.xml,local\LULO4\LuoJia1-01_LR201808172931_20180816154845_HDR_0028_gec.tif,hf://buckets/cbernegger/LULO4/LuoJia1-01_LR201808172931_20180816154845_HDR_0028_meta.xml,hf://buckets/cbernegger/LULO4/LuoJia1-01_LR201808172931_20180816154845_HDR_0028_gec.tif,91.884422,42.071975,95.960803,44.668078,93.936463,43.363633,2018-8-16T15:48:32.3116
LuoJia1-01_LR201808172931_20180816154850_HDR_0029,local\LULO4\LuoJia1-01_LR201808172931_20180816154850_HDR_0029_meta.xml,local\LULO4\LuoJia1-01_LR201808172931_20180816154850_HDR_0029_gec.tif,hf://buckets/cbernegger/LULO4/LuoJia1-01_LR201808172931_20180816154850_HDR_0029_meta.xml,hf://buckets/cbernegger/LULO4/LuoJia1-01_LR201808172931_20180816154850_HDR_0029_gec.tif,91.764442,42.374322,95.872265,44.971917,93.832209,43.668108,2018-8-16T15:48:37.3164
LuoJia1-01_LR201808172931_20180816154855_HDR_0030,local\LULO4\LuoJia1-01_LR201808172931_20180816154855_HDR_0030_meta.xml,local\LULO4\LuoJia1-01_LR201808172931_20180816154855_HDR_0030_gec.tif,hf://buckets/cbernegger/LULO4/LuoJia1-01_LR201808172931_20180816154855_HDR_0030_meta.xml,hf://buckets/cbernegger/LULO4/LuoJia1-01_LR201808172931_20180816154855_HDR_0030_gec.tif,91.644176,42.675752,95.776257,45.280507,93.725634,43.972014,2018-8-16T15:48:42.3214
LuoJia1-01_LR201808172931_20180816154900_HDR_0031,local\LULO4\LuoJia1-01_LR201808172931_20180816154900_HDR_0031_meta.xml,local\LULO4\LuoJia1-01_LR201808172931_20180816154900_HDR_0031_gec.tif,hf://buckets/cbernegger/LULO4/LuoJia1-01_LR201808172931_20180816154900_HDR_0031_meta.xml,hf://buckets/cbernegger/LULO4/LuoJia1-01_LR201808172931_20180816154900_HDR_0031_gec.tif,91.532713,42.976582,95.682942,45.582266,93.622655,44.273985,2018-8-16T15:48:47.3263
LuoJia1-01_LR201808172931_20180816154905_HDR_0032,local\LULO4\LuoJia1-01_LR201808172931_20180816154905_HDR_0032_meta.xml,local\LULO4\LuoJia1-01_LR201808172931_20180816154905_HDR_0032_gec.tif,hf://buckets/cbernegger/LULO4/LuoJia1-01_LR201808172931_20180816154905_HDR_0032_meta.xml,hf://buckets/cbernegger/LULO4/LuoJia1-01_LR201808172931_20180816154905_HDR_0032_gec.tif,91.418883,43.279171,95.594443,45.885431,93.521709,44.575256,2018-8-16T15:48:52.3311
LuoJia1-01_LR201808172931_20180816154910_HDR_0033,local\LULO4\LuoJia1-01_LR201808172931_20180816154910_HDR_0033_meta.xml,local\LULO4\LuoJia1-01_LR201808172931_20180816154910_HDR_0033_gec.tif,hf://buckets/cbernegger/LULO4/LuoJia1-01_LR201808172931_20180816154910_HDR_0033_meta.xml,hf://buckets/cbernegger/LULO4/LuoJia1-01_LR201808172931_20180816154910_HDR_0033_gec.tif,91.302735,43.583101,95.503741,46.189354,93.418976,44.877567,2018-8-16T15:48:57.3360
LuoJia1-01_LR201808172931_20180816154915_HDR_0034,local\LULO4\LuoJia1-01_LR201808172931_20180816154915_HDR_0034_meta.xml,local\LULO4\LuoJia1-01_LR201808172931_20180816154915_HDR_0034_gec.tif,hf://buckets/cbernegger/LULO4/LuoJia1-01_LR201808172931_20180816154915_HDR_0034_meta.xml,hf://buckets/cbernegger/LULO4/LuoJia1-01_LR201808172931_20180816154915_HDR_0034_gec.tif,91.181962,43.885025,95.411273,46.489896,93.312089,45.1808,2018-8-16T15:49:2.34094
LuoJia1-01_LR201808172931_20180816154920_HDR_0035,local\LULO4\LuoJia1-01_LR201808172931_20180816154920_HDR_0035_meta.xml,local\LULO4\LuoJia1-01_LR201808172931_20180816154920_HDR_0035_gec.tif,hf://buckets/cbernegger/LULO4/LuoJia1-01_LR201808172931_20180816154920_HDR_0035_meta.xml,hf://buckets/cbernegger/LULO4/LuoJia1-01_LR201808172931_20180816154920_HDR_0035_gec.tif,91.064607,44.185236,95.312058,46.797327,93.205282,45.483182,2018-8-16T15:49:7.34582
LuoJia1-01_LR201808172931_20180816154925_HDR_0036,local\LULO4\LuoJia1-01_LR201808172931_20180816154925_HDR_0036_meta.xml,local\LULO4\LuoJia1-01_LR201808172931_20180816154925_HDR_0036_gec.tif,hf://buckets/cbernegger/LULO4/LuoJia1-01_LR201808172931_20180816154925_HDR_0036_meta.xml,hf://buckets/cbernegger/LULO4/LuoJia1-01_LR201808172931_20180816154925_HDR_0036_gec.tif,90.945888,44.485319,95.210892,47.099793,93.097819,45.785002,2018-8-16T15:49:12.3507
LuoJia1-01_LR201808172931_20180816154930_HDR_0037,local\LULO4\LuoJia1-01_LR201808172931_20180816154930_HDR_0037_meta.xml,local\LULO4\LuoJia1-01_LR201808172931_20180816154930_HDR_0037_gec.tif,hf://buckets/cbernegger/LULO4/LuoJia1-01_LR201808172931_20180816154930_HDR_0037_meta.xml,hf://buckets/cbernegger/LULO4/LuoJia1-01_LR201808172931_20180816154930_HDR_0037_gec.tif,90.825189,44.785974,95.120978,47.402413,92.989646,46.087412,2018-8-16T15:49:17.3555
LuoJia1-01_LR201808172931_20180816154935_HDR_0038,local\LULO4\LuoJia1-01_LR201808172931_20180816154935_HDR_0038_meta.xml,local\LULO4\LuoJia1-01_LR201808172931_20180816154935_HDR_0038_gec.tif,hf://buckets/cbernegger/LULO4/LuoJia1-01_LR201808172931_20180816154935_HDR_0038_meta.xml,hf://buckets/cbernegger/LULO4/LuoJia1-01_LR201808172931_20180816154935_HDR_0038_gec.tif,90.70545,45.092083,95.027598,47.705816,92.882438,46.391406,2018-8-16T15:49:22.3604
LuoJia1-01_LR201808172931_20180816154940_HDR_0039,local\LULO4\LuoJia1-01_LR201808172931_20180816154940_HDR_0039_meta.xml,local\LULO4\LuoJia1-01_LR201808172931_20180816154940_HDR_0039_gec.tif,hf://buckets/cbernegger/LULO4/LuoJia1-01_LR201808172931_20180816154940_HDR_0039_meta.xml,hf://buckets/cbernegger/LULO4/LuoJia1-01_LR201808172931_20180816154940_HDR_0039_gec.tif,90.584306,45.394453,94.931302,48.012601,92.776289,46.696106,2018-8-16T15:49:27.3653
LuoJia1-01_LR201808172931_20180816154945_HDR_0040,local\LULO4\LuoJia1-01_LR201808172931_20180816154945_HDR_0040_meta.xml,local\LULO4\LuoJia1-01_LR201808172931_20180816154945_HDR_0040_gec.tif,hf://buckets/cbernegger/LULO4/LuoJia1-01_LR201808172931_20180816154945_HDR_0040_meta.xml,hf://buckets/cbernegger/LULO4/LuoJia1-01_LR201808172931_20180816154945_HDR_0040_gec.tif,90.453641,45.697347,94.841266,48.31772,92.663431,47.000517,2018-8-16T15:49:32.3702
LuoJia1-01_LR201808172931_20180816154950_HDR_0041,local\LULO4\LuoJia1-01_LR201808172931_20180816154950_HDR_0041_meta.xml,local\LULO4\LuoJia1-01_LR201808172931_20180816154950_HDR_0041_gec.tif,hf://buckets/cbernegger/LULO4/LuoJia1-01_LR201808172931_20180816154950_HDR_0041_meta.xml,hf://buckets/cbernegger/LULO4/LuoJia1-01_LR201808172931_20180816154950_HDR_0041_gec.tif,90.324572,45.996891,94.738236,48.62343,92.549636,47.30276,2018-8-16T15:49:37.3750
LuoJia1-01_LR201808172931_20180816154955_HDR_0042,local\LULO4\LuoJia1-01_LR201808172931_20180816154955_HDR_0042_meta.xml,local\LULO4\LuoJia1-01_LR201808172931_20180816154955_HDR_0042_gec.tif,hf://buckets/cbernegger/LULO4/LuoJia1-01_LR201808172931_20180816154955_HDR_0042_meta.xml,hf://buckets/cbernegger/LULO4/LuoJia1-01_LR201808172931_20180816154955_HDR_0042_gec.tif,90.191864,46.297078,94.636599,48.924656,92.432971,47.602535,2018-8-16T15:49:42.3799
LuoJia1-01_LR201808172931_20180816155000_HDR_0043,local\LULO4\LuoJia1-01_LR201808172931_20180816155000_HDR_0043_meta.xml,local\LULO4\LuoJia1-01_LR201808172931_20180816155000_HDR_0043_gec.tif,hf://buckets/cbernegger/LULO4/LuoJia1-01_LR201808172931_20180816155000_HDR_0043_meta.xml,hf://buckets/cbernegger/LULO4/LuoJia1-01_LR201808172931_20180816155000_HDR_0043_gec.tif,90.061909,46.597009,94.533069,49.224873,92.316234,47.902012,2018-8-16T15:49:47.3848
LuoJia1-01_LR201808172931_20180816155005_HDR_0044,local\LULO4\LuoJia1-01_LR201808172931_20180816155005_HDR_0044_meta.xml,local\LULO4\LuoJia1-01_LR201808172931_20180816155005_HDR_0044_gec.tif,hf://buckets/cbernegger/LULO4/LuoJia1-01_LR201808172931_20180816155005_HDR_0044_meta.xml,hf://buckets/cbernegger/LULO4/LuoJia1-01_LR201808172931_20180816155005_HDR_0044_gec.tif,89.930318,46.89915,94.430124,49.522409,92.199886,48.203053,2018-8-16T15:49:52.3897
LuoJia1-01_LR201808172931_20180816155010_HDR_0045,local\LULO4\LuoJia1-01_LR201808172931_20180816155010_HDR_0045_meta.xml,local\LULO4\LuoJia1-01_LR201808172931_20180816155010_HDR_0045_gec.tif,hf://buckets/cbernegger/LULO4/LuoJia1-01_LR201808172931_20180816155010_HDR_0045_meta.xml,hf://buckets/cbernegger/LULO4/LuoJia1-01_LR201808172931_20180816155010_HDR_0045_gec.tif,89.799842,47.202239,94.327362,49.828704,92.084506,48.506444,2018-8-16T15:49:57.3946
LuoJia1-01_LR201808172931_20180816155015_HDR_0046,local\LULO4\LuoJia1-01_LR201808172931_20180816155015_HDR_0046_meta.xml,local\LULO4\LuoJia1-01_LR201808172931_20180816155015_HDR_0046_gec.tif,hf://buckets/cbernegger/LULO4/LuoJia1-01_LR201808172931_20180816155015_HDR_0046_meta.xml,hf://buckets/cbernegger/LULO4/LuoJia1-01_LR201808172931_20180816155015_HDR_0046_gec.tif,89.666517,47.502417,94.227652,50.134588,91.966407,48.809733,2018-8-16T15:50:2.39948
LuoJia1-01_LR201808172931_20180816155020_HDR_0047,local\LULO4\LuoJia1-01_LR201808172931_20180816155020_HDR_0047_meta.xml,local\LULO4\LuoJia1-01_LR201808172931_20180816155020_HDR_0047_gec.tif,hf://buckets/cbernegger/LULO4/LuoJia1-01_LR201808172931_20180816155020_HDR_0047_meta.xml,hf://buckets/cbernegger/LULO4/LuoJia1-01_LR201808172931_20180816155020_HDR_0047_gec.tif,89.535589,47.79994,94.121959,50.437941,91.849114,49.110185,2018-8-16T15:50:7.40407
LuoJia1-01_LR201808172931_20180816155025_HDR_0048,local\LULO4\LuoJia1-01_LR201808172931_20180816155025_HDR_0048_meta.xml,local\LULO4\LuoJia1-01_LR201808172931_20180816155025_HDR_0048_gec.tif,hf://buckets/cbernegger/LULO4/LuoJia1-01_LR201808172931_20180816155025_HDR_0048_meta.xml,hf://buckets/cbernegger/LULO4/LuoJia1-01_LR201808172931_20180816155025_HDR_0048_gec.tif,89.397569,48.098689,94.020939,50.737908,91.729942,49.409543,2018-8-16T15:50:12.4082
LuoJia1-01_LR201808172931_20180816155030_HDR_0049,local\LULO4\LuoJia1-01_LR201808172931_20180816155030_HDR_0049_meta.xml,local\LULO4\LuoJia1-01_LR201808172931_20180816155030_HDR_0049_gec.tif,hf://buckets/cbernegger/LULO4/LuoJia1-01_LR201808172931_20180816155030_HDR_0049_meta.xml,hf://buckets/cbernegger/LULO4/LuoJia1-01_LR201808172931_20180816155030_HDR_0049_gec.tif,89.255705,48.398726,93.916487,51.036072,91.608361,49.710433,2018-8-16T15:50:17.4141
LuoJia1-01_LR201808172931_20180816155035_HDR_0050,local\LULO4\LuoJia1-01_LR201808172931_20180816155035_HDR_0050_meta.xml,local\LULO4\LuoJia1-01_LR201808172931_20180816155035_HDR_0050_gec.tif,hf://buckets/cbernegger/LULO4/LuoJia1-01_LR201808172931_20180816155035_HDR_0050_meta.xml,hf://buckets/cbernegger/LULO4/LuoJia1-01_LR201808172931_20180816155035_HDR_0050_gec.tif,89.114689,48.701664,93.809561,51.342128,91.484826,50.012592,2018-8-16T15:50:22.4190
LuoJia1-01_LR201808172931_20180816155040_HDR_0051,local\LULO4\LuoJia1-01_LR201808172931_20180816155040_HDR_0051_meta.xml,local\LULO4\LuoJia1-01_LR201808172931_20180816155040_HDR_0051_gec.tif,hf://buckets/cbernegger/LULO4/LuoJia1-01_LR201808172931_20180816155040_HDR_0051_meta.xml,hf://buckets/cbernegger/LULO4/LuoJia1-01_LR201808172931_20180816155040_HDR_0051_gec.tif,88.971968,49.004951,93.699811,51.64732,91.359947,50.318158,2018-8-16T15:50:27.4238
LuoJia1-01_LR201808172931_20180816155045_HDR_0052,local\LULO4\LuoJia1-01_LR201808172931_20180816155045_HDR_0052_meta.xml,local\LULO4\LuoJia1-01_LR201808172931_20180816155045_HDR_0052_gec.tif,hf://buckets/cbernegger/LULO4/LuoJia1-01_LR201808172931_20180816155045_HDR_0052_meta.xml,hf://buckets/cbernegger/LULO4/LuoJia1-01_LR201808172931_20180816155045_HDR_0052_gec.tif,88.826622,49.311139,93.589231,51.951791,91.233149,50.624252,2018-8-16T15:50:32.4287
LuoJia1-01_LR201808172931_20180816155050_HDR_0053,local\LULO4\LuoJia1-01_LR201808172931_20180816155050_HDR_0053_meta.xml,local\LULO4\LuoJia1-01_LR201808172931_20180816155050_HDR_0053_gec.tif,hf://buckets/cbernegger/LULO4/LuoJia1-01_LR201808172931_20180816155050_HDR_0053_meta.xml,hf://buckets/cbernegger/LULO4/LuoJia1-01_LR201808172931_20180816155050_HDR_0053_gec.tif,88.679213,49.614858,93.481364,52.260757,91.105931,50.929493,2018-8-16T15:50:37.4336
LuoJia1-01_LR201808172931_20180816155055_HDR_0054,local\LULO4\LuoJia1-01_LR201808172931_20180816155055_HDR_0054_meta.xml,local\LULO4\LuoJia1-01_LR201808172931_20180816155055_HDR_0054_gec.tif,hf://buckets/cbernegger/LULO4/LuoJia1-01_LR201808172931_20180816155055_HDR_0054_meta.xml,hf://buckets/cbernegger/LULO4/LuoJia1-01_LR201808172931_20180816155055_HDR_0054_gec.tif,88.530526,49.917687,93.370772,52.567339,90.977556,51.233245,2018-8-16T15:50:42.4385
LuoJia1-01_LR201808172931_20180816155100_HDR_0055,local\LULO4\LuoJia1-01_LR201808172931_20180816155100_HDR_0055_meta.xml,local\LULO4\LuoJia1-01_LR201808172931_20180816155100_HDR_0055_gec.tif,hf://buckets/cbernegger/LULO4/LuoJia1-01_LR201808172931_20180816155100_HDR_0055_meta.xml,hf://buckets/cbernegger/LULO4/LuoJia1-01_LR201808172931_20180816155100_HDR_0055_gec.tif,88.381182,50.217011,93.258168,52.871146,90.847435,51.535409,2018-8-16T15:50:47.4434
LuoJia1-01_LR201808172931_20180816155105_HDR_0056,local\LULO4\LuoJia1-01_LR201808172931_20180816155105_HDR_0056_meta.xml,local\LULO4\LuoJia1-01_LR201808172931_20180816155105_HDR_0056_gec.tif,hf://buckets/cbernegger/LULO4/LuoJia1-01_LR201808172931_20180816155105_HDR_0056_meta.xml,hf://buckets/cbernegger/LULO4/LuoJia1-01_LR201808172931_20180816155105_HDR_0056_gec.tif,88.23455,50.509722,93.142106,53.175877,90.719293,51.833255,2018-8-16T15:50:52.4483
LuoJia1-01_LR201808172931_20180816155110_HDR_0057,local\LULO4\LuoJia1-01_LR201808172931_20180816155110_HDR_0057_meta.xml,local\LULO4\LuoJia1-01_LR201808172931_20180816155110_HDR_0057_gec.tif,hf://buckets/cbernegger/LULO4/LuoJia1-01_LR201808172931_20180816155110_HDR_0057_meta.xml,hf://buckets/cbernegger/LULO4/LuoJia1-01_LR201808172931_20180816155110_HDR_0057_gec.tif,88.08782,50.803747,93.032471,53.472834,90.591675,52.128634,2018-8-16T15:50:57.4531
LuoJia1-01_LR201808172931_20180816155115_HDR_0058,local\LULO4\LuoJia1-01_LR201808172931_20180816155115_HDR_0058_meta.xml,local\LULO4\LuoJia1-01_LR201808172931_20180816155115_HDR_0058_gec.tif,hf://buckets/cbernegger/LULO4/LuoJia1-01_LR201808172931_20180816155115_HDR_0058_meta.xml,hf://buckets/cbernegger/LULO4/LuoJia1-01_LR201808172931_20180816155115_HDR_0058_gec.tif,87.939565,51.097973,92.927714,53.768038,90.463171,52.42361,2018-8-16T15:51:2.45807
LuoJia1-01_LR201808179892_20180816204004_HDR_0000,local\LULO4\LuoJia1-01_LR201808179892_20180816204004_HDR_0000_meta.xml,local\LULO4\LuoJia1-01_LR201808179892_20180816204004_HDR_0000_gec.tif,hf://buckets/cbernegger/LULO4/LuoJia1-01_LR201808179892_20180816204004_HDR_0000_meta.xml,hf://buckets/cbernegger/LULO4/LuoJia1-01_LR201808179892_20180816204004_HDR_0000_gec.tif,20.506584,36.829746,24.235588,39.401898,22.38081,38.107809,2018-8-16T20:39:52.1356
LuoJia1-01_LR201808179892_20180816204009_HDR_0001,local\LULO4\LuoJia1-01_LR201808179892_20180816204009_HDR_0001_meta.xml,local\LULO4\LuoJia1-01_LR201808179892_20180816204009_HDR_0001_gec.tif,hf://buckets/cbernegger/LULO4/LuoJia1-01_LR201808179892_20180816204009_HDR_0001_meta.xml,hf://buckets/cbernegger/LULO4/LuoJia1-01_LR201808179892_20180816204009_HDR_0001_gec.tif,20.407397,37.130701,24.158186,39.70861,22.290887,38.410846,2018-8-16T20:39:57.1405
LuoJia1-01_LR201808179892_20180816204014_HDR_0002,local\LULO4\LuoJia1-01_LR201808179892_20180816204014_HDR_0002_meta.xml,local\LULO4\LuoJia1-01_LR201808179892_20180816204014_HDR_0002_gec.tif,hf://buckets/cbernegger/LULO4/LuoJia1-01_LR201808179892_20180816204014_HDR_0002_meta.xml,hf://buckets/cbernegger/LULO4/LuoJia1-01_LR201808179892_20180816204014_HDR_0002_gec.tif,20.309149,37.431546,24.074732,40.010133,22.200632,38.712159,2018-8-16T20:40:2.14537
LuoJia1-01_LR201808179892_20180816204019_HDR_0003,local\LULO4\LuoJia1-01_LR201808179892_20180816204019_HDR_0003_meta.xml,local\LULO4\LuoJia1-01_LR201808179892_20180816204019_HDR_0003_gec.tif,hf://buckets/cbernegger/LULO4/LuoJia1-01_LR201808179892_20180816204019_HDR_0003_meta.xml,hf://buckets/cbernegger/LULO4/LuoJia1-01_LR201808179892_20180816204019_HDR_0003_gec.tif,20.211046,37.732965,23.992816,40.311608,22.11014,39.014112,2018-8-16T20:40:7.15023
LuoJia1-01_LR201808179892_20180816204024_HDR_0004,local\LULO4\LuoJia1-01_LR201808179892_20180816204024_HDR_0004_meta.xml,local\LULO4\LuoJia1-01_LR201808179892_20180816204024_HDR_0004_gec.tif,hf://buckets/cbernegger/LULO4/LuoJia1-01_LR201808179892_20180816204024_HDR_0004_meta.xml,hf://buckets/cbernegger/LULO4/LuoJia1-01_LR201808179892_20180816204024_HDR_0004_gec.tif,20.11243,38.035299,23.911533,40.613764,22.022214,39.316287,2018-8-16T20:40:12.1547
LuoJia1-01_LR201808179892_20180816204029_HDR_0005,local\LULO4\LuoJia1-01_LR201808179892_20180816204029_HDR_0005_meta.xml,local\LULO4\LuoJia1-01_LR201808179892_20180816204029_HDR_0005_gec.tif,hf://buckets/cbernegger/LULO4/LuoJia1-01_LR201808179892_20180816204029_HDR_0005_meta.xml,hf://buckets/cbernegger/LULO4/LuoJia1-01_LR201808179892_20180816204029_HDR_0005_gec.tif,20.008606,38.339631,23.829483,40.916672,21.92856,39.621183,2018-8-16T20:40:17.1599
LuoJia1-01_LR201808179892_20180816204034_HDR_0006,local\LULO4\LuoJia1-01_LR201808179892_20180816204034_HDR_0006_meta.xml,local\LULO4\LuoJia1-01_LR201808179892_20180816204034_HDR_0006_gec.tif,hf://buckets/cbernegger/LULO4/LuoJia1-01_LR201808179892_20180816204034_HDR_0006_meta.xml,hf://buckets/cbernegger/LULO4/LuoJia1-01_LR201808179892_20180816204034_HDR_0006_gec.tif,19.904646,38.642637,23.745092,41.223333,21.834161,39.925093,2018-8-16T20:40:22.1648
LuoJia1-01_LR201808179892_20180816204039_HDR_0007,local\LULO4\LuoJia1-01_LR201808179892_20180816204039_HDR_0007_meta.xml,local\LULO4\LuoJia1-01_LR201808179892_20180816204039_HDR_0007_gec.tif,hf://buckets/cbernegger/LULO4/LuoJia1-01_LR201808179892_20180816204039_HDR_0007_meta.xml,hf://buckets/cbernegger/LULO4/LuoJia1-01_LR201808179892_20180816204039_HDR_0007_gec.tif,19.803461,38.945908,23.660898,41.525033,21.74234,40.228786,2018-8-16T20:40:27.1692
LuoJia1-01_LR201808179892_20180816204044_HDR_0008,local\LULO4\LuoJia1-01_LR201808179892_20180816204044_HDR_0008_meta.xml,local\LULO4\LuoJia1-01_LR201808179892_20180816204044_HDR_0008_gec.tif,hf://buckets/cbernegger/LULO4/LuoJia1-01_LR201808179892_20180816204044_HDR_0008_meta.xml,hf://buckets/cbernegger/LULO4/LuoJia1-01_LR201808179892_20180816204044_HDR_0008_gec.tif,19.701381,39.24988,23.578923,41.83079,21.650515,40.533881,2018-8-16T20:40:32.1745
LuoJia1-01_LR201808179892_20180816204049_HDR_0009,local\LULO4\LuoJia1-01_LR201808179892_20180816204049_HDR_0009_meta.xml,local\LULO4\LuoJia1-01_LR201808179892_20180816204049_HDR_0009_gec.tif,hf://buckets/cbernegger/LULO4/LuoJia1-01_LR201808179892_20180816204049_HDR_0009_meta.xml,hf://buckets/cbernegger/LULO4/LuoJia1-01_LR201808179892_20180816204049_HDR_0009_gec.tif,19.598197,39.552545,23.496844,42.136717,21.558985,40.837249,2018-8-16T20:40:37.1794
LuoJia1-01_LR201808179892_20180816204054_HDR_0010,local\LULO4\LuoJia1-01_LR201808179892_20180816204054_HDR_0010_meta.xml,local\LULO4\LuoJia1-01_LR201808179892_20180816204054_HDR_0010_gec.tif,hf://buckets/cbernegger/LULO4/LuoJia1-01_LR201808179892_20180816204054_HDR_0010_meta.xml,hf://buckets/cbernegger/LULO4/LuoJia1-01_LR201808179892_20180816204054_HDR_0010_gec.tif,19.490105,39.85779,23.413416,42.440715,21.462745,41.141347,2018-8-16T20:40:42.1842
LuoJia1-01_LR201808179892_20180816204059_HDR_0011,local\LULO4\LuoJia1-01_LR201808179892_20180816204059_HDR_0011_meta.xml,local\LULO4\LuoJia1-01_LR201808179892_20180816204059_HDR_0011_gec.tif,hf://buckets/cbernegger/LULO4/LuoJia1-01_LR201808179892_20180816204059_HDR_0011_meta.xml,hf://buckets/cbernegger/LULO4/LuoJia1-01_LR201808179892_20180816204059_HDR_0011_gec.tif,19.383116,40.16468,23.32198,42.745355,21.364602,41.446562,2018-8-16T20:40:47.1891
LuoJia1-01_LR201808179892_20180816204104_HDR_0012,local\LULO4\LuoJia1-01_LR201808179892_20180816204104_HDR_0012_meta.xml,local\LULO4\LuoJia1-01_LR201808179892_20180816204104_HDR_0012_gec.tif,hf://buckets/cbernegger/LULO4/LuoJia1-01_LR201808179892_20180816204104_HDR_0012_meta.xml,hf://buckets/cbernegger/LULO4/LuoJia1-01_LR201808179892_20180816204104_HDR_0012_gec.tif,19.276343,40.466867,23.23525,43.052223,21.266341,41.752015,2018-8-16T20:40:52.1939
LuoJia1-01_LR201808179892_20180816204109_HDR_0013,local\LULO4\LuoJia1-01_LR201808179892_20180816204109_HDR_0013_meta.xml,local\LULO4\LuoJia1-01_LR201808179892_20180816204109_HDR_0013_gec.tif,hf://buckets/cbernegger/LULO4/LuoJia1-01_LR201808179892_20180816204109_HDR_0013_meta.xml,hf://buckets/cbernegger/LULO4/LuoJia1-01_LR201808179892_20180816204109_HDR_0013_gec.tif,19.16559,40.768827,23.14657,43.358424,21.167309,42.056477,2018-8-16T20:40:57.1988
LuoJia1-01_LR201808179892_20180816204115_HDR_0014,local\LULO4\LuoJia1-01_LR201808179892_20180816204115_HDR_0014_meta.xml,local\LULO4\LuoJia1-01_LR201808179892_20180816204115_HDR_0014_gec.tif,hf://buckets/cbernegger/LULO4/LuoJia1-01_LR201808179892_20180816204115_HDR_0014_meta.xml,hf://buckets/cbernegger/LULO4/LuoJia1-01_LR201808179892_20180816204115_HDR_0014_gec.tif,19.058516,41.067542,23.05552,43.664638,21.069483,42.357911,2018-8-16T20:41:2.20372
LuoJia1-01_LR201808179892_20180816204119_HDR_0015,local\LULO4\LuoJia1-01_LR201808179892_20180816204119_HDR_0015_meta.xml,local\LULO4\LuoJia1-01_LR201808179892_20180816204119_HDR_0015_gec.tif,hf://buckets/cbernegger/LULO4/LuoJia1-01_LR201808179892_20180816204119_HDR_0015_meta.xml,hf://buckets/cbernegger/LULO4/LuoJia1-01_LR201808179892_20180816204119_HDR_0015_gec.tif,18.945772,41.369677,22.967845,43.965606,20.971031,42.660125,2018-8-16T20:41:7.20859
LuoJia1-01_LR201808179892_20180816204124_HDR_0016,local\LULO4\LuoJia1-01_LR201808179892_20180816204124_HDR_0016_meta.xml,local\LULO4\LuoJia1-01_LR201808179892_20180816204124_HDR_0016_gec.tif,hf://buckets/cbernegger/LULO4/LuoJia1-01_LR201808179892_20180816204124_HDR_0016_meta.xml,hf://buckets/cbernegger/LULO4/LuoJia1-01_LR201808179892_20180816204124_HDR_0016_gec.tif,18.837725,41.672796,22.881463,44.269427,20.873691,42.963453,2018-8-16T20:41:12.2134
LuoJia1-01_LR201808179892_20180816204129_HDR_0017,local\LULO4\LuoJia1-01_LR201808179892_20180816204129_HDR_0017_meta.xml,local\LULO4\LuoJia1-01_LR201808179892_20180816204129_HDR_0017_gec.tif,hf://buckets/cbernegger/LULO4/LuoJia1-01_LR201808179892_20180816204129_HDR_0017_meta.xml,hf://buckets/cbernegger/LULO4/LuoJia1-01_LR201808179892_20180816204129_HDR_0017_gec.tif,18.725317,41.973354,22.796349,44.573756,20.773538,43.266347,2018-8-16T20:41:17.2183
LuoJia1-01_LR201808179892_20180816204135_HDR_0018,local\LULO4\LuoJia1-01_LR201808179892_20180816204135_HDR_0018_meta.xml,local\LULO4\LuoJia1-01_LR201808179892_20180816204135_HDR_0018_gec.tif,hf://buckets/cbernegger/LULO4/LuoJia1-01_LR201808179892_20180816204135_HDR_0018_meta.xml,hf://buckets/cbernegger/LULO4/LuoJia1-01_LR201808179892_20180816204135_HDR_0018_gec.tif,18.609984,42.275675,22.705325,44.877218,20.672645,43.568756,2018-8-16T20:41:22.2231
LuoJia1-01_LR201808179892_20180816204139_HDR_0019,local\LULO4\LuoJia1-01_LR201808179892_20180816204139_HDR_0019_meta.xml,local\LULO4\LuoJia1-01_LR201808179892_20180816204139_HDR_0019_gec.tif,hf://buckets/cbernegger/LULO4/LuoJia1-01_LR201808179892_20180816204139_HDR_0019_meta.xml,hf://buckets/cbernegger/LULO4/LuoJia1-01_LR201808179892_20180816204139_HDR_0019_gec.tif,18.495426,42.578681,22.613228,45.180331,20.569501,43.871506,2018-8-16T20:41:27.2280
LuoJia1-01_LR201808179892_20180816204144_HDR_0020,local\LULO4\LuoJia1-01_LR201808179892_20180816204144_HDR_0020_meta.xml,local\LULO4\LuoJia1-01_LR201808179892_20180816204144_HDR_0020_gec.tif,hf://buckets/cbernegger/LULO4/LuoJia1-01_LR201808179892_20180816204144_HDR_0020_meta.xml,hf://buckets/cbernegger/LULO4/LuoJia1-01_LR201808179892_20180816204144_HDR_0020_gec.tif,18.384325,42.880575,22.523753,45.483798,20.46914,44.173494,2018-8-16T20:41:32.2329
LuoJia1-01_LR201808179892_20180816204150_HDR_0021,local\LULO4\LuoJia1-01_LR201808179892_20180816204150_HDR_0021_meta.xml,local\LULO4\LuoJia1-01_LR201808179892_20180816204150_HDR_0021_gec.tif,hf://buckets/cbernegger/LULO4/LuoJia1-01_LR201808179892_20180816204150_HDR_0021_meta.xml,hf://buckets/cbernegger/LULO4/LuoJia1-01_LR201808179892_20180816204150_HDR_0021_gec.tif,18.270802,43.185791,22.434206,45.786577,20.368889,44.477386,2018-8-16T20:41:37.2378
LuoJia1-01_LR201808179892_20180816204155_HDR_0022,local\LULO4\LuoJia1-01_LR201808179892_20180816204155_HDR_0022_meta.xml,local\LULO4\LuoJia1-01_LR201808179892_20180816204155_HDR_0022_gec.tif,hf://buckets/cbernegger/LULO4/LuoJia1-01_LR201808179892_20180816204155_HDR_0022_meta.xml,hf://buckets/cbernegger/LULO4/LuoJia1-01_LR201808179892_20180816204155_HDR_0022_gec.tif,18.150769,43.485439,22.345193,46.092316,20.264043,44.780451,2018-8-16T20:41:42.2426
LuoJia1-01_LR201808179892_20180816204200_HDR_0023,local\LULO4\LuoJia1-01_LR201808179892_20180816204200_HDR_0023_meta.xml,local\LULO4\LuoJia1-01_LR201808179892_20180816204200_HDR_0023_gec.tif,hf://buckets/cbernegger/LULO4/LuoJia1-01_LR201808179892_20180816204200_HDR_0023_meta.xml,hf://buckets/cbernegger/LULO4/LuoJia1-01_LR201808179892_20180816204200_HDR_0023_gec.tif,18.029112,43.785242,22.249084,46.394593,20.15564,45.082181,2018-8-16T20:41:47.2475
LuoJia1-01_LR201808179892_20180816204210_HDR_0025,local\LULO4\LuoJia1-01_LR201808179892_20180816204210_HDR_0025_meta.xml,local\LULO4\LuoJia1-01_LR201808179892_20180816204210_HDR_0025_gec.tif,hf://buckets/cbernegger/LULO4/LuoJia1-01_LR201808179892_20180816204210_HDR_0025_meta.xml,hf://buckets/cbernegger/LULO4/LuoJia1-01_LR201808179892_20180816204210_HDR_0025_gec.tif,17.792076,44.387775,22.057187,47.003088,19.942024,45.688209,2018-8-16T20:41:57.2572
LuoJia1-01_LR201808179892_20180816204215_HDR_0026,local\LULO4\LuoJia1-01_LR201808179892_20180816204215_HDR_0026_meta.xml,local\LULO4\LuoJia1-01_LR201808179892_20180816204215_HDR_0026_gec.tif,hf://buckets/cbernegger/LULO4/LuoJia1-01_LR201808179892_20180816204215_HDR_0026_meta.xml,hf://buckets/cbernegger/LULO4/LuoJia1-01_LR201808179892_20180816204215_HDR_0026_gec.tif,17.671611,44.688,21.965582,47.304636,19.836379,45.988731,2018-8-16T20:42:2.26215
LuoJia1-01_LR201808179892_20180816204220_HDR_0027,local\LULO4\LuoJia1-01_LR201808179892_20180816204220_HDR_0027_meta.xml,local\LULO4\LuoJia1-01_LR201808179892_20180816204220_HDR_0027_gec.tif,hf://buckets/cbernegger/LULO4/LuoJia1-01_LR201808179892_20180816204220_HDR_0027_meta.xml,hf://buckets/cbernegger/LULO4/LuoJia1-01_LR201808179892_20180816204220_HDR_0027_gec.tif,17.542464,44.992207,21.871121,47.606535,19.72469,46.292677,2018-8-16T20:42:7.26703
LuoJia1-01_LR201808179892_20180816204225_HDR_0028,local\LULO4\LuoJia1-01_LR201808179892_20180816204225_HDR_0028_meta.xml,local\LULO4\LuoJia1-01_LR201808179892_20180816204225_HDR_0028_gec.tif,hf://buckets/cbernegger/LULO4/LuoJia1-01_LR201808179892_20180816204225_HDR_0028_meta.xml,hf://buckets/cbernegger/LULO4/LuoJia1-01_LR201808179892_20180816204225_HDR_0028_gec.tif,17.412481,45.295485,21.768639,47.913724,19.609457,46.598067,2018-8-16T20:42:12.2719
LuoJia1-01_LR201808179892_20180816204230_HDR_0029,local\LULO4\LuoJia1-01_LR201808179892_20180816204230_HDR_0029_meta.xml,local\LULO4\LuoJia1-01_LR201808179892_20180816204230_HDR_0029_gec.tif,hf://buckets/cbernegger/LULO4/LuoJia1-01_LR201808179892_20180816204230_HDR_0029_meta.xml,hf://buckets/cbernegger/LULO4/LuoJia1-01_LR201808179892_20180816204230_HDR_0029_gec.tif,17.28453,45.594285,21.665969,48.218983,19.494863,46.900086,2018-8-16T20:42:17.2767
LuoJia1-01_LR201808179892_20180816204235_HDR_0030,local\LULO4\LuoJia1-01_LR201808179892_20180816204235_HDR_0030_meta.xml,local\LULO4\LuoJia1-01_LR201808179892_20180816204235_HDR_0030_gec.tif,hf://buckets/cbernegger/LULO4/LuoJia1-01_LR201808179892_20180816204235_HDR_0030_meta.xml,hf://buckets/cbernegger/LULO4/LuoJia1-01_LR201808179892_20180816204235_HDR_0030_gec.tif,17.159509,45.894374,21.565963,48.520126,19.382668,47.200805,2018-8-16T20:42:22.2816
LuoJia1-01_LR201808179892_20180816204240_HDR_0031,local\LULO4\LuoJia1-01_LR201808179892_20180816204240_HDR_0031_meta.xml,local\LULO4\LuoJia1-01_LR201808179892_20180816204240_HDR_0031_gec.tif,hf://buckets/cbernegger/LULO4/LuoJia1-01_LR201808179892_20180816204240_HDR_0031_meta.xml,hf://buckets/cbernegger/LULO4/LuoJia1-01_LR201808179892_20180816204240_HDR_0031_gec.tif,17.034749,46.19646,21.468963,48.821273,19.272032,47.50267,2018-8-16T20:42:27.2865
LuoJia1-01_LR201808179892_20180816204245_HDR_0032,local\LULO4\LuoJia1-01_LR201808179892_20180816204245_HDR_0032_meta.xml,local\LULO4\LuoJia1-01_LR201808179892_20180816204245_HDR_0032_gec.tif,hf://buckets/cbernegger/LULO4/LuoJia1-01_LR201808179892_20180816204245_HDR_0032_meta.xml,hf://buckets/cbernegger/LULO4/LuoJia1-01_LR201808179892_20180816204245_HDR_0032_gec.tif,16.905463,46.501157,21.371942,49.124929,19.159519,47.807148,2018-8-16T20:42:32.2914
LuoJia1-01_LR201808179892_20180816204250_HDR_0033,local\LULO4\LuoJia1-01_LR201808179892_20180816204250_HDR_0033_meta.xml,local\LULO4\LuoJia1-01_LR201808179892_20180816204250_HDR_0033_gec.tif,hf://buckets/cbernegger/LULO4/LuoJia1-01_LR201808179892_20180816204250_HDR_0033_meta.xml,hf://buckets/cbernegger/LULO4/LuoJia1-01_LR201808179892_20180816204250_HDR_0033_gec.tif,16.771822,46.803809,21.271418,49.431793,19.043162,48.111928,2018-8-16T20:42:37.2962
LuoJia1-01_LR201808179892_20180816204255_HDR_0034,local\LULO4\LuoJia1-01_LR201808179892_20180816204255_HDR_0034_meta.xml,local\LULO4\LuoJia1-01_LR201808179892_20180816204255_HDR_0034_gec.tif,hf://buckets/cbernegger/LULO4/LuoJia1-01_LR201808179892_20180816204255_HDR_0034_meta.xml,hf://buckets/cbernegger/LULO4/LuoJia1-01_LR201808179892_20180816204255_HDR_0034_gec.tif,16.633388,47.104256,21.166779,49.737116,18.921554,48.414189,2018-8-16T20:42:42.3011
LuoJia1-01_LR201808179892_20180816204300_HDR_0035,local\LULO4\LuoJia1-01_LR201808179892_20180816204300_HDR_0035_meta.xml,local\LULO4\LuoJia1-01_LR201808179892_20180816204300_HDR_0035_gec.tif,hf://buckets/cbernegger/LULO4/LuoJia1-01_LR201808179892_20180816204300_HDR_0035_meta.xml,hf://buckets/cbernegger/LULO4/LuoJia1-01_LR201808179892_20180816204300_HDR_0035_gec.tif,16.501657,47.405513,21.057763,50.040164,18.801639,48.716275,2018-8-16T20:42:47.3060
LuoJia1-01_LR201808179892_20180816204305_HDR_0036,local\LULO4\LuoJia1-01_LR201808179892_20180816204305_HDR_0036_meta.xml,local\LULO4\LuoJia1-01_LR201808179892_20180816204305_HDR_0036_gec.tif,hf://buckets/cbernegger/LULO4/LuoJia1-01_LR201808179892_20180816204305_HDR_0036_meta.xml,hf://buckets/cbernegger/LULO4/LuoJia1-01_LR201808179892_20180816204305_HDR_0036_gec.tif,16.372563,47.706674,20.955551,50.343665,18.686695,49.019081,2018-8-16T20:42:52.3109
LuoJia1-01_LR201808179892_20180816204310_HDR_0037,local\LULO4\LuoJia1-01_LR201808179892_20180816204310_HDR_0037_meta.xml,local\LULO4\LuoJia1-01_LR201808179892_20180816204310_HDR_0037_gec.tif,hf://buckets/cbernegger/LULO4/LuoJia1-01_LR201808179892_20180816204310_HDR_0037_meta.xml,hf://buckets/cbernegger/LULO4/LuoJia1-01_LR201808179892_20180816204310_HDR_0037_gec.tif,16.243729,48.004687,20.857229,50.647527,18.573712,49.319406,2018-8-16T20:42:57.3157
LuoJia1-01_LR201808179892_20180816204315_HDR_0038,local\LULO4\LuoJia1-01_LR201808179892_20180816204315_HDR_0038_meta.xml,local\LULO4\LuoJia1-01_LR201808179892_20180816204315_HDR_0038_gec.tif,hf://buckets/cbernegger/LULO4/LuoJia1-01_LR201808179892_20180816204315_HDR_0038_meta.xml,hf://buckets/cbernegger/LULO4/LuoJia1-01_LR201808179892_20180816204315_HDR_0038_gec.tif,16.107932,48.30549,20.757442,50.947761,18.456956,49.619806,2018-8-16T20:43:2.32065
LuoJia1-01_LR201808179892_20180816204320_HDR_0039,local\LULO4\LuoJia1-01_LR201808179892_20180816204320_HDR_0039_meta.xml,local\LULO4\LuoJia1-01_LR201808179892_20180816204320_HDR_0039_gec.tif,hf://buckets/cbernegger/LULO4/LuoJia1-01_LR201808179892_20180816204320_HDR_0039_meta.xml,hf://buckets/cbernegger/LULO4/LuoJia1-01_LR201808179892_20180816204320_HDR_0039_gec.tif,15.965991,48.607577,20.653767,51.250597,18.334212,49.922562,2018-8-16T20:43:7.32553
LuoJia1-01_LR201808179892_20180816204325_HDR_0040,local\LULO4\LuoJia1-01_LR201808179892_20180816204325_HDR_0040_meta.xml,local\LULO4\LuoJia1-01_LR201808179892_20180816204325_HDR_0040_gec.tif,hf://buckets/cbernegger/LULO4/LuoJia1-01_LR201808179892_20180816204325_HDR_0040_meta.xml,hf://buckets/cbernegger/LULO4/LuoJia1-01_LR201808179892_20180816204325_HDR_0040_gec.tif,15.822184,48.908239,20.543154,51.555074,18.208606,50.224841,2018-8-16T20:43:12.3304
LuoJia1-01_LR201808179892_20180816204330_HDR_0041,local\LULO4\LuoJia1-01_LR201808179892_20180816204330_HDR_0041_meta.xml,local\LULO4\LuoJia1-01_LR201808179892_20180816204330_HDR_0041_gec.tif,hf://buckets/cbernegger/LULO4/LuoJia1-01_LR201808179892_20180816204330_HDR_0041_meta.xml,hf://buckets/cbernegger/LULO4/LuoJia1-01_LR201808179892_20180816204330_HDR_0041_gec.tif,15.680549,49.211431,20.434416,51.858162,18.083854,50.528163,2018-8-16T20:43:17.3352
LuoJia1-01_LR201808179892_20180816204335_HDR_0042,local\LULO4\LuoJia1-01_LR201808179892_20180816204335_HDR_0042_meta.xml,local\LULO4\LuoJia1-01_LR201808179892_20180816204335_HDR_0042_gec.tif,hf://buckets/cbernegger/LULO4/LuoJia1-01_LR201808179892_20180816204335_HDR_0042_meta.xml,hf://buckets/cbernegger/LULO4/LuoJia1-01_LR201808179892_20180816204335_HDR_0042_gec.tif,15.537018,49.510796,20.327095,52.163631,17.959052,50.829929,2018-8-16T20:43:22.3401
LuoJia1-01_LR201808179892_20180816204340_HDR_0043,local\LULO4\LuoJia1-01_LR201808179892_20180816204340_HDR_0043_meta.xml,local\LULO4\LuoJia1-01_LR201808179892_20180816204340_HDR_0043_gec.tif,hf://buckets/cbernegger/LULO4/LuoJia1-01_LR201808179892_20180816204340_HDR_0043_meta.xml,hf://buckets/cbernegger/LULO4/LuoJia1-01_LR201808179892_20180816204340_HDR_0043_gec.tif,15.388068,49.810169,20.217918,52.464966,17.830513,51.130438,2018-8-16T20:43:27.3450
LuoJia1-01_LR201808179892_20180816204345_HDR_0044,local\LULO4\LuoJia1-01_LR201808179892_20180816204345_HDR_0044_meta.xml,local\LULO4\LuoJia1-01_LR201808179892_20180816204345_HDR_0044_gec.tif,hf://buckets/cbernegger/LULO4/LuoJia1-01_LR201808179892_20180816204345_HDR_0044_meta.xml,hf://buckets/cbernegger/LULO4/LuoJia1-01_LR201808179892_20180816204345_HDR_0044_gec.tif,15.239132,50.108593,20.103826,52.76684,17.699237,51.43057,2018-8-16T20:43:32.3499
LuoJia1-01_LR201808179892_20180816204350_HDR_0045,local\LULO4\LuoJia1-01_LR201808179892_20180816204350_HDR_0045_meta.xml,local\LULO4\LuoJia1-01_LR201808179892_20180816204350_HDR_0045_gec.tif,hf://buckets/cbernegger/LULO4/LuoJia1-01_LR201808179892_20180816204350_HDR_0045_meta.xml,hf://buckets/cbernegger/LULO4/LuoJia1-01_LR201808179892_20180816204350_HDR_0045_gec.tif,15.095076,50.410186,19.990297,53.068228,17.571715,51.732035,2018-8-16T20:43:37.3548
LuoJia1-01_LR201808179892_20180816204355_HDR_0046,local\LULO4\LuoJia1-01_LR201808179892_20180816204355_HDR_0046_meta.xml,local\LULO4\LuoJia1-01_LR201808179892_20180816204355_HDR_0046_gec.tif,hf://buckets/cbernegger/LULO4/LuoJia1-01_LR201808179892_20180816204355_HDR_0046_meta.xml,hf://buckets/cbernegger/LULO4/LuoJia1-01_LR201808179892_20180816204355_HDR_0046_gec.tif,14.947975,50.712546,19.883644,53.372383,17.445981,52.035083,2018-8-16T20:43:42.3596
LuoJia1-01_LR201808179892_20180816204400_HDR_0047,local\LULO4\LuoJia1-01_LR201808179892_20180816204400_HDR_0047_meta.xml,local\LULO4\LuoJia1-01_LR201808179892_20180816204400_HDR_0047_gec.tif,hf://buckets/cbernegger/LULO4/LuoJia1-01_LR201808179892_20180816204400_HDR_0047_meta.xml,hf://buckets/cbernegger/LULO4/LuoJia1-01_LR201808179892_20180816204400_HDR_0047_gec.tif,14.784179,51.01093,19.773596,53.677124,17.308861,52.336847,2018-8-16T20:43:47.3645
LuoJia1-01_LR201808179892_20180816204405_HDR_0048,local\LULO4\LuoJia1-01_LR201808179892_20180816204405_HDR_0048_meta.xml,local\LULO4\LuoJia1-01_LR201808179892_20180816204405_HDR_0048_gec.tif,hf://buckets/cbernegger/LULO4/LuoJia1-01_LR201808179892_20180816204405_HDR_0048_meta.xml,hf://buckets/cbernegger/LULO4/LuoJia1-01_LR201808179892_20180816204405_HDR_0048_gec.tif,14.621074,51.309105,19.647041,53.978831,17.164795,52.637115,2018-8-16T20:43:52.3694
LuoJia1-01_LR201808179892_20180816204410_HDR_0049,local\LULO4\LuoJia1-01_LR201808179892_20180816204410_HDR_0049_meta.xml,local\LULO4\LuoJia1-01_LR201808179892_20180816204410_HDR_0049_gec.tif,hf://buckets/cbernegger/LULO4/LuoJia1-01_LR201808179892_20180816204410_HDR_0049_meta.xml,hf://buckets/cbernegger/LULO4/LuoJia1-01_LR201808179892_20180816204410_HDR_0049_gec.tif,14.466463,51.608711,19.521899,54.279812,17.02617,52.937805,2018-8-16T20:43:57.3743
LuoJia1-01_LR201808179892_20180816204415_HDR_0050,local\LULO4\LuoJia1-01_LR201808179892_20180816204415_HDR_0050_meta.xml,local\LULO4\LuoJia1-01_LR201808179892_20180816204415_HDR_0050_gec.tif,hf://buckets/cbernegger/LULO4/LuoJia1-01_LR201808179892_20180816204415_HDR_0050_meta.xml,hf://buckets/cbernegger/LULO4/LuoJia1-01_LR201808179892_20180816204415_HDR_0050_gec.tif,14.314521,51.908168,19.40632,54.582244,16.893389,53.23846,2018-8-16T20:44:2.37920
LuoJia1-01_LR201808179892_20180816204420_HDR_0051,local\LULO4\LuoJia1-01_LR201808179892_20180816204420_HDR_0051_meta.xml,local\LULO4\LuoJia1-01_LR201808179892_20180816204420_HDR_0051_gec.tif,hf://buckets/cbernegger/LULO4/LuoJia1-01_LR201808179892_20180816204420_HDR_0051_meta.xml,hf://buckets/cbernegger/LULO4/LuoJia1-01_LR201808179892_20180816204420_HDR_0051_gec.tif,14.156101,52.210053,19.294143,54.884918,16.75824,53.540577,2018-8-16T20:44:7.38408
LuoJia1-01_LR201808179892_20180816204425_HDR_0052,local\LULO4\LuoJia1-01_LR201808179892_20180816204425_HDR_0052_meta.xml,local\LULO4\LuoJia1-01_LR201808179892_20180816204425_HDR_0052_gec.tif,hf://buckets/cbernegger/LULO4/LuoJia1-01_LR201808179892_20180816204425_HDR_0052_meta.xml,hf://buckets/cbernegger/LULO4/LuoJia1-01_LR201808179892_20180816204425_HDR_0052_gec.tif,13.993366,52.509394,19.175751,55.189357,16.618732,53.842653,2018-8-16T20:44:12.3889
LuoJia1-01_LR201808179892_20180816204430_HDR_0053,local\LULO4\LuoJia1-01_LR201808179892_20180816204430_HDR_0053_meta.xml,local\LULO4\LuoJia1-01_LR201808179892_20180816204430_HDR_0053_gec.tif,hf://buckets/cbernegger/LULO4/LuoJia1-01_LR201808179892_20180816204430_HDR_0053_meta.xml,hf://buckets/cbernegger/LULO4/LuoJia1-01_LR201808179892_20180816204430_HDR_0053_gec.tif,13.826089,52.803903,19.054579,55.491763,16.474921,54.140985,2018-8-16T20:44:17.3938
LuoJia1-01_LR201808179892_20180816204440_HDR_0055,local\LULO4\LuoJia1-01_LR201808179892_20180816204440_HDR_0055_meta.xml,local\LULO4\LuoJia1-01_LR201808179892_20180816204440_HDR_0055_gec.tif,hf://buckets/cbernegger/LULO4/LuoJia1-01_LR201808179892_20180816204440_HDR_0055_meta.xml,hf://buckets/cbernegger/LULO4/LuoJia1-01_LR201808179892_20180816204440_HDR_0055_gec.tif,13.48707,53.397801,18.801897,56.087077,16.180978,54.736082,2018-8-16T20:44:27.4036
LuoJia1-01_LR201808179892_20180816204445_HDR_0056,local\LULO4\LuoJia1-01_LR201808179892_20180816204445_HDR_0056_meta.xml,local\LULO4\LuoJia1-01_LR201808179892_20180816204445_HDR_0056_gec.tif,hf://buckets/cbernegger/LULO4/LuoJia1-01_LR201808179892_20180816204445_HDR_0056_meta.xml,hf://buckets/cbernegger/LULO4/LuoJia1-01_LR201808179892_20180816204445_HDR_0056_gec.tif,13.309334,53.69594,18.675657,56.389243,16.029079,55.03647,2018-8-16T20:44:32.4084
LuoJia1-01_LR201808179892_20180816204450_HDR_0057,local\LULO4\LuoJia1-01_LR201808179892_20180816204450_HDR_0057_meta.xml,local\LULO4\LuoJia1-01_LR201808179892_20180816204450_HDR_0057_gec.tif,hf://buckets/cbernegger/LULO4/LuoJia1-01_LR201808179892_20180816204450_HDR_0057_meta.xml,hf://buckets/cbernegger/LULO4/LuoJia1-01_LR201808179892_20180816204450_HDR_0057_gec.tif,13.136832,53.991632,18.5424,56.690713,15.87763,55.334947,2018-8-16T20:44:37.4133
LuoJia1-01_LR201808179892_20180816204455_HDR_0058,local\LULO4\LuoJia1-01_LR201808179892_20180816204455_HDR_0058_meta.xml,local\LULO4\LuoJia1-01_LR201808179892_20180816204455_HDR_0058_gec.tif,hf://buckets/cbernegger/LULO4/LuoJia1-01_LR201808179892_20180816204455_HDR_0058_meta.xml,hf://buckets/cbernegger/LULO4/LuoJia1-01_LR201808179892_20180816204455_HDR_0058_gec.tif,12.961643,54.287102,18.415458,56.989532,15.72715,55.632224,2018-8-16T20:44:42.4183
LuoJia1-01_LR201808181946_20180817160854_HDR_0000,local\LULO4\LuoJia1-01_LR201808181946_20180817160854_HDR_0000_meta.xml,local\LULO4\LuoJia1-01_LR201808181946_20180817160854_HDR_0000_gec.tif,hf://buckets/cbernegger/LULO4/LuoJia1-01_LR201808181946_20180817160854_HDR_0000_meta.xml,hf://buckets/cbernegger/LULO4/LuoJia1-01_LR201808181946_20180817160854_HDR_0000_gec.tif,89.840781,28.489383,93.169655,31.020263,91.528618,29.7617,2018-8-17T16:8:42.17646
LuoJia1-01_LR201808181946_20180817160859_HDR_0001,local\LULO4\LuoJia1-01_LR201808181946_20180817160859_HDR_0001_meta.xml,local\LULO4\LuoJia1-01_LR201808181946_20180817160859_HDR_0001_gec.tif,hf://buckets/cbernegger/LULO4/LuoJia1-01_LR201808181946_20180817160859_HDR_0001_meta.xml,hf://buckets/cbernegger/LULO4/LuoJia1-01_LR201808181946_20180817160859_HDR_0001_gec.tif,89.755077,28.789802,93.09904,31.32407,91.44973,30.064807,2018-8-17T16:8:47.18131
LuoJia1-01_LR201808181946_20180817160904_HDR_0002,local\LULO4\LuoJia1-01_LR201808181946_20180817160904_HDR_0002_meta.xml,local\LULO4\LuoJia1-01_LR201808181946_20180817160904_HDR_0002_gec.tif,hf://buckets/cbernegger/LULO4/LuoJia1-01_LR201808181946_20180817160904_HDR_0002_meta.xml,hf://buckets/cbernegger/LULO4/LuoJia1-01_LR201808181946_20180817160904_HDR_0002_gec.tif,89.6676,29.093078,93.021728,31.627851,91.369047,30.36779,2018-8-17T16:8:52.18617
LuoJia1-01_LR201808181946_20180817160909_HDR_0003,local\LULO4\LuoJia1-01_LR201808181946_20180817160909_HDR_0003_meta.xml,local\LULO4\LuoJia1-01_LR201808181946_20180817160909_HDR_0003_gec.tif,hf://buckets/cbernegger/LULO4/LuoJia1-01_LR201808181946_20180817160909_HDR_0003_meta.xml,hf://buckets/cbernegger/LULO4/LuoJia1-01_LR201808181946_20180817160909_HDR_0003_gec.tif,89.580012,29.398918,92.946563,31.932029,91.288263,30.67348,2018-8-17T16:8:57.19103
LuoJia1-01_LR201808181946_20180817160919_HDR_0005,local\LULO4\LuoJia1-01_LR201808181946_20180817160919_HDR_0005_meta.xml,local\LULO4\LuoJia1-01_LR201808181946_20180817160919_HDR_0005_gec.tif,hf://buckets/cbernegger/LULO4/LuoJia1-01_LR201808181946_20180817160919_HDR_0005_meta.xml,hf://buckets/cbernegger/LULO4/LuoJia1-01_LR201808181946_20180817160919_HDR_0005_gec.tif,89.407545,30.014221,92.797604,32.546022,91.128659,31.28689,2018-8-17T16:9:7.200760
LuoJia1-01_LR201808181946_20180817160925_HDR_0006,local\LULO4\LuoJia1-01_LR201808181946_20180817160925_HDR_0006_meta.xml,local\LULO4\LuoJia1-01_LR201808181946_20180817160925_HDR_0006_gec.tif,hf://buckets/cbernegger/LULO4/LuoJia1-01_LR201808181946_20180817160925_HDR_0006_meta.xml,hf://buckets/cbernegger/LULO4/LuoJia1-01_LR201808181946_20180817160925_HDR_0006_gec.tif,89.320754,30.318494,92.723223,32.85288,91.047596,31.593758,2018-8-17T16:9:12.20562
LuoJia1-01_LR201808181946_20180817160929_HDR_0007,local\LULO4\LuoJia1-01_LR201808181946_20180817160929_HDR_0007_meta.xml,local\LULO4\LuoJia1-01_LR201808181946_20180817160929_HDR_0007_gec.tif,hf://buckets/cbernegger/LULO4/LuoJia1-01_LR201808181946_20180817160929_HDR_0007_meta.xml,hf://buckets/cbernegger/LULO4/LuoJia1-01_LR201808181946_20180817160929_HDR_0007_gec.tif,89.234176,30.622807,92.648395,33.159608,90.967115,31.899627,2018-8-17T16:9:17.21048
LuoJia1-01_LR201808181946_20180817160934_HDR_0008,local\LULO4\LuoJia1-01_LR201808181946_20180817160934_HDR_0008_meta.xml,local\LULO4\LuoJia1-01_LR201808181946_20180817160934_HDR_0008_gec.tif,hf://buckets/cbernegger/LULO4/LuoJia1-01_LR201808181946_20180817160934_HDR_0008_meta.xml,hf://buckets/cbernegger/LULO4/LuoJia1-01_LR201808181946_20180817160934_HDR_0008_gec.tif,89.145971,30.927347,92.573803,33.467675,90.886228,32.205628,2018-8-17T16:9:22.21534
LuoJia1-01_LR201808181946_20180817160939_HDR_0009,local\LULO4\LuoJia1-01_LR201808181946_20180817160939_HDR_0009_meta.xml,local\LULO4\LuoJia1-01_LR201808181946_20180817160939_HDR_0009_gec.tif,hf://buckets/cbernegger/LULO4/LuoJia1-01_LR201808181946_20180817160939_HDR_0009_meta.xml,hf://buckets/cbernegger/LULO4/LuoJia1-01_LR201808181946_20180817160939_HDR_0009_gec.tif,89.059659,31.233191,92.500221,33.774543,90.806057,32.511116,2018-8-17T16:9:27.22021
LuoJia1-01_LR201808181946_20180817160945_HDR_0010,local\LULO4\LuoJia1-01_LR201808181946_20180817160945_HDR_0010_meta.xml,local\LULO4\LuoJia1-01_LR201808181946_20180817160945_HDR_0010_gec.tif,hf://buckets/cbernegger/LULO4/LuoJia1-01_LR201808181946_20180817160945_HDR_0010_meta.xml,hf://buckets/cbernegger/LULO4/LuoJia1-01_LR201808181946_20180817160945_HDR_0010_gec.tif,88.967811,31.535576,92.424763,34.080177,90.722672,32.815873,2018-8-17T16:9:32.22507
LuoJia1-01_LR201808181946_20180817160949_HDR_0011,local\LULO4\LuoJia1-01_LR201808181946_20180817160949_HDR_0011_meta.xml,local\LULO4\LuoJia1-01_LR201808181946_20180817160949_HDR_0011_gec.tif,hf://buckets/cbernegger/LULO4/LuoJia1-01_LR201808181946_20180817160949_HDR_0011_meta.xml,hf://buckets/cbernegger/LULO4/LuoJia1-01_LR201808181946_20180817160949_HDR_0011_gec.tif,88.876726,31.839315,92.346371,34.384795,90.636985,33.120011,2018-8-17T16:9:37.22994
LuoJia1-01_LR201808181946_20180817160954_HDR_0012,local\LULO4\LuoJia1-01_LR201808181946_20180817160954_HDR_0012_meta.xml,local\LULO4\LuoJia1-01_LR201808181946_20180817160954_HDR_0012_gec.tif,hf://buckets/cbernegger/LULO4/LuoJia1-01_LR201808181946_20180817160954_HDR_0012_meta.xml,hf://buckets/cbernegger/LULO4/LuoJia1-01_LR201808181946_20180817160954_HDR_0012_gec.tif,88.787531,32.144694,92.267911,34.689248,90.555024,33.425121,2018-8-17T16:9:42.23480
LuoJia1-01_LR201808181946_20180817161000_HDR_0013,local\LULO4\LuoJia1-01_LR201808181946_20180817161000_HDR_0013_meta.xml,local\LULO4\LuoJia1-01_LR201808181946_20180817161000_HDR_0013_gec.tif,hf://buckets/cbernegger/LULO4/LuoJia1-01_LR201808181946_20180817161000_HDR_0013_meta.xml,hf://buckets/cbernegger/LULO4/LuoJia1-01_LR201808181946_20180817161000_HDR_0013_gec.tif,88.697925,32.448173,92.191829,34.995098,90.473582,33.72984,2018-8-17T16:9:47.23967
LuoJia1-01_LR201808181946_20180817161010_HDR_0015,local\LULO4\LuoJia1-01_LR201808181946_20180817161010_HDR_0015_meta.xml,local\LULO4\LuoJia1-01_LR201808181946_20180817161010_HDR_0015_gec.tif,hf://buckets/cbernegger/LULO4/LuoJia1-01_LR201808181946_20180817161010_HDR_0015_meta.xml,hf://buckets/cbernegger/LULO4/LuoJia1-01_LR201808181946_20180817161010_HDR_0015_gec.tif,88.513764,33.055522,92.03522,35.604203,90.302343,34.338001,2018-8-17T16:9:57.24941
LuoJia1-01_LR201808181946_20180817161015_HDR_0016,local\LULO4\LuoJia1-01_LR201808181946_20180817161015_HDR_0016_meta.xml,local\LULO4\LuoJia1-01_LR201808181946_20180817161015_HDR_0016_gec.tif,hf://buckets/cbernegger/LULO4/LuoJia1-01_LR201808181946_20180817161015_HDR_0016_meta.xml,hf://buckets/cbernegger/LULO4/LuoJia1-01_LR201808181946_20180817161015_HDR_0016_gec.tif,88.422269,33.360852,91.958579,35.907965,90.218885,34.642659,2018-8-17T16:10:2.25428
LuoJia1-01_LR201808181946_20180817161020_HDR_0017,local\LULO4\LuoJia1-01_LR201808181946_20180817161020_HDR_0017_meta.xml,local\LULO4\LuoJia1-01_LR201808181946_20180817161020_HDR_0017_gec.tif,hf://buckets/cbernegger/LULO4/LuoJia1-01_LR201808181946_20180817161020_HDR_0017_meta.xml,hf://buckets/cbernegger/LULO4/LuoJia1-01_LR201808181946_20180817161020_HDR_0017_gec.tif,88.329236,33.667449,91.88188,36.214097,90.134563,34.948761,2018-8-17T16:10:7.25914
LuoJia1-01_LR201808181946_20180817161025_HDR_0018,local\LULO4\LuoJia1-01_LR201808181946_20180817161025_HDR_0018_meta.xml,local\LULO4\LuoJia1-01_LR201808181946_20180817161025_HDR_0018_gec.tif,hf://buckets/cbernegger/LULO4/LuoJia1-01_LR201808181946_20180817161025_HDR_0018_meta.xml,hf://buckets/cbernegger/LULO4/LuoJia1-01_LR201808181946_20180817161025_HDR_0018_gec.tif,88.23769,33.971027,91.804803,36.521047,90.050223,35.253795,2018-8-17T16:10:12.2640
LuoJia1-01_LR201808181946_20180817161030_HDR_0019,local\LULO4\LuoJia1-01_LR201808181946_20180817161030_HDR_0019_meta.xml,local\LULO4\LuoJia1-01_LR201808181946_20180817161030_HDR_0019_gec.tif,hf://buckets/cbernegger/LULO4/LuoJia1-01_LR201808181946_20180817161030_HDR_0019_meta.xml,hf://buckets/cbernegger/LULO4/LuoJia1-01_LR201808181946_20180817161030_HDR_0019_gec.tif,88.143614,34.27381,91.727238,36.827868,89.964783,35.558069,2018-8-17T16:10:17.2688
LuoJia1-01_LR201808181946_20180817161035_HDR_0020,local\LULO4\LuoJia1-01_LR201808181946_20180817161035_HDR_0020_meta.xml,local\LULO4\LuoJia1-01_LR201808181946_20180817161035_HDR_0020_gec.tif,hf://buckets/cbernegger/LULO4/LuoJia1-01_LR201808181946_20180817161035_HDR_0020_meta.xml,hf://buckets/cbernegger/LULO4/LuoJia1-01_LR201808181946_20180817161035_HDR_0020_gec.tif,88.051667,34.578475,91.648516,37.132232,89.880702,35.863348,2018-8-17T16:10:22.2737
LuoJia1-01_LR201808181946_20180817161040_HDR_0021,local\LULO4\LuoJia1-01_LR201808181946_20180817161040_HDR_0021_meta.xml,local\LULO4\LuoJia1-01_LR201808181946_20180817161040_HDR_0021_gec.tif,hf://buckets/cbernegger/LULO4/LuoJia1-01_LR201808181946_20180817161040_HDR_0021_meta.xml,hf://buckets/cbernegger/LULO4/LuoJia1-01_LR201808181946_20180817161040_HDR_0021_gec.tif,87.955491,34.882518,91.573496,37.439561,89.795311,36.168485,2018-8-17T16:10:27.2786
LuoJia1-01_LR201808181946_20180817161045_HDR_0022,local\LULO4\LuoJia1-01_LR201808181946_20180817161045_HDR_0022_meta.xml,local\LULO4\LuoJia1-01_LR201808181946_20180817161045_HDR_0022_gec.tif,hf://buckets/cbernegger/LULO4/LuoJia1-01_LR201808181946_20180817161045_HDR_0022_meta.xml,hf://buckets/cbernegger/LULO4/LuoJia1-01_LR201808181946_20180817161045_HDR_0022_gec.tif,87.858661,35.185881,91.492896,37.746278,89.706168,36.472206,2018-8-17T16:10:32.2835
LuoJia1-01_LR201808181946_20180817161050_HDR_0023,local\LULO4\LuoJia1-01_LR201808181946_20180817161050_HDR_0023_meta.xml,local\LULO4\LuoJia1-01_LR201808181946_20180817161050_HDR_0023_gec.tif,hf://buckets/cbernegger/LULO4/LuoJia1-01_LR201808181946_20180817161050_HDR_0023_meta.xml,hf://buckets/cbernegger/LULO4/LuoJia1-01_LR201808181946_20180817161050_HDR_0023_gec.tif,87.762271,35.488669,91.409949,38.051572,89.618117,36.776217,2018-8-17T16:10:37.2883
LuoJia1-01_LR201808181946_20180817161055_HDR_0024,local\LULO4\LuoJia1-01_LR201808181946_20180817161055_HDR_0024_meta.xml,local\LULO4\LuoJia1-01_LR201808181946_20180817161055_HDR_0024_gec.tif,hf://buckets/cbernegger/LULO4/LuoJia1-01_LR201808181946_20180817161055_HDR_0024_meta.xml,hf://buckets/cbernegger/LULO4/LuoJia1-01_LR201808181946_20180817161055_HDR_0024_gec.tif,87.658203,35.79356,91.333301,38.356843,89.527819,37.081032,2018-8-17T16:10:42.2932
LuoJia1-01_LR201808181946_20180817161100_HDR_0025,local\LULO4\LuoJia1-01_LR201808181946_20180817161100_HDR_0025_meta.xml,local\LULO4\LuoJia1-01_LR201808181946_20180817161100_HDR_0025_gec.tif,hf://buckets/cbernegger/LULO4/LuoJia1-01_LR201808181946_20180817161100_HDR_0025_meta.xml,hf://buckets/cbernegger/LULO4/LuoJia1-01_LR201808181946_20180817161100_HDR_0025_gec.tif,87.548946,36.097306,91.246016,38.659785,89.433467,37.386122,2018-8-17T16:10:47.2981
LuoJia1-01_LR201808181946_20180817161105_HDR_0026,local\LULO4\LuoJia1-01_LR201808181946_20180817161105_HDR_0026_meta.xml,local\LULO4\LuoJia1-01_LR201808181946_20180817161105_HDR_0026_gec.tif,hf://buckets/cbernegger/LULO4/LuoJia1-01_LR201808181946_20180817161105_HDR_0026_meta.xml,hf://buckets/cbernegger/LULO4/LuoJia1-01_LR201808181946_20180817161105_HDR_0026_gec.tif,87.442128,36.399458,91.157688,38.966561,89.338965,37.689849,2018-8-17T16:10:52.3029
LuoJia1-01_LR201808181946_20180817161110_HDR_0027,local\LULO4\LuoJia1-01_LR201808181946_20180817161110_HDR_0027_meta.xml,local\LULO4\LuoJia1-01_LR201808181946_20180817161110_HDR_0027_gec.tif,hf://buckets/cbernegger/LULO4/LuoJia1-01_LR201808181946_20180817161110_HDR_0027_meta.xml,hf://buckets/cbernegger/LULO4/LuoJia1-01_LR201808181946_20180817161110_HDR_0027_gec.tif,87.345472,36.704057,91.074191,39.273819,89.248875,37.994562,2018-8-17T16:10:57.3078
LuoJia1-01_LR201808181946_20180817161115_HDR_0028,local\LULO4\LuoJia1-01_LR201808181946_20180817161115_HDR_0028_meta.xml,local\LULO4\LuoJia1-01_LR201808181946_20180817161115_HDR_0028_gec.tif,hf://buckets/cbernegger/LULO4/LuoJia1-01_LR201808181946_20180817161115_HDR_0028_meta.xml,hf://buckets/cbernegger/LULO4/LuoJia1-01_LR201808181946_20180817161115_HDR_0028_gec.tif,87.246782,37.006524,90.994393,39.583217,89.160915,38.299254,2018-8-17T16:11:2.31179
LuoJia1-01_LR201808181946_20180817161120_HDR_0029,local\LULO4\LuoJia1-01_LR201808181946_20180817161120_HDR_0029_meta.xml,local\LULO4\LuoJia1-01_LR201808181946_20180817161120_HDR_0029_gec.tif,hf://buckets/cbernegger/LULO4/LuoJia1-01_LR201808181946_20180817161120_HDR_0029_meta.xml,hf://buckets/cbernegger/LULO4/LuoJia1-01_LR201808181946_20180817161120_HDR_0029_gec.tif,87.139037,37.308548,90.913511,39.88792,89.065479,38.602523,2018-8-17T16:11:7.31761
LuoJia1-01_LR201808181946_20180817161125_HDR_0030,local\LULO4\LuoJia1-01_LR201808181946_20180817161125_HDR_0030_meta.xml,local\LULO4\LuoJia1-01_LR201808181946_20180817161125_HDR_0030_gec.tif,hf://buckets/cbernegger/LULO4/LuoJia1-01_LR201808181946_20180817161125_HDR_0030_meta.xml,hf://buckets/cbernegger/LULO4/LuoJia1-01_LR201808181946_20180817161125_HDR_0030_gec.tif,87.039314,37.61103,90.827384,40.191337,88.97152,38.905882,2018-8-17T16:11:12.3224
LuoJia1-01_LR201808181946_20180817161130_HDR_0031,local\LULO4\LuoJia1-01_LR201808181946_20180817161130_HDR_0031_meta.xml,local\LULO4\LuoJia1-01_LR201808181946_20180817161130_HDR_0031_gec.tif,hf://buckets/cbernegger/LULO4/LuoJia1-01_LR201808181946_20180817161130_HDR_0031_meta.xml,hf://buckets/cbernegger/LULO4/LuoJia1-01_LR201808181946_20180817161130_HDR_0031_gec.tif,86.938798,37.914334,90.745641,40.495927,88.88018,39.210338,2018-8-17T16:11:17.3273
LuoJia1-01_LR201808181946_20180817161135_HDR_0032,local\LULO4\LuoJia1-01_LR201808181946_20180817161135_HDR_0032_meta.xml,local\LULO4\LuoJia1-01_LR201808181946_20180817161135_HDR_0032_gec.tif,hf://buckets/cbernegger/LULO4/LuoJia1-01_LR201808181946_20180817161135_HDR_0032_meta.xml,hf://buckets/cbernegger/LULO4/LuoJia1-01_LR201808181946_20180817161135_HDR_0032_gec.tif,86.837049,38.214885,90.66071,40.801664,88.788491,39.514891,2018-8-17T16:11:22.3322
LuoJia1-01_LR201808181946_20180817161140_HDR_0033,local\LULO4\LuoJia1-01_LR201808181946_20180817161140_HDR_0033_meta.xml,local\LULO4\LuoJia1-01_LR201808181946_20180817161140_HDR_0033_gec.tif,hf://buckets/cbernegger/LULO4/LuoJia1-01_LR201808181946_20180817161140_HDR_0033_meta.xml,hf://buckets/cbernegger/LULO4/LuoJia1-01_LR201808181946_20180817161140_HDR_0033_gec.tif,86.735077,38.515056,90.579511,41.105707,88.696193,39.819307,2018-8-17T16:11:27.3371
LuoJia1-01_LR201808181946_20180817161145_HDR_0034,local\LULO4\LuoJia1-01_LR201808181946_20180817161145_HDR_0034_meta.xml,local\LULO4\LuoJia1-01_LR201808181946_20180817161145_HDR_0034_gec.tif,hf://buckets/cbernegger/LULO4/LuoJia1-01_LR201808181946_20180817161145_HDR_0034_meta.xml,hf://buckets/cbernegger/LULO4/LuoJia1-01_LR201808181946_20180817161145_HDR_0034_gec.tif,86.631637,38.817997,90.495866,41.410612,88.603002,40.123819,2018-8-17T16:11:32.3420
LuoJia1-01_LR201808181946_20180817161150_HDR_0035,local\LULO4\LuoJia1-01_LR201808181946_20180817161150_HDR_0035_meta.xml,local\LULO4\LuoJia1-01_LR201808181946_20180817161150_HDR_0035_gec.tif,hf://buckets/cbernegger/LULO4/LuoJia1-01_LR201808181946_20180817161150_HDR_0035_meta.xml,hf://buckets/cbernegger/LULO4/LuoJia1-01_LR201808181946_20180817161150_HDR_0035_gec.tif,86.526418,39.122474,90.415187,41.717153,88.508482,40.428832,2018-8-17T16:11:37.3468
LuoJia1-01_LR201808181946_20180817161155_HDR_0036,local\LULO4\LuoJia1-01_LR201808181946_20180817161155_HDR_0036_meta.xml,local\LULO4\LuoJia1-01_LR201808181946_20180817161155_HDR_0036_gec.tif,hf://buckets/cbernegger/LULO4/LuoJia1-01_LR201808181946_20180817161155_HDR_0036_meta.xml,hf://buckets/cbernegger/LULO4/LuoJia1-01_LR201808181946_20180817161155_HDR_0036_gec.tif,86.421064,39.426092,90.33169,42.02266,88.412156,40.733484,2018-8-17T16:11:42.3517
LuoJia1-01_LR201808181946_20180817161200_HDR_0037,local\LULO4\LuoJia1-01_LR201808181946_20180817161200_HDR_0037_meta.xml,local\LULO4\LuoJia1-01_LR201808181946_20180817161200_HDR_0037_gec.tif,hf://buckets/cbernegger/LULO4/LuoJia1-01_LR201808181946_20180817161200_HDR_0037_meta.xml,hf://buckets/cbernegger/LULO4/LuoJia1-01_LR201808181946_20180817161200_HDR_0037_gec.tif,86.312711,39.727898,90.243819,42.327884,88.31535,41.036861,2018-8-17T16:11:47.3566
LuoJia1-01_LR201808181946_20180817161205_HDR_0038,local\LULO4\LuoJia1-01_LR201808181946_20180817161205_HDR_0038_meta.xml,local\LULO4\LuoJia1-01_LR201808181946_20180817161205_HDR_0038_gec.tif,hf://buckets/cbernegger/LULO4/LuoJia1-01_LR201808181946_20180817161205_HDR_0038_meta.xml,hf://buckets/cbernegger/LULO4/LuoJia1-01_LR201808181946_20180817161205_HDR_0038_gec.tif,86.203064,40.030269,90.156352,42.633824,88.217585,41.340206,2018-8-17T16:11:52.3615
LuoJia1-01_LR201808181946_20180817161210_HDR_0039,local\LULO4\LuoJia1-01_LR201808181946_20180817161210_HDR_0039_meta.xml,local\LULO4\LuoJia1-01_LR201808181946_20180817161210_HDR_0039_gec.tif,hf://buckets/cbernegger/LULO4/LuoJia1-01_LR201808181946_20180817161210_HDR_0039_meta.xml,hf://buckets/cbernegger/LULO4/LuoJia1-01_LR201808181946_20180817161210_HDR_0039_gec.tif,86.100045,40.332407,90.067764,42.938127,88.117806,41.643518,2018-8-17T16:11:57.3663
LuoJia1-01_LR201808181946_20180817161215_HDR_0040,local\LULO4\LuoJia1-01_LR201808181946_20180817161215_HDR_0040_meta.xml,local\LULO4\LuoJia1-01_LR201808181946_20180817161215_HDR_0040_gec.tif,hf://buckets/cbernegger/LULO4/LuoJia1-01_LR201808181946_20180817161215_HDR_0040_meta.xml,hf://buckets/cbernegger/LULO4/LuoJia1-01_LR201808181946_20180817161215_HDR_0040_gec.tif,85.985485,40.634494,89.975739,43.238292,88.01527,41.946623,2018-8-17T16:12:2.37126
LuoJia1-01_LR201808181946_20180817161220_HDR_0041,local\LULO4\LuoJia1-01_LR201808181946_20180817161220_HDR_0041_meta.xml,local\LULO4\LuoJia1-01_LR201808181946_20180817161220_HDR_0041_gec.tif,hf://buckets/cbernegger/LULO4/LuoJia1-01_LR201808181946_20180817161220_HDR_0041_meta.xml,hf://buckets/cbernegger/LULO4/LuoJia1-01_LR201808181946_20180817161220_HDR_0041_gec.tif,85.878291,40.936638,89.881352,43.538349,87.915246,42.249746,2018-8-17T16:12:7.37614
LuoJia1-01_LR201808181946_20180817161225_HDR_0042,local\LULO4\LuoJia1-01_LR201808181946_20180817161225_HDR_0042_meta.xml,local\LULO4\LuoJia1-01_LR201808181946_20180817161225_HDR_0042_gec.tif,hf://buckets/cbernegger/LULO4/LuoJia1-01_LR201808181946_20180817161225_HDR_0042_meta.xml,hf://buckets/cbernegger/LULO4/LuoJia1-01_LR201808181946_20180817161225_HDR_0042_gec.tif,85.763468,41.239075,89.794896,43.846656,87.81649,42.553507,2018-8-17T16:12:12.3810
LuoJia1-01_LR201808181946_20180817161230_HDR_0043,local\LULO4\LuoJia1-01_LR201808181946_20180817161230_HDR_0043_meta.xml,local\LULO4\LuoJia1-01_LR201808181946_20180817161230_HDR_0043_gec.tif,hf://buckets/cbernegger/LULO4/LuoJia1-01_LR201808181946_20180817161230_HDR_0043_meta.xml,hf://buckets/cbernegger/LULO4/LuoJia1-01_LR201808181946_20180817161230_HDR_0043_gec.tif,85.651641,41.540536,89.706986,44.153495,87.715068,42.85575,2018-8-17T16:12:17.3859
LuoJia1-01_LR201808181946_20180817161235_HDR_0044,local\LULO4\LuoJia1-01_LR201808181946_20180817161235_HDR_0044_meta.xml,local\LULO4\LuoJia1-01_LR201808181946_20180817161235_HDR_0044_gec.tif,hf://buckets/cbernegger/LULO4/LuoJia1-01_LR201808181946_20180817161235_HDR_0044_meta.xml,hf://buckets/cbernegger/LULO4/LuoJia1-01_LR201808181946_20180817161235_HDR_0044_gec.tif,85.530077,41.842249,89.616003,44.456015,87.614239,43.158052,2018-8-17T16:12:22.3907
LuoJia1-01_LR201808181946_20180817161240_HDR_0045,local\LULO4\LuoJia1-01_LR201808181946_20180817161240_HDR_0045_meta.xml,local\LULO4\LuoJia1-01_LR201808181946_20180817161240_HDR_0045_gec.tif,hf://buckets/cbernegger/LULO4/LuoJia1-01_LR201808181946_20180817161240_HDR_0045_meta.xml,hf://buckets/cbernegger/LULO4/LuoJia1-01_LR201808181946_20180817161240_HDR_0045_gec.tif,85.411187,42.146297,89.527032,44.759844,87.510632,43.462228,2018-8-17T16:12:27.3956
LuoJia1-01_LR201808181946_20180817161245_HDR_0046,local\LULO4\LuoJia1-01_LR201808181946_20180817161245_HDR_0046_meta.xml,local\LULO4\LuoJia1-01_LR201808181946_20180817161245_HDR_0046_gec.tif,hf://buckets/cbernegger/LULO4/LuoJia1-01_LR201808181946_20180817161245_HDR_0046_meta.xml,hf://buckets/cbernegger/LULO4/LuoJia1-01_LR201808181946_20180817161245_HDR_0046_gec.tif,85.293296,42.44999,89.434102,45.065219,87.405749,43.765957,2018-8-17T16:12:32.4005
LuoJia1-01_LR201808181946_20180817161250_HDR_0047,local\LULO4\LuoJia1-01_LR201808181946_20180817161250_HDR_0047_meta.xml,local\LULO4\LuoJia1-01_LR201808181946_20180817161250_HDR_0047_gec.tif,hf://buckets/cbernegger/LULO4/LuoJia1-01_LR201808181946_20180817161250_HDR_0047_meta.xml,hf://buckets/cbernegger/LULO4/LuoJia1-01_LR201808181946_20180817161250_HDR_0047_gec.tif,85.173851,42.754556,89.338174,45.368616,87.298746,44.068135,2018-8-17T16:12:37.4054
LuoJia1-01_LR201808181946_20180817161255_HDR_0048,local\LULO4\LuoJia1-01_LR201808181946_20180817161255_HDR_0048_meta.xml,local\LULO4\LuoJia1-01_LR201808181946_20180817161255_HDR_0048_gec.tif,hf://buckets/cbernegger/LULO4/LuoJia1-01_LR201808181946_20180817161255_HDR_0048_meta.xml,hf://buckets/cbernegger/LULO4/LuoJia1-01_LR201808181946_20180817161255_HDR_0048_gec.tif,85.059053,43.057337,89.234802,45.671249,87.194342,44.370709,2018-8-17T16:12:42.4103
LuoJia1-01_LR201808181946_20180817161300_HDR_0049,local\LULO4\LuoJia1-01_LR201808181946_20180817161300_HDR_0049_meta.xml,local\LULO4\LuoJia1-01_LR201808181946_20180817161300_HDR_0049_gec.tif,hf://buckets/cbernegger/LULO4/LuoJia1-01_LR201808181946_20180817161300_HDR_0049_meta.xml,hf://buckets/cbernegger/LULO4/LuoJia1-01_LR201808181946_20180817161300_HDR_0049_gec.tif,84.940942,43.360754,89.145748,45.975434,87.089797,44.674677,2018-8-17T16:12:47.4151
LuoJia1-01_LR201808181946_20180817161305_HDR_0050,local\LULO4\LuoJia1-01_LR201808181946_20180817161305_HDR_0050_meta.xml,local\LULO4\LuoJia1-01_LR201808181946_20180817161305_HDR_0050_gec.tif,hf://buckets/cbernegger/LULO4/LuoJia1-01_LR201808181946_20180817161305_HDR_0050_meta.xml,hf://buckets/cbernegger/LULO4/LuoJia1-01_LR201808181946_20180817161305_HDR_0050_gec.tif,84.826057,43.665945,89.055066,46.280463,86.98278,44.977807,2018-8-17T16:12:52.4200
LuoJia1-01_LR201808181946_20180817161330_HDR_0055,local\LULO4\LuoJia1-01_LR201808181946_20180817161330_HDR_0055_meta.xml,local\LULO4\LuoJia1-01_LR201808181946_20180817161330_HDR_0055_gec.tif,hf://buckets/cbernegger/LULO4/LuoJia1-01_LR201808181946_20180817161330_HDR_0055_meta.xml,hf://buckets/cbernegger/LULO4/LuoJia1-01_LR201808181946_20180817161330_HDR_0055_gec.tif,84.245681,45.164352,88.597814,47.777238,86.466864,46.483709,2018-8-17T16:13:17.4444
LuoJia1-01_LR201808181946_20180817161345_HDR_0058,local\LULO4\LuoJia1-01_LR201808181946_20180817161345_HDR_0058_meta.xml,local\LULO4\LuoJia1-01_LR201808181946_20180817161345_HDR_0058_gec.tif,hf://buckets/cbernegger/LULO4/LuoJia1-01_LR201808181946_20180817161345_HDR_0058_meta.xml,hf://buckets/cbernegger/LULO4/LuoJia1-01_LR201808181946_20180817161345_HDR_0058_gec.tif,83.817747,46.068458,88.276445,48.702496,86.098177,47.39782,2018-8-17T16:13:32.4585
LuoJia1-01_LR201808191496_20180818145314_HDR_0000,local\LULO4\LuoJia1-01_LR201808191496_20180818145314_HDR_0000_meta.xml,local\LULO4\LuoJia1-01_LR201808191496_20180818145314_HDR_0000_gec.tif,hf://buckets/cbernegger/LULO4/LuoJia1-01_LR201808191496_20180818145314_HDR_0000_meta.xml,hf://buckets/cbernegger/LULO4/LuoJia1-01_LR201808191496_20180818145314_HDR_0000_gec.tif,109.746981,21.399641,112.912945,23.95679,111.369564,22.700908,2018-8-18T14:53:2.20960
LuoJia1-01_LR201808191496_20180818145319_HDR_0001,local\LULO4\LuoJia1-01_LR201808191496_20180818145319_HDR_0001_meta.xml,local\LULO4\LuoJia1-01_LR201808191496_20180818145319_HDR_0001_gec.tif,hf://buckets/cbernegger/LULO4/LuoJia1-01_LR201808191496_20180818145319_HDR_0001_meta.xml,hf://buckets/cbernegger/LULO4/LuoJia1-01_LR201808191496_20180818145319_HDR_0001_gec.tif,109.671519,21.703188,112.845034,24.261757,111.298853,23.005329,2018-8-18T14:53:7.21452
LuoJia1-01_LR201808191496_20180818145324_HDR_0002,local\LULO4\LuoJia1-01_LR201808191496_20180818145324_HDR_0002_meta.xml,local\LULO4\LuoJia1-01_LR201808191496_20180818145324_HDR_0002_gec.tif,hf://buckets/cbernegger/LULO4/LuoJia1-01_LR201808191496_20180818145324_HDR_0002_meta.xml,hf://buckets/cbernegger/LULO4/LuoJia1-01_LR201808191496_20180818145324_HDR_0002_gec.tif,109.595325,22.007409,112.7774,24.565968,111.226234,23.309316,2018-8-18T14:53:12.2193
LuoJia1-01_LR201808191496_20180818145329_HDR_0003,local\LULO4\LuoJia1-01_LR201808191496_20180818145329_HDR_0003_meta.xml,local\LULO4\LuoJia1-01_LR201808191496_20180818145329_HDR_0003_gec.tif,hf://buckets/cbernegger/LULO4/LuoJia1-01_LR201808191496_20180818145329_HDR_0003_meta.xml,hf://buckets/cbernegger/LULO4/LuoJia1-01_LR201808191496_20180818145329_HDR_0003_gec.tif,109.518056,22.314083,112.70776,24.870069,111.154854,23.614617,2018-8-18T14:53:17.2242
LuoJia1-01_LR201808191496_20180818145334_HDR_0004,local\LULO4\LuoJia1-01_LR201808191496_20180818145334_HDR_0004_meta.xml,local\LULO4\LuoJia1-01_LR201808191496_20180818145334_HDR_0004_gec.tif,hf://buckets/cbernegger/LULO4/LuoJia1-01_LR201808191496_20180818145334_HDR_0004_meta.xml,hf://buckets/cbernegger/LULO4/LuoJia1-01_LR201808191496_20180818145334_HDR_0004_gec.tif,109.437432,22.623242,112.63951,25.177269,111.078433,23.923449,2018-8-18T14:53:22.2283
LuoJia1-01_LR201808191496_20180818145340_HDR_0005,local\LULO4\LuoJia1-01_LR201808191496_20180818145340_HDR_0005_meta.xml,local\LULO4\LuoJia1-01_LR201808191496_20180818145340_HDR_0005_gec.tif,hf://buckets/cbernegger/LULO4/LuoJia1-01_LR201808191496_20180818145340_HDR_0005_meta.xml,hf://buckets/cbernegger/LULO4/LuoJia1-01_LR201808191496_20180818145340_HDR_0005_gec.tif,109.359971,22.934577,112.566005,25.489008,111.004425,24.234031,2018-8-18T14:53:27.2334
LuoJia1-01_LR201808191496_20180818145345_HDR_0006,local\LULO4\LuoJia1-01_LR201808191496_20180818145345_HDR_0006_meta.xml,local\LULO4\LuoJia1-01_LR201808191496_20180818145345_HDR_0006_gec.tif,hf://buckets/cbernegger/LULO4/LuoJia1-01_LR201808191496_20180818145345_HDR_0006_meta.xml,hf://buckets/cbernegger/LULO4/LuoJia1-01_LR201808191496_20180818145345_HDR_0006_gec.tif,109.282614,23.240567,112.497514,25.799038,110.932139,24.542542,2018-8-18T14:53:32.2388
LuoJia1-01_LR201808191496_20180818145349_HDR_0007,local\LULO4\LuoJia1-01_LR201808191496_20180818145349_HDR_0007_meta.xml,local\LULO4\LuoJia1-01_LR201808191496_20180818145349_HDR_0007_gec.tif,hf://buckets/cbernegger/LULO4/LuoJia1-01_LR201808191496_20180818145349_HDR_0007_meta.xml,hf://buckets/cbernegger/LULO4/LuoJia1-01_LR201808191496_20180818145349_HDR_0007_gec.tif,109.202621,23.547053,112.427915,26.105758,110.856369,24.848475,2018-8-18T14:53:37.2436
LuoJia1-01_LR201808191496_20180818145355_HDR_0008,local\LULO4\LuoJia1-01_LR201808191496_20180818145355_HDR_0008_meta.xml,local\LULO4\LuoJia1-01_LR201808191496_20180818145355_HDR_0008_gec.tif,hf://buckets/cbernegger/LULO4/LuoJia1-01_LR201808191496_20180818145355_HDR_0008_meta.xml,hf://buckets/cbernegger/LULO4/LuoJia1-01_LR201808191496_20180818145355_HDR_0008_gec.tif,109.12375,23.851393,112.355283,26.412934,110.781309,25.154259,2018-8-18T14:53:42.2485
LuoJia1-01_LR201808191496_20180818145400_HDR_0009,local\LULO4\LuoJia1-01_LR201808191496_20180818145400_HDR_0009_meta.xml,local\LULO4\LuoJia1-01_LR201808191496_20180818145400_HDR_0009_gec.tif,hf://buckets/cbernegger/LULO4/LuoJia1-01_LR201808191496_20180818145400_HDR_0009_meta.xml,hf://buckets/cbernegger/LULO4/LuoJia1-01_LR201808191496_20180818145400_HDR_0009_gec.tif,109.043899,24.154088,112.283497,26.718608,110.706326,25.458661,2018-8-18T14:53:47.2534
LuoJia1-01_LR201808191496_20180818145405_HDR_0010,local\LULO4\LuoJia1-01_LR201808191496_20180818145405_HDR_0010_meta.xml,local\LULO4\LuoJia1-01_LR201808191496_20180818145405_HDR_0010_gec.tif,hf://buckets/cbernegger/LULO4/LuoJia1-01_LR201808191496_20180818145405_HDR_0010_meta.xml,hf://buckets/cbernegger/LULO4/LuoJia1-01_LR201808191496_20180818145405_HDR_0010_gec.tif,108.961654,24.459006,112.212994,27.02199,110.630145,25.763482,2018-8-18T14:53:52.2573
LuoJia1-01_LR201808191496_20180818145409_HDR_0011,local\LULO4\LuoJia1-01_LR201808191496_20180818145409_HDR_0011_meta.xml,local\LULO4\LuoJia1-01_LR201808191496_20180818145409_HDR_0011_gec.tif,hf://buckets/cbernegger/LULO4/LuoJia1-01_LR201808191496_20180818145409_HDR_0011_meta.xml,hf://buckets/cbernegger/LULO4/LuoJia1-01_LR201808191496_20180818145409_HDR_0011_gec.tif,108.881479,24.764351,112.140926,27.328826,110.554754,26.069111,2018-8-18T14:53:57.2631
LuoJia1-01_LR201808191496_20180818145415_HDR_0012,local\LULO4\LuoJia1-01_LR201808191496_20180818145415_HDR_0012_meta.xml,local\LULO4\LuoJia1-01_LR201808191496_20180818145415_HDR_0012_gec.tif,hf://buckets/cbernegger/LULO4/LuoJia1-01_LR201808191496_20180818145415_HDR_0012_meta.xml,hf://buckets/cbernegger/LULO4/LuoJia1-01_LR201808191496_20180818145415_HDR_0012_gec.tif,108.801637,25.070263,112.069842,27.634943,110.479752,26.374855,2018-8-18T14:54:2.26800
LuoJia1-01_LR201808191496_20180818145420_HDR_0013,local\LULO4\LuoJia1-01_LR201808191496_20180818145420_HDR_0013_meta.xml,local\LULO4\LuoJia1-01_LR201808191496_20180818145420_HDR_0013_gec.tif,hf://buckets/cbernegger/LULO4/LuoJia1-01_LR201808191496_20180818145420_HDR_0013_meta.xml,hf://buckets/cbernegger/LULO4/LuoJia1-01_LR201808191496_20180818145420_HDR_0013_gec.tif,108.720096,25.375658,112.000117,27.940772,110.404159,26.681227,2018-8-18T14:54:7.27286
LuoJia1-01_LR201808191496_20180818145425_HDR_0014,local\LULO4\LuoJia1-01_LR201808191496_20180818145425_HDR_0014_meta.xml,local\LULO4\LuoJia1-01_LR201808191496_20180818145425_HDR_0014_gec.tif,hf://buckets/cbernegger/LULO4/LuoJia1-01_LR201808191496_20180818145425_HDR_0014_meta.xml,hf://buckets/cbernegger/LULO4/LuoJia1-01_LR201808191496_20180818145425_HDR_0014_gec.tif,108.639672,25.676891,111.92734,28.246876,110.326762,26.985081,2018-8-18T14:54:12.2777
LuoJia1-01_LR201808191496_20180818145430_HDR_0015,local\LULO4\LuoJia1-01_LR201808191496_20180818145430_HDR_0015_meta.xml,local\LULO4\LuoJia1-01_LR201808191496_20180818145430_HDR_0015_gec.tif,hf://buckets/cbernegger/LULO4/LuoJia1-01_LR201808191496_20180818145430_HDR_0015_meta.xml,hf://buckets/cbernegger/LULO4/LuoJia1-01_LR201808191496_20180818145430_HDR_0015_gec.tif,108.556875,25.980404,111.855316,28.54898,110.249757,27.287572,2018-8-18T14:54:17.2826
LuoJia1-01_LR201808191496_20180818145435_HDR_0016,local\LULO4\LuoJia1-01_LR201808191496_20180818145435_HDR_0016_meta.xml,local\LULO4\LuoJia1-01_LR201808191496_20180818145435_HDR_0016_gec.tif,hf://buckets/cbernegger/LULO4/LuoJia1-01_LR201808191496_20180818145435_HDR_0016_meta.xml,hf://buckets/cbernegger/LULO4/LuoJia1-01_LR201808191496_20180818145435_HDR_0016_gec.tif,108.472632,26.28627,111.784468,28.853839,110.172873,27.592564,2018-8-18T14:54:22.2874
LuoJia1-01_LR201808191496_20180818145440_HDR_0017,local\LULO4\LuoJia1-01_LR201808191496_20180818145440_HDR_0017_meta.xml,local\LULO4\LuoJia1-01_LR201808191496_20180818145440_HDR_0017_gec.tif,hf://buckets/cbernegger/LULO4/LuoJia1-01_LR201808191496_20180818145440_HDR_0017_meta.xml,hf://buckets/cbernegger/LULO4/LuoJia1-01_LR201808191496_20180818145440_HDR_0017_gec.tif,108.393265,26.592623,111.711877,29.159981,110.096857,27.899097,2018-8-18T14:54:27.2923
LuoJia1-01_LR201808191496_20180818145445_HDR_0018,local\LULO4\LuoJia1-01_LR201808191496_20180818145445_HDR_0018_meta.xml,local\LULO4\LuoJia1-01_LR201808191496_20180818145445_HDR_0018_gec.tif,hf://buckets/cbernegger/LULO4/LuoJia1-01_LR201808191496_20180818145445_HDR_0018_meta.xml,hf://buckets/cbernegger/LULO4/LuoJia1-01_LR201808191496_20180818145445_HDR_0018_gec.tif,108.314705,26.898959,111.642403,29.467485,110.022693,28.205429,2018-8-18T14:54:32.2963
LuoJia1-01_LR201808191496_20180818145450_HDR_0019,local\LULO4\LuoJia1-01_LR201808191496_20180818145450_HDR_0019_meta.xml,local\LULO4\LuoJia1-01_LR201808191496_20180818145450_HDR_0019_gec.tif,hf://buckets/cbernegger/LULO4/LuoJia1-01_LR201808191496_20180818145450_HDR_0019_meta.xml,hf://buckets/cbernegger/LULO4/LuoJia1-01_LR201808191496_20180818145450_HDR_0019_gec.tif,108.228476,27.202742,111.572087,29.774125,109.945678,28.510958,2018-8-18T14:54:37.3020
LuoJia1-01_LR201808191496_20180818145455_HDR_0020,local\LULO4\LuoJia1-01_LR201808191496_20180818145455_HDR_0020_meta.xml,local\LULO4\LuoJia1-01_LR201808191496_20180818145455_HDR_0020_gec.tif,hf://buckets/cbernegger/LULO4/LuoJia1-01_LR201808191496_20180818145455_HDR_0020_meta.xml,hf://buckets/cbernegger/LULO4/LuoJia1-01_LR201808191496_20180818145455_HDR_0020_gec.tif,108.143639,27.507686,111.497609,30.078345,109.864753,28.816053,2018-8-18T14:54:42.3069
LuoJia1-01_LR201808191496_20180818145500_HDR_0021,local\LULO4\LuoJia1-01_LR201808191496_20180818145500_HDR_0021_meta.xml,local\LULO4\LuoJia1-01_LR201808191496_20180818145500_HDR_0021_gec.tif,hf://buckets/cbernegger/LULO4/LuoJia1-01_LR201808191496_20180818145500_HDR_0021_meta.xml,hf://buckets/cbernegger/LULO4/LuoJia1-01_LR201808191496_20180818145500_HDR_0021_gec.tif,108.056106,27.812565,111.421096,30.384156,109.784294,29.121712,2018-8-18T14:54:47.3118
LuoJia1-01_LR201808191496_20180818145505_HDR_0022,local\LULO4\LuoJia1-01_LR201808191496_20180818145505_HDR_0022_meta.xml,local\LULO4\LuoJia1-01_LR201808191496_20180818145505_HDR_0022_gec.tif,hf://buckets/cbernegger/LULO4/LuoJia1-01_LR201808191496_20180818145505_HDR_0022_meta.xml,hf://buckets/cbernegger/LULO4/LuoJia1-01_LR201808191496_20180818145505_HDR_0022_gec.tif,107.971933,28.118455,111.347313,30.68892,109.706507,29.427303,2018-8-18T14:54:52.3166
LuoJia1-01_LR201808191496_20180818145510_HDR_0023,local\LULO4\LuoJia1-01_LR201808191496_20180818145510_HDR_0023_meta.xml,local\LULO4\LuoJia1-01_LR201808191496_20180818145510_HDR_0023_gec.tif,hf://buckets/cbernegger/LULO4/LuoJia1-01_LR201808191496_20180818145510_HDR_0023_meta.xml,hf://buckets/cbernegger/LULO4/LuoJia1-01_LR201808191496_20180818145510_HDR_0023_gec.tif,107.884341,28.42317,111.275899,30.99643,109.627218,29.733014,2018-8-18T14:54:57.3215
LuoJia1-01_LR201808191496_20180818145515_HDR_0024,local\LULO4\LuoJia1-01_LR201808191496_20180818145515_HDR_0024_meta.xml,local\LULO4\LuoJia1-01_LR201808191496_20180818145515_HDR_0024_gec.tif,hf://buckets/cbernegger/LULO4/LuoJia1-01_LR201808191496_20180818145515_HDR_0024_meta.xml,hf://buckets/cbernegger/LULO4/LuoJia1-01_LR201808191496_20180818145515_HDR_0024_gec.tif,107.798925,28.732577,111.199522,31.301244,109.546519,30.040923,2018-8-18T14:55:2.32643
LuoJia1-01_LR201808191496_20180818145520_HDR_0025,local\LULO4\LuoJia1-01_LR201808191496_20180818145520_HDR_0025_meta.xml,local\LULO4\LuoJia1-01_LR201808191496_20180818145520_HDR_0025_gec.tif,hf://buckets/cbernegger/LULO4/LuoJia1-01_LR201808191496_20180818145520_HDR_0025_meta.xml,hf://buckets/cbernegger/LULO4/LuoJia1-01_LR201808191496_20180818145520_HDR_0025_gec.tif,107.71271,29.038409,111.125149,31.609729,109.466835,30.348483,2018-8-18T14:55:7.33130
LuoJia1-01_LR201808191496_20180818145525_HDR_0026,local\LULO4\LuoJia1-01_LR201808191496_20180818145525_HDR_0026_meta.xml,local\LULO4\LuoJia1-01_LR201808191496_20180818145525_HDR_0026_gec.tif,hf://buckets/cbernegger/LULO4/LuoJia1-01_LR201808191496_20180818145525_HDR_0026_meta.xml,hf://buckets/cbernegger/LULO4/LuoJia1-01_LR201808191496_20180818145525_HDR_0026_gec.tif,107.628571,29.344233,111.051243,31.917192,109.387676,30.654231,2018-8-18T14:55:12.3361
LuoJia1-01_LR201808191496_20180818145530_HDR_0027,local\LULO4\LuoJia1-01_LR201808191496_20180818145530_HDR_0027_meta.xml,local\LULO4\LuoJia1-01_LR201808191496_20180818145530_HDR_0027_gec.tif,hf://buckets/cbernegger/LULO4/LuoJia1-01_LR201808191496_20180818145530_HDR_0027_meta.xml,hf://buckets/cbernegger/LULO4/LuoJia1-01_LR201808191496_20180818145530_HDR_0027_gec.tif,107.541565,29.650107,110.97598,32.225548,109.307161,30.959856,2018-8-18T14:55:17.3410
LuoJia1-01_LR201808191496_20180818145535_HDR_0028,local\LULO4\LuoJia1-01_LR201808191496_20180818145535_HDR_0028_meta.xml,local\LULO4\LuoJia1-01_LR201808191496_20180818145535_HDR_0028_gec.tif,hf://buckets/cbernegger/LULO4/LuoJia1-01_LR201808191496_20180818145535_HDR_0028_meta.xml,hf://buckets/cbernegger/LULO4/LuoJia1-01_LR201808191496_20180818145535_HDR_0028_gec.tif,107.448291,29.955047,110.901434,32.531927,109.224403,31.266121,2018-8-18T14:55:22.3459
LuoJia1-01_LR201808191496_20180818145540_HDR_0029,local\LULO4\LuoJia1-01_LR201808191496_20180818145540_HDR_0029_meta.xml,local\LULO4\LuoJia1-01_LR201808191496_20180818145540_HDR_0029_gec.tif,hf://buckets/cbernegger/LULO4/LuoJia1-01_LR201808191496_20180818145540_HDR_0029_meta.xml,hf://buckets/cbernegger/LULO4/LuoJia1-01_LR201808191496_20180818145540_HDR_0029_gec.tif,107.360943,30.254387,110.819961,32.839223,109.139397,31.570422,2018-8-18T14:55:27.3507
LuoJia1-01_LR201808191496_20180818145545_HDR_0030,local\LULO4\LuoJia1-01_LR201808191496_20180818145545_HDR_0030_meta.xml,local\LULO4\LuoJia1-01_LR201808191496_20180818145545_HDR_0030_gec.tif,hf://buckets/cbernegger/LULO4/LuoJia1-01_LR201808191496_20180818145545_HDR_0030_meta.xml,hf://buckets/cbernegger/LULO4/LuoJia1-01_LR201808191496_20180818145545_HDR_0030_gec.tif,107.273977,30.556467,110.742952,33.141287,109.059538,31.873293,2018-8-18T14:55:32.3556
LuoJia1-01_LR201808191496_20180818145550_HDR_0031,local\LULO4\LuoJia1-01_LR201808191496_20180818145550_HDR_0031_meta.xml,local\LULO4\LuoJia1-01_LR201808191496_20180818145550_HDR_0031_gec.tif,hf://buckets/cbernegger/LULO4/LuoJia1-01_LR201808191496_20180818145550_HDR_0031_meta.xml,hf://buckets/cbernegger/LULO4/LuoJia1-01_LR201808191496_20180818145550_HDR_0031_gec.tif,107.1846,30.85972,110.670578,33.443621,108.979629,32.175804,2018-8-18T14:55:37.3605
LuoJia1-01_LR201808191496_20180818145555_HDR_0032,local\LULO4\LuoJia1-01_LR201808191496_20180818145555_HDR_0032_meta.xml,local\LULO4\LuoJia1-01_LR201808191496_20180818145555_HDR_0032_gec.tif,hf://buckets/cbernegger/LULO4/LuoJia1-01_LR201808191496_20180818145555_HDR_0032_meta.xml,hf://buckets/cbernegger/LULO4/LuoJia1-01_LR201808191496_20180818145555_HDR_0032_gec.tif,107.09588,31.16368,110.59434,33.746067,108.89558,32.479635,2018-8-18T14:55:42.3654
LuoJia1-01_LR201808191496_20180818145600_HDR_0033,local\LULO4\LuoJia1-01_LR201808191496_20180818145600_HDR_0033_meta.xml,local\LULO4\LuoJia1-01_LR201808191496_20180818145600_HDR_0033_gec.tif,hf://buckets/cbernegger/LULO4/LuoJia1-01_LR201808191496_20180818145600_HDR_0033_meta.xml,hf://buckets/cbernegger/LULO4/LuoJia1-01_LR201808191496_20180818145600_HDR_0033_gec.tif,107.00326,31.470848,110.515546,34.053047,108.80977,32.78593,2018-8-18T14:55:47.3702
LuoJia1-01_LR201808191496_20180818145605_HDR_0034,local\LULO4\LuoJia1-01_LR201808191496_20180818145605_HDR_0034_meta.xml,local\LULO4\LuoJia1-01_LR201808191496_20180818145605_HDR_0034_gec.tif,hf://buckets/cbernegger/LULO4/LuoJia1-01_LR201808191496_20180818145605_HDR_0034_meta.xml,hf://buckets/cbernegger/LULO4/LuoJia1-01_LR201808191496_20180818145605_HDR_0034_gec.tif,106.91425,31.777007,110.437357,34.35933,108.7254,33.092488,2018-8-18T14:55:52.3751
LuoJia1-01_LR201808191496_20180818145610_HDR_0035,local\LULO4\LuoJia1-01_LR201808191496_20180818145610_HDR_0035_meta.xml,local\LULO4\LuoJia1-01_LR201808191496_20180818145610_HDR_0035_gec.tif,hf://buckets/cbernegger/LULO4/LuoJia1-01_LR201808191496_20180818145610_HDR_0035_meta.xml,hf://buckets/cbernegger/LULO4/LuoJia1-01_LR201808191496_20180818145610_HDR_0035_gec.tif,106.821659,32.0813,110.36017,34.668445,108.643866,33.398076,2018-8-18T14:55:57.3800
LuoJia1-01_LR201808191496_20180818145615_HDR_0036,local\LULO4\LuoJia1-01_LR201808191496_20180818145615_HDR_0036_meta.xml,local\LULO4\LuoJia1-01_LR201808191496_20180818145615_HDR_0036_gec.tif,hf://buckets/cbernegger/LULO4/LuoJia1-01_LR201808191496_20180818145615_HDR_0036_meta.xml,hf://buckets/cbernegger/LULO4/LuoJia1-01_LR201808191496_20180818145615_HDR_0036_gec.tif,106.734492,32.387298,110.285705,34.97401,108.560374,33.703315,2018-8-18T14:56:2.38492
LuoJia1-01_LR201808191496_20180818145620_HDR_0037,local\LULO4\LuoJia1-01_LR201808191496_20180818145620_HDR_0037_meta.xml,local\LULO4\LuoJia1-01_LR201808191496_20180818145620_HDR_0037_gec.tif,hf://buckets/cbernegger/LULO4/LuoJia1-01_LR201808191496_20180818145620_HDR_0037_meta.xml,hf://buckets/cbernegger/LULO4/LuoJia1-01_LR201808191496_20180818145620_HDR_0037_gec.tif,106.639353,32.694664,110.208103,35.279279,108.47445,34.009261,2018-8-18T14:56:7.38980
LuoJia1-01_LR201808191496_20180818145625_HDR_0038,local\LULO4\LuoJia1-01_LR201808191496_20180818145625_HDR_0038_meta.xml,local\LULO4\LuoJia1-01_LR201808191496_20180818145625_HDR_0038_gec.tif,hf://buckets/cbernegger/LULO4/LuoJia1-01_LR201808191496_20180818145625_HDR_0038_meta.xml,hf://buckets/cbernegger/LULO4/LuoJia1-01_LR201808191496_20180818145625_HDR_0038_gec.tif,106.542973,32.99923,110.127895,35.586358,108.386753,34.316667,2018-8-18T14:56:12.3946
LuoJia1-01_LR201808191496_20180818145630_HDR_0039,local\LULO4\LuoJia1-01_LR201808191496_20180818145630_HDR_0039_meta.xml,local\LULO4\LuoJia1-01_LR201808191496_20180818145630_HDR_0039_gec.tif,hf://buckets/cbernegger/LULO4/LuoJia1-01_LR201808191496_20180818145630_HDR_0039_meta.xml,hf://buckets/cbernegger/LULO4/LuoJia1-01_LR201808191496_20180818145630_HDR_0039_gec.tif,106.446101,33.306159,110.045219,35.895295,108.297951,34.624845,2018-8-18T14:56:17.3995
LuoJia1-01_LR201808191496_20180818145635_HDR_0040,local\LULO4\LuoJia1-01_LR201808191496_20180818145635_HDR_0040_meta.xml,local\LULO4\LuoJia1-01_LR201808191496_20180818145635_HDR_0040_gec.tif,hf://buckets/cbernegger/LULO4/LuoJia1-01_LR201808191496_20180818145635_HDR_0040_meta.xml,hf://buckets/cbernegger/LULO4/LuoJia1-01_LR201808191496_20180818145635_HDR_0040_gec.tif,106.355186,33.610801,109.964034,36.203493,108.212192,34.930413,2018-8-18T14:56:22.4044
LuoJia1-01_LR201808191496_20180818145640_HDR_0041,local\LULO4\LuoJia1-01_LR201808191496_20180818145640_HDR_0041_meta.xml,local\LULO4\LuoJia1-01_LR201808191496_20180818145640_HDR_0041_gec.tif,hf://buckets/cbernegger/LULO4/LuoJia1-01_LR201808191496_20180818145640_HDR_0041_meta.xml,hf://buckets/cbernegger/LULO4/LuoJia1-01_LR201808191496_20180818145640_HDR_0041_gec.tif,106.261208,33.913,109.886356,36.507483,108.127926,35.232965,2018-8-18T14:56:27.4093
LuoJia1-01_LR201808191496_20180818145645_HDR_0042,local\LULO4\LuoJia1-01_LR201808191496_20180818145645_HDR_0042_meta.xml,local\LULO4\LuoJia1-01_LR201808191496_20180818145645_HDR_0042_gec.tif,hf://buckets/cbernegger/LULO4/LuoJia1-01_LR201808191496_20180818145645_HDR_0042_meta.xml,hf://buckets/cbernegger/LULO4/LuoJia1-01_LR201808191496_20180818145645_HDR_0042_gec.tif,106.165442,34.217142,109.810511,36.809904,108.041303,35.536145,2018-8-18T14:56:32.4134
LuoJia1-01_LR201808191496_20180818145650_HDR_0043,local\LULO4\LuoJia1-01_LR201808191496_20180818145650_HDR_0043_meta.xml,local\LULO4\LuoJia1-01_LR201808191496_20180818145650_HDR_0043_gec.tif,hf://buckets/cbernegger/LULO4/LuoJia1-01_LR201808191496_20180818145650_HDR_0043_meta.xml,hf://buckets/cbernegger/LULO4/LuoJia1-01_LR201808191496_20180818145650_HDR_0043_gec.tif,106.069948,34.52021,109.729757,37.114472,107.953644,35.841015,2018-8-18T14:56:37.4190
LuoJia1-01_LR201808191496_20180818145655_HDR_0044,local\LULO4\LuoJia1-01_LR201808191496_20180818145655_HDR_0044_meta.xml,local\LULO4\LuoJia1-01_LR201808191496_20180818145655_HDR_0044_gec.tif,hf://buckets/cbernegger/LULO4/LuoJia1-01_LR201808191496_20180818145655_HDR_0044_meta.xml,hf://buckets/cbernegger/LULO4/LuoJia1-01_LR201808191496_20180818145655_HDR_0044_gec.tif,105.970512,34.82327,109.648387,37.419471,107.863582,36.14534,2018-8-18T14:56:42.4239
LuoJia1-01_LR201808191496_20180818145700_HDR_0045,local\LULO4\LuoJia1-01_LR201808191496_20180818145700_HDR_0045_meta.xml,local\LULO4\LuoJia1-01_LR201808191496_20180818145700_HDR_0045_gec.tif,hf://buckets/cbernegger/LULO4/LuoJia1-01_LR201808191496_20180818145700_HDR_0045_meta.xml,hf://buckets/cbernegger/LULO4/LuoJia1-01_LR201808191496_20180818145700_HDR_0045_gec.tif,105.875713,35.128993,109.564102,37.724191,107.775716,36.45028,2018-8-18T14:56:47.4288
LuoJia1-01_LR201808191496_20180818145705_HDR_0046,local\LULO4\LuoJia1-01_LR201808191496_20180818145705_HDR_0046_meta.xml,local\LULO4\LuoJia1-01_LR201808191496_20180818145705_HDR_0046_gec.tif,hf://buckets/cbernegger/LULO4/LuoJia1-01_LR201808191496_20180818145705_HDR_0046_meta.xml,hf://buckets/cbernegger/LULO4/LuoJia1-01_LR201808191496_20180818145705_HDR_0046_gec.tif,105.781656,35.435429,109.485995,38.031239,107.690825,36.755818,2018-8-18T14:56:52.4337
LuoJia1-01_LR201808191496_20180818145710_HDR_0047,local\LULO4\LuoJia1-01_LR201808191496_20180818145710_HDR_0047_meta.xml,local\LULO4\LuoJia1-01_LR201808191496_20180818145710_HDR_0047_gec.tif,hf://buckets/cbernegger/LULO4/LuoJia1-01_LR201808191496_20180818145710_HDR_0047_meta.xml,hf://buckets/cbernegger/LULO4/LuoJia1-01_LR201808191496_20180818145710_HDR_0047_gec.tif,105.680871,35.740454,109.408289,38.337569,107.601493,37.062225,2018-8-18T14:56:57.4385
LuoJia1-01_LR201808191496_20180818145715_HDR_0048,local\LULO4\LuoJia1-01_LR201808191496_20180818145715_HDR_0048_meta.xml,local\LULO4\LuoJia1-01_LR201808191496_20180818145715_HDR_0048_gec.tif,hf://buckets/cbernegger/LULO4/LuoJia1-01_LR201808191496_20180818145715_HDR_0048_meta.xml,hf://buckets/cbernegger/LULO4/LuoJia1-01_LR201808191496_20180818145715_HDR_0048_gec.tif,105.578826,36.042128,109.323364,38.644648,107.509171,37.366694,2018-8-18T14:57:2.44347
LuoJia1-01_LR201808191496_20180818145720_HDR_0049,local\LULO4\LuoJia1-01_LR201808191496_20180818145720_HDR_0049_meta.xml,local\LULO4\LuoJia1-01_LR201808191496_20180818145720_HDR_0049_gec.tif,hf://buckets/cbernegger/LULO4/LuoJia1-01_LR201808191496_20180818145720_HDR_0049_meta.xml,hf://buckets/cbernegger/LULO4/LuoJia1-01_LR201808191496_20180818145720_HDR_0049_gec.tif,105.475235,36.344062,109.238861,38.948476,107.415652,37.669309,2018-8-18T14:57:7.44835
LuoJia1-01_LR201808191496_20180818145725_HDR_0050,local\LULO4\LuoJia1-01_LR201808191496_20180818145725_HDR_0050_meta.xml,local\LULO4\LuoJia1-01_LR201808191496_20180818145725_HDR_0050_gec.tif,hf://buckets/cbernegger/LULO4/LuoJia1-01_LR201808191496_20180818145725_HDR_0050_meta.xml,hf://buckets/cbernegger/LULO4/LuoJia1-01_LR201808191496_20180818145725_HDR_0050_gec.tif,105.371095,36.647205,109.153495,39.251996,107.32103,37.973185,2018-8-18T14:57:12.4532
LuoJia1-01_LR201808191496_20180818145730_HDR_0051,local\LULO4\LuoJia1-01_LR201808191496_20180818145730_HDR_0051_meta.xml,local\LULO4\LuoJia1-01_LR201808191496_20180818145730_HDR_0051_gec.tif,hf://buckets/cbernegger/LULO4/LuoJia1-01_LR201808191496_20180818145730_HDR_0051_meta.xml,hf://buckets/cbernegger/LULO4/LuoJia1-01_LR201808191496_20180818145730_HDR_0051_gec.tif,105.270662,36.950881,109.066652,39.557015,107.228154,38.277303,2018-8-18T14:57:17.4581
LuoJia1-01_LR201808191496_20180818145745_HDR_0054,local\LULO4\LuoJia1-01_LR201808191496_20180818145745_HDR_0054_meta.xml,local\LULO4\LuoJia1-01_LR201808191496_20180818145745_HDR_0054_gec.tif,hf://buckets/cbernegger/LULO4/LuoJia1-01_LR201808191496_20180818145745_HDR_0054_meta.xml,hf://buckets/cbernegger/LULO4/LuoJia1-01_LR201808191496_20180818145745_HDR_0054_gec.tif,104.954379,37.858839,108.81127,40.471491,106.94369,39.189146,2018-8-18T14:57:32.4727
LuoJia1-01_LR201808191496_20180818145750_HDR_0055,local\LULO4\LuoJia1-01_LR201808191496_20180818145750_HDR_0055_meta.xml,local\LULO4\LuoJia1-01_LR201808191496_20180818145750_HDR_0055_gec.tif,hf://buckets/cbernegger/LULO4/LuoJia1-01_LR201808191496_20180818145750_HDR_0055_meta.xml,hf://buckets/cbernegger/LULO4/LuoJia1-01_LR201808191496_20180818145750_HDR_0055_gec.tif,104.850688,38.164117,108.721597,40.77663,106.848053,39.494172,2018-8-18T14:57:37.4776
LuoJia1-01_LR201808191496_20180818145755_HDR_0056,local\LULO4\LuoJia1-01_LR201808191496_20180818145755_HDR_0056_meta.xml,local\LULO4\LuoJia1-01_LR201808191496_20180818145755_HDR_0056_gec.tif,hf://buckets/cbernegger/LULO4/LuoJia1-01_LR201808191496_20180818145755_HDR_0056_meta.xml,hf://buckets/cbernegger/LULO4/LuoJia1-01_LR201808191496_20180818145755_HDR_0056_gec.tif,104.746075,38.467074,108.635862,41.082732,106.753177,39.798496,2018-8-18T14:57:42.4825
LuoJia1-01_LR201808191496_20180818145800_HDR_0057,local\LULO4\LuoJia1-01_LR201808191496_20180818145800_HDR_0057_meta.xml,local\LULO4\LuoJia1-01_LR201808191496_20180818145800_HDR_0057_gec.tif,hf://buckets/cbernegger/LULO4/LuoJia1-01_LR201808191496_20180818145800_HDR_0057_meta.xml,hf://buckets/cbernegger/LULO4/LuoJia1-01_LR201808191496_20180818145800_HDR_0057_gec.tif,104.641258,38.769881,108.549983,41.386355,106.658348,40.101969,2018-8-18T14:57:47.4874
LuoJia1-01_LR201808191496_20180818145805_HDR_0058,local\LULO4\LuoJia1-01_LR201808191496_20180818145805_HDR_0058_meta.xml,local\LULO4\LuoJia1-01_LR201808191496_20180818145805_HDR_0058_gec.tif,hf://buckets/cbernegger/LULO4/LuoJia1-01_LR201808191496_20180818145805_HDR_0058_meta.xml,hf://buckets/cbernegger/LULO4/LuoJia1-01_LR201808191496_20180818145805_HDR_0058_gec.tif,104.533464,39.072341,108.463982,41.689573,106.563046,40.405303,2018-8-18T14:57:52.4923
LuoJia1-01_LR201808202902_20180820055815_HDR_0000,local\LULO4\LuoJia1-01_LR201808202902_20180820055815_HDR_0000_meta.xml,local\LULO4\LuoJia1-01_LR201808202902_20180820055815_HDR_0000_gec.tif,hf://buckets/cbernegger/LULO4/LuoJia1-01_LR201808202902_20180820055815_HDR_0000_meta.xml,hf://buckets/cbernegger/LULO4/LuoJia1-01_LR201808202902_20180820055815_HDR_0000_gec.tif,-119.133152,31.588458,-115.546758,34.203798,-117.255103,32.943817,2018-8-20T5:58:2.222638
LuoJia1-01_LR201808202902_20180820055819_HDR_0001,local\LULO4\LuoJia1-01_LR201808202902_20180820055819_HDR_0001_meta.xml,local\LULO4\LuoJia1-01_LR201808202902_20180820055819_HDR_0001_gec.tif,hf://buckets/cbernegger/LULO4/LuoJia1-01_LR201808202902_20180820055819_HDR_0001_meta.xml,hf://buckets/cbernegger/LULO4/LuoJia1-01_LR201808202902_20180820055819_HDR_0001_gec.tif,-119.227502,31.895982,-115.625347,34.509746,-117.340814,33.250873,2018-8-20T5:58:7.227495
LuoJia1-01_LR201808202902_20180820055824_HDR_0002,local\LULO4\LuoJia1-01_LR201808202902_20180820055824_HDR_0002_meta.xml,local\LULO4\LuoJia1-01_LR201808202902_20180820055824_HDR_0002_gec.tif,hf://buckets/cbernegger/LULO4/LuoJia1-01_LR201808202902_20180820055824_HDR_0002_meta.xml,hf://buckets/cbernegger/LULO4/LuoJia1-01_LR201808202902_20180820055824_HDR_0002_gec.tif,-119.31764,32.203764,-115.706121,34.818713,-117.428485,33.559239,2018-8-20T5:58:12.23235
LuoJia1-01_LR201808202902_20180820055830_HDR_0003,local\LULO4\LuoJia1-01_LR201808202902_20180820055830_HDR_0003_meta.xml,local\LULO4\LuoJia1-01_LR201808202902_20180820055830_HDR_0003_gec.tif,hf://buckets/cbernegger/LULO4/LuoJia1-01_LR201808202902_20180820055830_HDR_0003_meta.xml,hf://buckets/cbernegger/LULO4/LuoJia1-01_LR201808202902_20180820055830_HDR_0003_gec.tif,-119.416533,32.508786,-115.788894,35.127779,-117.518113,33.866244,2018-8-20T5:58:17.23721
LuoJia1-01_LR201808202902_20180820055835_HDR_0004,local\LULO4\LuoJia1-01_LR201808202902_20180820055835_HDR_0004_meta.xml,local\LULO4\LuoJia1-01_LR201808202902_20180820055835_HDR_0004_gec.tif,hf://buckets/cbernegger/LULO4/LuoJia1-01_LR201808202902_20180820055835_HDR_0004_meta.xml,hf://buckets/cbernegger/LULO4/LuoJia1-01_LR201808202902_20180820055835_HDR_0004_gec.tif,-119.514408,32.809747,-115.871082,35.43295,-117.605119,34.170036,2018-8-20T5:58:22.24207
LuoJia1-01_LR201808202902_20180820055840_HDR_0005,local\LULO4\LuoJia1-01_LR201808202902_20180820055840_HDR_0005_meta.xml,local\LULO4\LuoJia1-01_LR201808202902_20180820055840_HDR_0005_gec.tif,hf://buckets/cbernegger/LULO4/LuoJia1-01_LR201808202902_20180820055840_HDR_0005_meta.xml,hf://buckets/cbernegger/LULO4/LuoJia1-01_LR201808202902_20180820055840_HDR_0005_gec.tif,-119.607346,33.11277,-115.95,35.737009,-117.68884,34.473038,2018-8-20T5:58:27.24693
LuoJia1-01_LR201808202902_20180820055845_HDR_0006,local\LULO4\LuoJia1-01_LR201808202902_20180820055845_HDR_0006_meta.xml,local\LULO4\LuoJia1-01_LR201808202902_20180820055845_HDR_0006_gec.tif,hf://buckets/cbernegger/LULO4/LuoJia1-01_LR201808202902_20180820055845_HDR_0006_meta.xml,hf://buckets/cbernegger/LULO4/LuoJia1-01_LR201808202902_20180820055845_HDR_0006_gec.tif,-119.705208,33.420306,-116.028118,36.039862,-117.776245,34.779147,2018-8-20T5:58:32.25137
LuoJia1-01_LR201808202902_20180820055850_HDR_0007,local\LULO4\LuoJia1-01_LR201808202902_20180820055850_HDR_0007_meta.xml,local\LULO4\LuoJia1-01_LR201808202902_20180820055850_HDR_0007_gec.tif,hf://buckets/cbernegger/LULO4/LuoJia1-01_LR201808202902_20180820055850_HDR_0007_meta.xml,hf://buckets/cbernegger/LULO4/LuoJia1-01_LR201808202902_20180820055850_HDR_0007_gec.tif,-119.805236,33.723177,-116.111565,36.350677,-117.867504,35.084872,2018-8-20T5:58:37.25665
LuoJia1-01_LR201808202902_20180820055855_HDR_0008,local\LULO4\LuoJia1-01_LR201808202902_20180820055855_HDR_0008_meta.xml,local\LULO4\LuoJia1-01_LR201808202902_20180820055855_HDR_0008_gec.tif,hf://buckets/cbernegger/LULO4/LuoJia1-01_LR201808202902_20180820055855_HDR_0008_meta.xml,hf://buckets/cbernegger/LULO4/LuoJia1-01_LR201808202902_20180820055855_HDR_0008_gec.tif,-119.900844,34.021334,-116.195477,36.654375,-117.956698,35.386179,2018-8-20T5:58:42.26065
LuoJia1-01_LR201808202902_20180820055900_HDR_0009,local\LULO4\LuoJia1-01_LR201808202902_20180820055900_HDR_0009_meta.xml,local\LULO4\LuoJia1-01_LR201808202902_20180820055900_HDR_0009_gec.tif,hf://buckets/cbernegger/LULO4/LuoJia1-01_LR201808202902_20180820055900_HDR_0009_meta.xml,hf://buckets/cbernegger/LULO4/LuoJia1-01_LR201808202902_20180820055900_HDR_0009_gec.tif,-119.995978,34.322685,-116.275959,36.9522,-118.04328,35.686938,2018-8-20T5:58:47.26637
LuoJia1-01_LR201808202902_20180820055905_HDR_0010,local\LULO4\LuoJia1-01_LR201808202902_20180820055905_HDR_0010_meta.xml,local\LULO4\LuoJia1-01_LR201808202902_20180820055905_HDR_0010_gec.tif,hf://buckets/cbernegger/LULO4/LuoJia1-01_LR201808202902_20180820055905_HDR_0010_meta.xml,hf://buckets/cbernegger/LULO4/LuoJia1-01_LR201808202902_20180820055905_HDR_0010_gec.tif,-120.095624,34.630948,-116.35631,37.255117,-118.131853,35.98999,2018-8-20T5:58:52.27124
LuoJia1-01_LR201808202902_20180820055910_HDR_0011,local\LULO4\LuoJia1-01_LR201808202902_20180820055910_HDR_0011_meta.xml,local\LULO4\LuoJia1-01_LR201808202902_20180820055910_HDR_0011_gec.tif,hf://buckets/cbernegger/LULO4/LuoJia1-01_LR201808202902_20180820055910_HDR_0011_meta.xml,hf://buckets/cbernegger/LULO4/LuoJia1-01_LR201808202902_20180820055910_HDR_0011_gec.tif,-120.197157,34.931986,-116.439854,37.559355,-118.222485,36.294571,2018-8-20T5:58:57.27610
LuoJia1-01_LR201808202902_20180820055915_HDR_0012,local\LULO4\LuoJia1-01_LR201808202902_20180820055915_HDR_0012_meta.xml,local\LULO4\LuoJia1-01_LR201808202902_20180820055915_HDR_0012_gec.tif,hf://buckets/cbernegger/LULO4/LuoJia1-01_LR201808202902_20180820055915_HDR_0012_meta.xml,hf://buckets/cbernegger/LULO4/LuoJia1-01_LR201808202902_20180820055915_HDR_0012_gec.tif,-120.295625,35.230285,-116.52467,37.86434,-118.311777,36.598087,2018-8-20T5:59:2.280971
LuoJia1-01_LR201808202902_20180820055920_HDR_0013,local\LULO4\LuoJia1-01_LR201808202902_20180820055920_HDR_0013_meta.xml,local\LULO4\LuoJia1-01_LR201808202902_20180820055920_HDR_0013_gec.tif,hf://buckets/cbernegger/LULO4/LuoJia1-01_LR201808202902_20180820055920_HDR_0013_meta.xml,hf://buckets/cbernegger/LULO4/LuoJia1-01_LR201808202902_20180820055920_HDR_0013_gec.tif,-120.397249,35.530721,-116.606874,38.167339,-118.404871,36.899919,2018-8-20T5:59:7.285836
LuoJia1-01_LR201808202902_20180820055925_HDR_0014,local\LULO4\LuoJia1-01_LR201808202902_20180820055925_HDR_0014_meta.xml,local\LULO4\LuoJia1-01_LR201808202902_20180820055925_HDR_0014_gec.tif,hf://buckets/cbernegger/LULO4/LuoJia1-01_LR201808202902_20180820055925_HDR_0014_meta.xml,hf://buckets/cbernegger/LULO4/LuoJia1-01_LR201808202902_20180820055925_HDR_0014_gec.tif,-120.497436,35.835372,-116.693096,38.470442,-118.497702,37.203612,2018-8-20T5:59:12.29070
LuoJia1-01_LR201808202902_20180820055930_HDR_0015,local\LULO4\LuoJia1-01_LR201808202902_20180820055930_HDR_0015_meta.xml,local\LULO4\LuoJia1-01_LR201808202902_20180820055930_HDR_0015_gec.tif,hf://buckets/cbernegger/LULO4/LuoJia1-01_LR201808202902_20180820055930_HDR_0015_meta.xml,hf://buckets/cbernegger/LULO4/LuoJia1-01_LR201808202902_20180820055930_HDR_0015_gec.tif,-120.595154,36.142812,-116.777052,38.774711,-118.591418,37.509678,2018-8-20T5:59:17.29556
LuoJia1-01_LR201808202902_20180820055935_HDR_0016,local\LULO4\LuoJia1-01_LR201808202902_20180820055935_HDR_0016_meta.xml,local\LULO4\LuoJia1-01_LR201808202902_20180820055935_HDR_0016_gec.tif,hf://buckets/cbernegger/LULO4/LuoJia1-01_LR201808202902_20180820055935_HDR_0016_meta.xml,hf://buckets/cbernegger/LULO4/LuoJia1-01_LR201808202902_20180820055935_HDR_0016_gec.tif,-120.700075,36.448515,-116.860167,39.082451,-118.683098,37.816742,2018-8-20T5:59:22.30043
LuoJia1-01_LR201808202902_20180820055940_HDR_0017,local\LULO4\LuoJia1-01_LR201808202902_20180820055940_HDR_0017_meta.xml,local\LULO4\LuoJia1-01_LR201808202902_20180820055940_HDR_0017_gec.tif,hf://buckets/cbernegger/LULO4/LuoJia1-01_LR201808202902_20180820055940_HDR_0017_meta.xml,hf://buckets/cbernegger/LULO4/LuoJia1-01_LR201808202902_20180820055940_HDR_0017_gec.tif,-120.806588,36.751592,-116.948092,39.38965,-118.78031,38.121582,2018-8-20T5:59:27.30530
LuoJia1-01_LR201808202902_20180820055945_HDR_0018,local\LULO4\LuoJia1-01_LR201808202902_20180820055945_HDR_0018_meta.xml,local\LULO4\LuoJia1-01_LR201808202902_20180820055945_HDR_0018_gec.tif,hf://buckets/cbernegger/LULO4/LuoJia1-01_LR201808202902_20180820055945_HDR_0018_meta.xml,hf://buckets/cbernegger/LULO4/LuoJia1-01_LR201808202902_20180820055945_HDR_0018_gec.tif,-120.914457,37.055569,-117.037445,39.694837,-118.87772,38.426087,2018-8-20T5:59:32.31017
LuoJia1-01_LR201808202902_20180820055950_HDR_0019,local\LULO4\LuoJia1-01_LR201808202902_20180820055950_HDR_0019_meta.xml,local\LULO4\LuoJia1-01_LR201808202902_20180820055950_HDR_0019_gec.tif,hf://buckets/cbernegger/LULO4/LuoJia1-01_LR201808202902_20180820055950_HDR_0019_meta.xml,hf://buckets/cbernegger/LULO4/LuoJia1-01_LR201808202902_20180820055950_HDR_0019_gec.tif,-121.019429,37.360138,-117.126335,40.002651,-118.976521,38.731106,2018-8-20T5:59:37.31504
LuoJia1-01_LR201808202902_20180820055955_HDR_0020,local\LULO4\LuoJia1-01_LR201808202902_20180820055955_HDR_0020_meta.xml,local\LULO4\LuoJia1-01_LR201808202902_20180820055955_HDR_0020_gec.tif,hf://buckets/cbernegger/LULO4/LuoJia1-01_LR201808202902_20180820055955_HDR_0020_meta.xml,hf://buckets/cbernegger/LULO4/LuoJia1-01_LR201808202902_20180820055955_HDR_0020_gec.tif,-121.130593,37.664123,-117.215908,40.308944,-119.074167,39.035599,2018-8-20T5:59:42.31991
LuoJia1-01_LR201808202902_20180820060000_HDR_0021,local\LULO4\LuoJia1-01_LR201808202902_20180820060000_HDR_0021_meta.xml,local\LULO4\LuoJia1-01_LR201808202902_20180820060000_HDR_0021_gec.tif,hf://buckets/cbernegger/LULO4/LuoJia1-01_LR201808202902_20180820060000_HDR_0021_meta.xml,hf://buckets/cbernegger/LULO4/LuoJia1-01_LR201808202902_20180820060000_HDR_0021_gec.tif,-121.233846,37.965763,-117.303739,40.613294,-119.170492,39.338449,2018-8-20T5:59:47.32478
LuoJia1-01_LR201808202902_20180820060005_HDR_0022,local\LULO4\LuoJia1-01_LR201808202902_20180820060005_HDR_0022_meta.xml,local\LULO4\LuoJia1-01_LR201808202902_20180820060005_HDR_0022_gec.tif,hf://buckets/cbernegger/LULO4/LuoJia1-01_LR201808202902_20180820060005_HDR_0022_meta.xml,hf://buckets/cbernegger/LULO4/LuoJia1-01_LR201808202902_20180820060005_HDR_0022_gec.tif,-121.342179,38.267627,-117.392319,40.916106,-119.268582,39.640854,2018-8-20T5:59:52.32882
LuoJia1-01_LR201808202902_20180820060010_HDR_0023,local\LULO4\LuoJia1-01_LR201808202902_20180820060010_HDR_0023_meta.xml,local\LULO4\LuoJia1-01_LR201808202902_20180820060010_HDR_0023_gec.tif,hf://buckets/cbernegger/LULO4/LuoJia1-01_LR201808202902_20180820060010_HDR_0023_meta.xml,hf://buckets/cbernegger/LULO4/LuoJia1-01_LR201808202902_20180820060010_HDR_0023_gec.tif,-121.458832,38.566944,-117.482441,41.219548,-119.369881,39.942078,2018-8-20T5:59:57.33452
LuoJia1-01_LR201808202902_20180820060015_HDR_0024,local\LULO4\LuoJia1-01_LR201808202902_20180820060015_HDR_0024_meta.xml,local\LULO4\LuoJia1-01_LR201808202902_20180820060015_HDR_0024_gec.tif,hf://buckets/cbernegger/LULO4/LuoJia1-01_LR201808202902_20180820060015_HDR_0024_meta.xml,hf://buckets/cbernegger/LULO4/LuoJia1-01_LR201808202902_20180820060015_HDR_0024_gec.tif,-121.570961,38.86685,-117.574665,41.520913,-119.470469,40.242811,2018-8-20T6:0:2.339395
LuoJia1-01_LR201808202902_20180820060020_HDR_0025,local\LULO4\LuoJia1-01_LR201808202902_20180820060020_HDR_0025_meta.xml,local\LULO4\LuoJia1-01_LR201808202902_20180820060020_HDR_0025_gec.tif,hf://buckets/cbernegger/LULO4/LuoJia1-01_LR201808202902_20180820060020_HDR_0025_meta.xml,hf://buckets/cbernegger/LULO4/LuoJia1-01_LR201808202902_20180820060020_HDR_0025_gec.tif,-121.67459,39.169975,-117.666138,41.820874,-119.570107,40.545043,2018-8-20T6:0:7.344267
LuoJia1-01_LR201808202902_20180820060025_HDR_0026,local\LULO4\LuoJia1-01_LR201808202902_20180820060025_HDR_0026_meta.xml,local\LULO4\LuoJia1-01_LR201808202902_20180820060025_HDR_0026_gec.tif,hf://buckets/cbernegger/LULO4/LuoJia1-01_LR201808202902_20180820060025_HDR_0026_meta.xml,hf://buckets/cbernegger/LULO4/LuoJia1-01_LR201808202902_20180820060025_HDR_0026_gec.tif,-121.7854,39.475413,-117.753533,42.127007,-119.666651,40.84999,2018-8-20T6:0:12.349139
LuoJia1-01_LR201808202902_20180820060030_HDR_0027,local\LULO4\LuoJia1-01_LR201808202902_20180820060030_HDR_0027_meta.xml,local\LULO4\LuoJia1-01_LR201808202902_20180820060030_HDR_0027_gec.tif,hf://buckets/cbernegger/LULO4/LuoJia1-01_LR201808202902_20180820060030_HDR_0027_meta.xml,hf://buckets/cbernegger/LULO4/LuoJia1-01_LR201808202902_20180820060030_HDR_0027_gec.tif,-121.898762,39.779522,-117.842702,42.43339,-119.766525,41.154645,2018-8-20T6:0:17.354012
LuoJia1-01_LR201808202902_20180820060035_HDR_0028,local\LULO4\LuoJia1-01_LR201808202902_20180820060035_HDR_0028_meta.xml,local\LULO4\LuoJia1-01_LR201808202902_20180820060035_HDR_0028_gec.tif,hf://buckets/cbernegger/LULO4/LuoJia1-01_LR201808202902_20180820060035_HDR_0028_meta.xml,hf://buckets/cbernegger/LULO4/LuoJia1-01_LR201808202902_20180820060035_HDR_0028_gec.tif,-122.017024,40.081114,-117.93556,42.736391,-119.871182,41.458214,2018-8-20T6:0:22.358886
LuoJia1-01_LR201808202902_20180820060040_HDR_0029,local\LULO4\LuoJia1-01_LR201808202902_20180820060040_HDR_0029_meta.xml,local\LULO4\LuoJia1-01_LR201808202902_20180820060040_HDR_0029_gec.tif,hf://buckets/cbernegger/LULO4/LuoJia1-01_LR201808202902_20180820060040_HDR_0029_meta.xml,hf://buckets/cbernegger/LULO4/LuoJia1-01_LR201808202902_20180820060040_HDR_0029_gec.tif,-122.134426,40.383498,-118.031081,43.04239,-119.977812,41.761614,2018-8-20T6:0:27.363759
LuoJia1-01_LR201808202902_20180820060045_HDR_0030,local\LULO4\LuoJia1-01_LR201808202902_20180820060045_HDR_0030_meta.xml,local\LULO4\LuoJia1-01_LR201808202902_20180820060045_HDR_0030_gec.tif,hf://buckets/cbernegger/LULO4/LuoJia1-01_LR201808202902_20180820060045_HDR_0030_meta.xml,hf://buckets/cbernegger/LULO4/LuoJia1-01_LR201808202902_20180820060045_HDR_0030_gec.tif,-122.249645,40.681718,-118.127807,43.34637,-120.083208,42.062624,2018-8-20T6:0:32.368634
LuoJia1-01_LR201808202902_20180820060050_HDR_0031,local\LULO4\LuoJia1-01_LR201808202902_20180820060050_HDR_0031_meta.xml,local\LULO4\LuoJia1-01_LR201808202902_20180820060050_HDR_0031_gec.tif,hf://buckets/cbernegger/LULO4/LuoJia1-01_LR201808202902_20180820060050_HDR_0031_meta.xml,hf://buckets/cbernegger/LULO4/LuoJia1-01_LR201808202902_20180820060050_HDR_0031_gec.tif,-122.367361,40.981239,-118.221595,43.64689,-120.186153,42.363891,2018-8-20T6:0:37.373508
LuoJia1-01_LR201808202902_20180820060055_HDR_0032,local\LULO4\LuoJia1-01_LR201808202902_20180820060055_HDR_0032_meta.xml,local\LULO4\LuoJia1-01_LR201808202902_20180820060055_HDR_0032_gec.tif,hf://buckets/cbernegger/LULO4/LuoJia1-01_LR201808202902_20180820060055_HDR_0032_meta.xml,hf://buckets/cbernegger/LULO4/LuoJia1-01_LR201808202902_20180820060055_HDR_0032_gec.tif,-122.484961,41.284382,-118.314749,43.949443,-120.291378,42.66615,2018-8-20T6:0:42.378383
LuoJia1-01_LR201808202902_20180820060100_HDR_0033,local\LULO4\LuoJia1-01_LR201808202902_20180820060100_HDR_0033_meta.xml,local\LULO4\LuoJia1-01_LR201808202902_20180820060100_HDR_0033_gec.tif,hf://buckets/cbernegger/LULO4/LuoJia1-01_LR201808202902_20180820060100_HDR_0033_meta.xml,hf://buckets/cbernegger/LULO4/LuoJia1-01_LR201808202902_20180820060100_HDR_0033_gec.tif,-122.605296,41.588194,-118.40883,44.253312,-120.396974,42.969279,2018-8-20T6:0:47.383258
LuoJia1-01_LR201808202902_20180820060105_HDR_0034,local\LULO4\LuoJia1-01_LR201808202902_20180820060105_HDR_0034_meta.xml,local\LULO4\LuoJia1-01_LR201808202902_20180820060105_HDR_0034_gec.tif,hf://buckets/cbernegger/LULO4/LuoJia1-01_LR201808202902_20180820060105_HDR_0034_meta.xml,hf://buckets/cbernegger/LULO4/LuoJia1-01_LR201808202902_20180820060105_HDR_0034_gec.tif,-122.724949,41.888542,-118.504582,44.557493,-120.504564,43.272619,2018-8-20T6:0:52.388134
LuoJia1-01_LR201808202902_20180820060110_HDR_0035,local\LULO4\LuoJia1-01_LR201808202902_20180820060110_HDR_0035_meta.xml,local\LULO4\LuoJia1-01_LR201808202902_20180820060110_HDR_0035_gec.tif,hf://buckets/cbernegger/LULO4/LuoJia1-01_LR201808202902_20180820060110_HDR_0035_meta.xml,hf://buckets/cbernegger/LULO4/LuoJia1-01_LR201808202902_20180820060110_HDR_0035_gec.tif,-122.84601,42.192399,-118.602811,44.863595,-120.610361,43.577032,2018-8-20T6:0:57.393010
LuoJia1-01_LR201808202902_20180820060115_HDR_0036,local\LULO4\LuoJia1-01_LR201808202902_20180820060115_HDR_0036_meta.xml,local\LULO4\LuoJia1-01_LR201808202902_20180820060115_HDR_0036_gec.tif,hf://buckets/cbernegger/LULO4/LuoJia1-01_LR201808202902_20180820060115_HDR_0036_meta.xml,hf://buckets/cbernegger/LULO4/LuoJia1-01_LR201808202902_20180820060115_HDR_0036_gec.tif,-122.967259,42.492453,-118.695991,45.168758,-120.717141,43.879531,2018-8-20T6:1:2.397887
LuoJia1-01_LR201808202902_20180820060120_HDR_0037,local\LULO4\LuoJia1-01_LR201808202902_20180820060120_HDR_0037_meta.xml,local\LULO4\LuoJia1-01_LR201808202902_20180820060120_HDR_0037_gec.tif,hf://buckets/cbernegger/LULO4/LuoJia1-01_LR201808202902_20180820060120_HDR_0037_meta.xml,hf://buckets/cbernegger/LULO4/LuoJia1-01_LR201808202902_20180820060120_HDR_0037_gec.tif,-123.093172,42.79368,-118.792056,45.472309,-120.827896,44.181275,2018-8-20T6:1:7.402764
LuoJia1-01_LR201808202902_20180820060125_HDR_0038,local\LULO4\LuoJia1-01_LR201808202902_20180820060125_HDR_0038_meta.xml,local\LULO4\LuoJia1-01_LR201808202902_20180820060125_HDR_0038_gec.tif,hf://buckets/cbernegger/LULO4/LuoJia1-01_LR201808202902_20180820060125_HDR_0038_meta.xml,hf://buckets/cbernegger/LULO4/LuoJia1-01_LR201808202902_20180820060125_HDR_0038_gec.tif,-123.21912,43.094526,-118.892631,45.776375,-120.940244,44.482924,2018-8-20T6:1:12.407641
LuoJia1-01_LR201808202902_20180820060130_HDR_0039,local\LULO4\LuoJia1-01_LR201808202902_20180820060130_HDR_0039_meta.xml,local\LULO4\LuoJia1-01_LR201808202902_20180820060130_HDR_0039_gec.tif,hf://buckets/cbernegger/LULO4/LuoJia1-01_LR201808202902_20180820060130_HDR_0039_meta.xml,hf://buckets/cbernegger/LULO4/LuoJia1-01_LR201808202902_20180820060130_HDR_0039_gec.tif,-123.344649,43.392743,-118.994135,46.078142,-121.054089,44.78335,2018-8-20T6:1:17.412518
LuoJia1-01_LR201808202902_20180820060135_HDR_0040,local\LULO4\LuoJia1-01_LR201808202902_20180820060135_HDR_0040_meta.xml,local\LULO4\LuoJia1-01_LR201808202902_20180820060135_HDR_0040_gec.tif,hf://buckets/cbernegger/LULO4/LuoJia1-01_LR201808202902_20180820060135_HDR_0040_meta.xml,hf://buckets/cbernegger/LULO4/LuoJia1-01_LR201808202902_20180820060135_HDR_0040_gec.tif,-123.478577,43.687627,-119.095658,46.379329,-121.171299,45.083004,2018-8-20T6:1:22.417396
LuoJia1-01_LR201808202902_20180820060140_HDR_0041,local\LULO4\LuoJia1-01_LR201808202902_20180820060140_HDR_0041_meta.xml,local\LULO4\LuoJia1-01_LR201808202902_20180820060140_HDR_0041_gec.tif,hf://buckets/cbernegger/LULO4/LuoJia1-01_LR201808202902_20180820060140_HDR_0041_meta.xml,hf://buckets/cbernegger/LULO4/LuoJia1-01_LR201808202902_20180820060140_HDR_0041_gec.tif,-123.608843,43.986406,-119.202025,46.678821,-121.287596,45.383186,2018-8-20T6:1:27.422275
LuoJia1-01_LR201808202902_20180820060145_HDR_0042,local\LULO4\LuoJia1-01_LR201808202902_20180820060145_HDR_0042_meta.xml,local\LULO4\LuoJia1-01_LR201808202902_20180820060145_HDR_0042_gec.tif,hf://buckets/cbernegger/LULO4/LuoJia1-01_LR201808202902_20180820060145_HDR_0042_meta.xml,hf://buckets/cbernegger/LULO4/LuoJia1-01_LR201808202902_20180820060145_HDR_0042_gec.tif,-123.739415,44.287058,-119.305296,46.98048,-121.40465,45.684637,2018-8-20T6:1:32.427153
LuoJia1-01_LR201808202902_20180820060150_HDR_0043,local\LULO4\LuoJia1-01_LR201808202902_20180820060150_HDR_0043_meta.xml,local\LULO4\LuoJia1-01_LR201808202902_20180820060150_HDR_0043_gec.tif,hf://buckets/cbernegger/LULO4/LuoJia1-01_LR201808202902_20180820060150_HDR_0043_meta.xml,hf://buckets/cbernegger/LULO4/LuoJia1-01_LR201808202902_20180820060150_HDR_0043_gec.tif,-123.870608,44.584887,-119.409138,47.282772,-121.520032,45.985622,2018-8-20T6:1:37.432032
LuoJia1-01_LR201808202902_20180820060155_HDR_0044,local\LULO4\LuoJia1-01_LR201808202902_20180820060155_HDR_0044_meta.xml,local\LULO4\LuoJia1-01_LR201808202902_20180820060155_HDR_0044_gec.tif,hf://buckets/cbernegger/LULO4/LuoJia1-01_LR201808202902_20180820060155_HDR_0044_meta.xml,hf://buckets/cbernegger/LULO4/LuoJia1-01_LR201808202902_20180820060155_HDR_0044_gec.tif,-123.998461,44.884156,-119.511701,47.584997,-121.633623,46.286144,2018-8-20T6:1:42.436911
LuoJia1-01_LR201808202902_20180820060200_HDR_0045,local\LULO4\LuoJia1-01_LR201808202902_20180820060200_HDR_0045_meta.xml,local\LULO4\LuoJia1-01_LR201808202902_20180820060200_HDR_0045_gec.tif,hf://buckets/cbernegger/LULO4/LuoJia1-01_LR201808202902_20180820060200_HDR_0045_meta.xml,hf://buckets/cbernegger/LULO4/LuoJia1-01_LR201808202902_20180820060200_HDR_0045_gec.tif,-124.127503,45.183196,-119.612174,47.884036,-121.748586,46.58633,2018-8-20T6:1:47.441791
LuoJia1-01_LR201808202902_20180820060205_HDR_0046,local\LULO4\LuoJia1-01_LR201808202902_20180820060205_HDR_0046_meta.xml,local\LULO4\LuoJia1-01_LR201808202902_20180820060205_HDR_0046_gec.tif,hf://buckets/cbernegger/LULO4/LuoJia1-01_LR201808202902_20180820060205_HDR_0046_meta.xml,hf://buckets/cbernegger/LULO4/LuoJia1-01_LR201808202902_20180820060205_HDR_0046_gec.tif,-124.265203,45.484848,-119.714167,48.187864,-121.866965,46.888147,2018-8-20T6:1:52.446671
LuoJia1-01_LR201808209021_20180819151604_HDR_0000,local\LULO4\LuoJia1-01_LR201808209021_20180819151604_HDR_0000_meta.xml,local\LULO4\LuoJia1-01_LR201808209021_20180819151604_HDR_0000_gec.tif,hf://buckets/cbernegger/LULO4/LuoJia1-01_LR201808209021_20180819151604_HDR_0000_meta.xml,hf://buckets/cbernegger/LULO4/LuoJia1-01_LR201808209021_20180819151604_HDR_0000_gec.tif,106.04294,17.888169,109.152533,20.447625,107.550545,19.126372,2018-8-19T15:15:52.1906
LuoJia1-01_LR201808209021_20180819151609_HDR_0001,local\LULO4\LuoJia1-01_LR201808209021_20180819151609_HDR_0001_meta.xml,local\LULO4\LuoJia1-01_LR201808209021_20180819151609_HDR_0001_gec.tif,hf://buckets/cbernegger/LULO4/LuoJia1-01_LR201808209021_20180819151609_HDR_0001_meta.xml,hf://buckets/cbernegger/LULO4/LuoJia1-01_LR201808209021_20180819151609_HDR_0001_gec.tif,105.970786,18.19397,109.088263,20.754386,107.482078,19.431671,2018-8-19T15:15:57.1954
LuoJia1-01_LR201808209021_20180819151614_HDR_0002,local\LULO4\LuoJia1-01_LR201808209021_20180819151614_HDR_0002_meta.xml,local\LULO4\LuoJia1-01_LR201808209021_20180819151614_HDR_0002_gec.tif,hf://buckets/cbernegger/LULO4/LuoJia1-01_LR201808209021_20180819151614_HDR_0002_meta.xml,hf://buckets/cbernegger/LULO4/LuoJia1-01_LR201808209021_20180819151614_HDR_0002_gec.tif,105.898261,18.503284,109.021406,21.06049,107.412916,19.740306,2018-8-19T15:16:2.20032
LuoJia1-01_LR201808209021_20180819151620_HDR_0003,local\LULO4\LuoJia1-01_LR201808209021_20180819151620_HDR_0003_meta.xml,local\LULO4\LuoJia1-01_LR201808209021_20180819151620_HDR_0003_gec.tif,hf://buckets/cbernegger/LULO4/LuoJia1-01_LR201808209021_20180819151620_HDR_0003_meta.xml,hf://buckets/cbernegger/LULO4/LuoJia1-01_LR201808209021_20180819151620_HDR_0003_gec.tif,105.826353,18.808944,108.954895,21.370312,107.344329,20.047496,2018-8-19T15:16:7.20518
LuoJia1-01_LR201808209021_20180819151624_HDR_0004,local\LULO4\LuoJia1-01_LR201808209021_20180819151624_HDR_0004_meta.xml,local\LULO4\LuoJia1-01_LR201808209021_20180819151624_HDR_0004_gec.tif,hf://buckets/cbernegger/LULO4/LuoJia1-01_LR201808209021_20180819151624_HDR_0004_meta.xml,hf://buckets/cbernegger/LULO4/LuoJia1-01_LR201808209021_20180819151624_HDR_0004_gec.tif,105.753578,19.116248,108.890437,21.676501,107.274793,20.355032,2018-8-19T15:16:12.2100
LuoJia1-01_LR201808209021_20180819151629_HDR_0005,local\LULO4\LuoJia1-01_LR201808209021_20180819151629_HDR_0005_meta.xml,local\LULO4\LuoJia1-01_LR201808209021_20180819151629_HDR_0005_gec.tif,hf://buckets/cbernegger/LULO4/LuoJia1-01_LR201808209021_20180819151629_HDR_0005_meta.xml,hf://buckets/cbernegger/LULO4/LuoJia1-01_LR201808209021_20180819151629_HDR_0005_gec.tif,105.681855,19.421991,108.823918,21.983244,107.205845,20.661029,2018-8-19T15:16:17.2149
LuoJia1-01_LR201808209021_20180819151634_HDR_0006,local\LULO4\LuoJia1-01_LR201808209021_20180819151634_HDR_0006_meta.xml,local\LULO4\LuoJia1-01_LR201808209021_20180819151634_HDR_0006_gec.tif,hf://buckets/cbernegger/LULO4/LuoJia1-01_LR201808209021_20180819151634_HDR_0006_meta.xml,hf://buckets/cbernegger/LULO4/LuoJia1-01_LR201808209021_20180819151634_HDR_0006_gec.tif,105.610866,19.729312,108.758829,22.289368,107.137846,20.968093,2018-8-19T15:16:22.2197
LuoJia1-01_LR201808209021_20180819151640_HDR_0007,local\LULO4\LuoJia1-01_LR201808209021_20180819151640_HDR_0007_meta.xml,local\LULO4\LuoJia1-01_LR201808209021_20180819151640_HDR_0007_gec.tif,hf://buckets/cbernegger/LULO4/LuoJia1-01_LR201808209021_20180819151640_HDR_0007_meta.xml,hf://buckets/cbernegger/LULO4/LuoJia1-01_LR201808209021_20180819151640_HDR_0007_gec.tif,105.539599,20.036352,108.694553,22.597412,107.070031,21.275175,2018-8-19T15:16:27.2246
LuoJia1-01_LR201808209021_20180819151644_HDR_0008,local\LULO4\LuoJia1-01_LR201808209021_20180819151644_HDR_0008_meta.xml,local\LULO4\LuoJia1-01_LR201808209021_20180819151644_HDR_0008_gec.tif,hf://buckets/cbernegger/LULO4/LuoJia1-01_LR201808209021_20180819151644_HDR_0008_meta.xml,hf://buckets/cbernegger/LULO4/LuoJia1-01_LR201808209021_20180819151644_HDR_0008_gec.tif,105.466123,20.345046,108.629775,22.905141,107.000379,21.583376,2018-8-19T15:16:32.2294
LuoJia1-01_LR201808209021_20180819151649_HDR_0009,local\LULO4\LuoJia1-01_LR201808209021_20180819151649_HDR_0009_meta.xml,local\LULO4\LuoJia1-01_LR201808209021_20180819151649_HDR_0009_gec.tif,hf://buckets/cbernegger/LULO4/LuoJia1-01_LR201808209021_20180819151649_HDR_0009_meta.xml,hf://buckets/cbernegger/LULO4/LuoJia1-01_LR201808209021_20180819151649_HDR_0009_gec.tif,105.392607,20.653183,108.563312,23.213741,106.930458,21.891844,2018-8-19T15:16:37.2339
LuoJia1-01_LR201808209021_20180819151655_HDR_0010,local\LULO4\LuoJia1-01_LR201808209021_20180819151655_HDR_0010_meta.xml,local\LULO4\LuoJia1-01_LR201808209021_20180819151655_HDR_0010_gec.tif,hf://buckets/cbernegger/LULO4/LuoJia1-01_LR201808209021_20180819151655_HDR_0010_meta.xml,hf://buckets/cbernegger/LULO4/LuoJia1-01_LR201808209021_20180819151655_HDR_0010_gec.tif,105.314012,20.96111,108.496565,23.521923,106.85764,22.20043,2018-8-19T15:16:42.2392
LuoJia1-01_LR201808209021_20180819151700_HDR_0011,local\LULO4\LuoJia1-01_LR201808209021_20180819151700_HDR_0011_meta.xml,local\LULO4\LuoJia1-01_LR201808209021_20180819151700_HDR_0011_gec.tif,hf://buckets/cbernegger/LULO4/LuoJia1-01_LR201808209021_20180819151700_HDR_0011_meta.xml,hf://buckets/cbernegger/LULO4/LuoJia1-01_LR201808209021_20180819151700_HDR_0011_gec.tif,105.241182,21.266348,108.424152,23.830354,106.786057,22.507312,2018-8-19T15:16:47.2440
LuoJia1-01_LR201808209021_20180819151705_HDR_0012,local\LULO4\LuoJia1-01_LR201808209021_20180819151705_HDR_0012_meta.xml,local\LULO4\LuoJia1-01_LR201808209021_20180819151705_HDR_0012_gec.tif,hf://buckets/cbernegger/LULO4/LuoJia1-01_LR201808209021_20180819151705_HDR_0012_meta.xml,hf://buckets/cbernegger/LULO4/LuoJia1-01_LR201808209021_20180819151705_HDR_0012_gec.tif,105.168083,21.570148,108.359147,24.134598,106.71608,22.811692,2018-8-19T15:16:52.2489
LuoJia1-01_LR201808209021_20180819151709_HDR_0013,local\LULO4\LuoJia1-01_LR201808209021_20180819151709_HDR_0013_meta.xml,local\LULO4\LuoJia1-01_LR201808209021_20180819151709_HDR_0013_gec.tif,hf://buckets/cbernegger/LULO4/LuoJia1-01_LR201808209021_20180819151709_HDR_0013_meta.xml,hf://buckets/cbernegger/LULO4/LuoJia1-01_LR201808209021_20180819151709_HDR_0013_gec.tif,105.095434,21.875989,108.293022,24.438872,106.646206,23.116756,2018-8-19T15:16:57.2538
LuoJia1-01_LR201808209021_20180819151715_HDR_0014,local\LULO4\LuoJia1-01_LR201808209021_20180819151715_HDR_0014_meta.xml,local\LULO4\LuoJia1-01_LR201808209021_20180819151715_HDR_0014_gec.tif,hf://buckets/cbernegger/LULO4/LuoJia1-01_LR201808209021_20180819151715_HDR_0014_meta.xml,hf://buckets/cbernegger/LULO4/LuoJia1-01_LR201808209021_20180819151715_HDR_0014_gec.tif,105.021793,22.185641,108.227454,24.745368,106.577535,23.424185,2018-8-19T15:17:2.25867
LuoJia1-01_LR201808209021_20180819151720_HDR_0015,local\LULO4\LuoJia1-01_LR201808209021_20180819151720_HDR_0015_meta.xml,local\LULO4\LuoJia1-01_LR201808209021_20180819151720_HDR_0015_gec.tif,hf://buckets/cbernegger/LULO4/LuoJia1-01_LR201808209021_20180819151720_HDR_0015_meta.xml,hf://buckets/cbernegger/LULO4/LuoJia1-01_LR201808209021_20180819151720_HDR_0015_gec.tif,104.948613,22.495757,108.162803,25.054292,106.509228,23.734615,2018-8-19T15:17:7.26354
LuoJia1-01_LR201808209021_20180819151725_HDR_0016,local\LULO4\LuoJia1-01_LR201808209021_20180819151725_HDR_0016_meta.xml,local\LULO4\LuoJia1-01_LR201808209021_20180819151725_HDR_0016_gec.tif,hf://buckets/cbernegger/LULO4/LuoJia1-01_LR201808209021_20180819151725_HDR_0016_meta.xml,hf://buckets/cbernegger/LULO4/LuoJia1-01_LR201808209021_20180819151725_HDR_0016_gec.tif,104.877278,22.801583,108.098265,25.365803,106.440887,24.042871,2018-8-19T15:17:12.2684
LuoJia1-01_LR201808209021_20180819151729_HDR_0017,local\LULO4\LuoJia1-01_LR201808209021_20180819151729_HDR_0017_meta.xml,local\LULO4\LuoJia1-01_LR201808209021_20180819151729_HDR_0017_gec.tif,hf://buckets/cbernegger/LULO4/LuoJia1-01_LR201808209021_20180819151729_HDR_0017_meta.xml,hf://buckets/cbernegger/LULO4/LuoJia1-01_LR201808209021_20180819151729_HDR_0017_gec.tif,104.803731,23.104589,108.034801,25.671179,106.371557,24.346809,2018-8-19T15:17:17.2732
LuoJia1-01_LR201808209021_20180819151735_HDR_0018,local\LULO4\LuoJia1-01_LR201808209021_20180819151735_HDR_0018_meta.xml,local\LULO4\LuoJia1-01_LR201808209021_20180819151735_HDR_0018_gec.tif,hf://buckets/cbernegger/LULO4/LuoJia1-01_LR201808209021_20180819151735_HDR_0018_meta.xml,hf://buckets/cbernegger/LULO4/LuoJia1-01_LR201808209021_20180819151735_HDR_0018_gec.tif,104.728258,23.411412,107.968969,25.974545,106.299869,24.651462,2018-8-19T15:17:22.2781
LuoJia1-01_LR201808209021_20180819151740_HDR_0019,local\LULO4\LuoJia1-01_LR201808209021_20180819151740_HDR_0019_meta.xml,local\LULO4\LuoJia1-01_LR201808209021_20180819151740_HDR_0019_gec.tif,hf://buckets/cbernegger/LULO4/LuoJia1-01_LR201808209021_20180819151740_HDR_0019_meta.xml,hf://buckets/cbernegger/LULO4/LuoJia1-01_LR201808209021_20180819151740_HDR_0019_gec.tif,104.651704,23.718013,107.90016,26.279568,106.22875,24.957409,2018-8-19T15:17:27.2830
LuoJia1-01_LR201808209021_20180819151745_HDR_0020,local\LULO4\LuoJia1-01_LR201808209021_20180819151745_HDR_0020_meta.xml,local\LULO4\LuoJia1-01_LR201808209021_20180819151745_HDR_0020_gec.tif,hf://buckets/cbernegger/LULO4/LuoJia1-01_LR201808209021_20180819151745_HDR_0020_meta.xml,hf://buckets/cbernegger/LULO4/LuoJia1-01_LR201808209021_20180819151745_HDR_0020_gec.tif,104.577241,24.024556,107.83052,26.586483,106.156499,25.263907,2018-8-19T15:17:32.2878
LuoJia1-01_LR201808209021_20180819151750_HDR_0021,local\LULO4\LuoJia1-01_LR201808209021_20180819151750_HDR_0021_meta.xml,local\LULO4\LuoJia1-01_LR201808209021_20180819151750_HDR_0021_gec.tif,hf://buckets/cbernegger/LULO4/LuoJia1-01_LR201808209021_20180819151750_HDR_0021_meta.xml,hf://buckets/cbernegger/LULO4/LuoJia1-01_LR201808209021_20180819151750_HDR_0021_gec.tif,104.498988,24.329771,107.766028,26.893388,106.085752,25.571109,2018-8-19T15:17:37.2927
LuoJia1-01_LR201808209021_20180819151755_HDR_0022,local\LULO4\LuoJia1-01_LR201808209021_20180819151755_HDR_0022_meta.xml,local\LULO4\LuoJia1-01_LR201808209021_20180819151755_HDR_0022_gec.tif,hf://buckets/cbernegger/LULO4/LuoJia1-01_LR201808209021_20180819151755_HDR_0022_meta.xml,hf://buckets/cbernegger/LULO4/LuoJia1-01_LR201808209021_20180819151755_HDR_0022_gec.tif,104.419632,24.635755,107.69817,27.202177,106.010885,25.877048,2018-8-19T15:17:42.2976
LuoJia1-01_LR201808209021_20180819151800_HDR_0023,local\LULO4\LuoJia1-01_LR201808209021_20180819151800_HDR_0023_meta.xml,local\LULO4\LuoJia1-01_LR201808209021_20180819151800_HDR_0023_gec.tif,hf://buckets/cbernegger/LULO4/LuoJia1-01_LR201808209021_20180819151800_HDR_0023_meta.xml,hf://buckets/cbernegger/LULO4/LuoJia1-01_LR201808209021_20180819151800_HDR_0023_gec.tif,104.341549,24.941096,107.626109,27.507257,105.936695,26.182966,2018-8-19T15:17:47.3025
LuoJia1-01_LR201808209021_20180819151805_HDR_0024,local\LULO4\LuoJia1-01_LR201808209021_20180819151805_HDR_0024_meta.xml,local\LULO4\LuoJia1-01_LR201808209021_20180819151805_HDR_0024_gec.tif,hf://buckets/cbernegger/LULO4/LuoJia1-01_LR201808209021_20180819151805_HDR_0024_meta.xml,hf://buckets/cbernegger/LULO4/LuoJia1-01_LR201808209021_20180819151805_HDR_0024_gec.tif,104.266279,25.247091,107.555974,27.813605,105.864401,26.489371,2018-8-19T15:17:52.3073
LuoJia1-01_LR201808209021_20180819151810_HDR_0025,local\LULO4\LuoJia1-01_LR201808209021_20180819151810_HDR_0025_meta.xml,local\LULO4\LuoJia1-01_LR201808209021_20180819151810_HDR_0025_gec.tif,hf://buckets/cbernegger/LULO4/LuoJia1-01_LR201808209021_20180819151810_HDR_0025_meta.xml,hf://buckets/cbernegger/LULO4/LuoJia1-01_LR201808209021_20180819151810_HDR_0025_gec.tif,104.188928,25.553138,107.489189,28.11979,105.793292,26.795369,2018-8-19T15:17:57.3122
LuoJia1-01_LR201808209021_20180819151815_HDR_0026,local\LULO4\LuoJia1-01_LR201808209021_20180819151815_HDR_0026_meta.xml,local\LULO4\LuoJia1-01_LR201808209021_20180819151815_HDR_0026_gec.tif,hf://buckets/cbernegger/LULO4/LuoJia1-01_LR201808209021_20180819151815_HDR_0026_meta.xml,hf://buckets/cbernegger/LULO4/LuoJia1-01_LR201808209021_20180819151815_HDR_0026_gec.tif,104.110614,25.858342,107.42307,28.427056,105.720651,27.100661,2018-8-19T15:18:2.31711
LuoJia1-01_LR201808209021_20180819151820_HDR_0027,local\LULO4\LuoJia1-01_LR201808209021_20180819151820_HDR_0027_meta.xml,local\LULO4\LuoJia1-01_LR201808209021_20180819151820_HDR_0027_gec.tif,hf://buckets/cbernegger/LULO4/LuoJia1-01_LR201808209021_20180819151820_HDR_0027_meta.xml,hf://buckets/cbernegger/LULO4/LuoJia1-01_LR201808209021_20180819151820_HDR_0027_gec.tif,104.03307,26.166126,107.352188,28.732912,105.647647,27.406764,2018-8-19T15:18:7.32199
LuoJia1-01_LR201808209021_20180819151825_HDR_0028,local\LULO4\LuoJia1-01_LR201808209021_20180819151825_HDR_0028_meta.xml,local\LULO4\LuoJia1-01_LR201808209021_20180819151825_HDR_0028_gec.tif,hf://buckets/cbernegger/LULO4/LuoJia1-01_LR201808209021_20180819151825_HDR_0028_meta.xml,hf://buckets/cbernegger/LULO4/LuoJia1-01_LR201808209021_20180819151825_HDR_0028_gec.tif,103.954978,26.472264,107.28451,29.040491,105.575567,27.71376,2018-8-19T15:18:12.3268
LuoJia1-01_LR201808209021_20180819151830_HDR_0029,local\LULO4\LuoJia1-01_LR201808209021_20180819151830_HDR_0029_meta.xml,local\LULO4\LuoJia1-01_LR201808209021_20180819151830_HDR_0029_gec.tif,hf://buckets/cbernegger/LULO4/LuoJia1-01_LR201808209021_20180819151830_HDR_0029_meta.xml,hf://buckets/cbernegger/LULO4/LuoJia1-01_LR201808209021_20180819151830_HDR_0029_gec.tif,103.876465,26.778602,107.217917,29.347746,105.50283,28.019975,2018-8-19T15:18:17.3317
LuoJia1-01_LR201808209021_20180819151835_HDR_0030,local\LULO4\LuoJia1-01_LR201808209021_20180819151835_HDR_0030_meta.xml,local\LULO4\LuoJia1-01_LR201808209021_20180819151835_HDR_0030_gec.tif,hf://buckets/cbernegger/LULO4/LuoJia1-01_LR201808209021_20180819151835_HDR_0030_meta.xml,hf://buckets/cbernegger/LULO4/LuoJia1-01_LR201808209021_20180819151835_HDR_0030_gec.tif,103.796078,27.084296,107.151967,29.653687,105.42947,28.326427,2018-8-19T15:18:22.3366
LuoJia1-01_LR201808209021_20180819151840_HDR_0031,local\LULO4\LuoJia1-01_LR201808209021_20180819151840_HDR_0031_meta.xml,local\LULO4\LuoJia1-01_LR201808209021_20180819151840_HDR_0031_gec.tif,hf://buckets/cbernegger/LULO4/LuoJia1-01_LR201808209021_20180819151840_HDR_0031_meta.xml,hf://buckets/cbernegger/LULO4/LuoJia1-01_LR201808209021_20180819151840_HDR_0031_gec.tif,103.718336,27.392855,107.081231,29.960593,105.356114,28.63448,2018-8-19T15:18:27.3414
LuoJia1-01_LR201808209021_20180819151845_HDR_0032,local\LULO4\LuoJia1-01_LR201808209021_20180819151845_HDR_0032_meta.xml,local\LULO4\LuoJia1-01_LR201808209021_20180819151845_HDR_0032_gec.tif,hf://buckets/cbernegger/LULO4/LuoJia1-01_LR201808209021_20180819151845_HDR_0032_meta.xml,hf://buckets/cbernegger/LULO4/LuoJia1-01_LR201808209021_20180819151845_HDR_0032_gec.tif,103.637086,27.698206,107.014249,30.270674,105.281869,28.94231,2018-8-19T15:18:32.3463
LuoJia1-01_LR201808209021_20180819151850_HDR_0033,local\LULO4\LuoJia1-01_LR201808209021_20180819151850_HDR_0033_meta.xml,local\LULO4\LuoJia1-01_LR201808209021_20180819151850_HDR_0033_gec.tif,hf://buckets/cbernegger/LULO4/LuoJia1-01_LR201808209021_20180819151850_HDR_0033_meta.xml,hf://buckets/cbernegger/LULO4/LuoJia1-01_LR201808209021_20180819151850_HDR_0033_gec.tif,103.559021,28.001153,106.942502,30.577737,105.208083,29.24841,2018-8-19T15:18:37.3512
LuoJia1-01_LR201808209021_20180819151855_HDR_0034,local\LULO4\LuoJia1-01_LR201808209021_20180819151855_HDR_0034_meta.xml,local\LULO4\LuoJia1-01_LR201808209021_20180819151855_HDR_0034_gec.tif,hf://buckets/cbernegger/LULO4/LuoJia1-01_LR201808209021_20180819151855_HDR_0034_meta.xml,hf://buckets/cbernegger/LULO4/LuoJia1-01_LR201808209021_20180819151855_HDR_0034_gec.tif,103.473094,28.306419,106.875095,30.883719,105.13092,29.553841,2018-8-19T15:18:42.3561
LuoJia1-01_LR201808209021_20180819151900_HDR_0035,local\LULO4\LuoJia1-01_LR201808209021_20180819151900_HDR_0035_meta.xml,local\LULO4\LuoJia1-01_LR201808209021_20180819151900_HDR_0035_gec.tif,hf://buckets/cbernegger/LULO4/LuoJia1-01_LR201808209021_20180819151900_HDR_0035_meta.xml,hf://buckets/cbernegger/LULO4/LuoJia1-01_LR201808209021_20180819151900_HDR_0035_gec.tif,103.391755,28.611563,106.802009,31.189088,105.052351,29.859176,2018-8-19T15:18:47.3609
LuoJia1-01_LR201808209021_20180819151905_HDR_0036,local\LULO4\LuoJia1-01_LR201808209021_20180819151905_HDR_0036_meta.xml,local\LULO4\LuoJia1-01_LR201808209021_20180819151905_HDR_0036_gec.tif,hf://buckets/cbernegger/LULO4/LuoJia1-01_LR201808209021_20180819151905_HDR_0036_meta.xml,hf://buckets/cbernegger/LULO4/LuoJia1-01_LR201808209021_20180819151905_HDR_0036_gec.tif,103.314274,28.914999,106.732246,31.494425,104.977406,30.163936,2018-8-19T15:18:52.3658
LuoJia1-01_LR201808209021_20180819151910_HDR_0037,local\LULO4\LuoJia1-01_LR201808209021_20180819151910_HDR_0037_meta.xml,local\LULO4\LuoJia1-01_LR201808209021_20180819151910_HDR_0037_gec.tif,hf://buckets/cbernegger/LULO4/LuoJia1-01_LR201808209021_20180819151910_HDR_0037_meta.xml,hf://buckets/cbernegger/LULO4/LuoJia1-01_LR201808209021_20180819151910_HDR_0037_gec.tif,103.235337,29.221104,106.663824,31.799126,104.903769,30.469857,2018-8-19T15:18:57.3707
LuoJia1-01_LR201808209021_20180819151915_HDR_0038,local\LULO4\LuoJia1-01_LR201808209021_20180819151915_HDR_0038_meta.xml,local\LULO4\LuoJia1-01_LR201808209021_20180819151915_HDR_0038_gec.tif,hf://buckets/cbernegger/LULO4/LuoJia1-01_LR201808209021_20180819151915_HDR_0038_meta.xml,hf://buckets/cbernegger/LULO4/LuoJia1-01_LR201808209021_20180819151915_HDR_0038_gec.tif,103.148907,29.525668,106.595776,32.105692,104.825307,30.775886,2018-8-19T15:19:2.37562
LuoJia1-01_LR201808209021_20180819151920_HDR_0039,local\LULO4\LuoJia1-01_LR201808209021_20180819151920_HDR_0039_meta.xml,local\LULO4\LuoJia1-01_LR201808209021_20180819151920_HDR_0039_gec.tif,hf://buckets/cbernegger/LULO4/LuoJia1-01_LR201808209021_20180819151920_HDR_0039_meta.xml,hf://buckets/cbernegger/LULO4/LuoJia1-01_LR201808209021_20180819151920_HDR_0039_gec.tif,103.066312,29.831148,106.520754,32.411786,104.747605,31.081377,2018-8-19T15:19:7.38050
LuoJia1-01_LR201808209021_20180819151925_HDR_0040,local\LULO4\LuoJia1-01_LR201808209021_20180819151925_HDR_0040_meta.xml,local\LULO4\LuoJia1-01_LR201808209021_20180819151925_HDR_0040_gec.tif,hf://buckets/cbernegger/LULO4/LuoJia1-01_LR201808209021_20180819151925_HDR_0040_meta.xml,hf://buckets/cbernegger/LULO4/LuoJia1-01_LR201808209021_20180819151925_HDR_0040_gec.tif,102.985748,30.13871,106.451598,32.716808,104.671621,31.388348,2018-8-19T15:19:12.3853
LuoJia1-01_LR201808209021_20180819151930_HDR_0041,local\LULO4\LuoJia1-01_LR201808209021_20180819151930_HDR_0041_meta.xml,local\LULO4\LuoJia1-01_LR201808209021_20180819151930_HDR_0041_gec.tif,hf://buckets/cbernegger/LULO4/LuoJia1-01_LR201808209021_20180819151930_HDR_0041_meta.xml,hf://buckets/cbernegger/LULO4/LuoJia1-01_LR201808209021_20180819151930_HDR_0041_gec.tif,102.9029,30.443803,106.380242,33.024099,104.594816,31.694681,2018-8-19T15:19:17.3902
LuoJia1-01_LR201808209021_20180819151935_HDR_0042,local\LULO4\LuoJia1-01_LR201808209021_20180819151935_HDR_0042_meta.xml,local\LULO4\LuoJia1-01_LR201808209021_20180819151935_HDR_0042_gec.tif,hf://buckets/cbernegger/LULO4/LuoJia1-01_LR201808209021_20180819151935_HDR_0042_meta.xml,hf://buckets/cbernegger/LULO4/LuoJia1-01_LR201808209021_20180819151935_HDR_0042_gec.tif,102.823909,30.749044,106.31074,33.328895,104.519442,31.999967,2018-8-19T15:19:22.3951
LuoJia1-01_LR201808209021_20180819151940_HDR_0043,local\LULO4\LuoJia1-01_LR201808209021_20180819151940_HDR_0043_meta.xml,local\LULO4\LuoJia1-01_LR201808209021_20180819151940_HDR_0043_gec.tif,hf://buckets/cbernegger/LULO4/LuoJia1-01_LR201808209021_20180819151940_HDR_0043_meta.xml,hf://buckets/cbernegger/LULO4/LuoJia1-01_LR201808209021_20180819151940_HDR_0043_gec.tif,102.739074,31.058408,106.24511,33.635629,104.443624,32.305949,2018-8-19T15:19:27.4000
LuoJia1-01_LR201808209021_20180819151945_HDR_0044,local\LULO4\LuoJia1-01_LR201808209021_20180819151945_HDR_0044_meta.xml,local\LULO4\LuoJia1-01_LR201808209021_20180819151945_HDR_0044_gec.tif,hf://buckets/cbernegger/LULO4/LuoJia1-01_LR201808209021_20180819151945_HDR_0044_meta.xml,hf://buckets/cbernegger/LULO4/LuoJia1-01_LR201808209021_20180819151945_HDR_0044_gec.tif,102.654483,31.364787,106.173233,33.940341,104.364311,32.611089,2018-8-19T15:19:32.4048
LuoJia1-01_LR201808209021_20180819151950_HDR_0045,local\LULO4\LuoJia1-01_LR201808209021_20180819151950_HDR_0045_meta.xml,local\LULO4\LuoJia1-01_LR201808209021_20180819151950_HDR_0045_gec.tif,hf://buckets/cbernegger/LULO4/LuoJia1-01_LR201808209021_20180819151950_HDR_0045_meta.xml,hf://buckets/cbernegger/LULO4/LuoJia1-01_LR201808209021_20180819151950_HDR_0045_gec.tif,102.568235,31.669102,106.100662,34.247257,104.284081,32.916378,2018-8-19T15:19:37.4097
LuoJia1-01_LR201808209021_20180819151955_HDR_0046,local\LULO4\LuoJia1-01_LR201808209021_20180819151955_HDR_0046_meta.xml,local\LULO4\LuoJia1-01_LR201808209021_20180819151955_HDR_0046_gec.tif,hf://buckets/cbernegger/LULO4/LuoJia1-01_LR201808209021_20180819151955_HDR_0046_meta.xml,hf://buckets/cbernegger/LULO4/LuoJia1-01_LR201808209021_20180819151955_HDR_0046_gec.tif,102.484105,31.978723,106.025739,34.553214,104.206742,33.222944,2018-8-19T15:19:42.4146
LuoJia1-01_LR201808209021_20180819152000_HDR_0047,local\LULO4\LuoJia1-01_LR201808209021_20180819152000_HDR_0047_meta.xml,local\LULO4\LuoJia1-01_LR201808209021_20180819152000_HDR_0047_gec.tif,hf://buckets/cbernegger/LULO4/LuoJia1-01_LR201808209021_20180819152000_HDR_0047_meta.xml,hf://buckets/cbernegger/LULO4/LuoJia1-01_LR201808209021_20180819152000_HDR_0047_gec.tif,102.396995,32.2821,105.95555,34.861502,104.125851,33.529305,2018-8-19T15:19:47.4195
LuoJia1-01_LR201808209021_20180819152005_HDR_0048,local\LULO4\LuoJia1-01_LR201808209021_20180819152005_HDR_0048_meta.xml,local\LULO4\LuoJia1-01_LR201808209021_20180819152005_HDR_0048_gec.tif,hf://buckets/cbernegger/LULO4/LuoJia1-01_LR201808209021_20180819152005_HDR_0048_meta.xml,hf://buckets/cbernegger/LULO4/LuoJia1-01_LR201808209021_20180819152005_HDR_0048_gec.tif,102.309669,32.590205,105.881997,35.16728,104.047815,33.836744,2018-8-19T15:19:52.4244
LuoJia1-01_LR201808209021_20180819152010_HDR_0049,local\LULO4\LuoJia1-01_LR201808209021_20180819152010_HDR_0049_meta.xml,local\LULO4\LuoJia1-01_LR201808209021_20180819152010_HDR_0049_gec.tif,hf://buckets/cbernegger/LULO4/LuoJia1-01_LR201808209021_20180819152010_HDR_0049_meta.xml,hf://buckets/cbernegger/LULO4/LuoJia1-01_LR201808209021_20180819152010_HDR_0049_gec.tif,102.222017,32.895904,105.806924,35.474826,103.966119,34.142677,2018-8-19T15:19:57.4292
LuoJia1-01_LR201808209021_20180819152015_HDR_0050,local\LULO4\LuoJia1-01_LR201808209021_20180819152015_HDR_0050_meta.xml,local\LULO4\LuoJia1-01_LR201808209021_20180819152015_HDR_0050_gec.tif,hf://buckets/cbernegger/LULO4/LuoJia1-01_LR201808209021_20180819152015_HDR_0050_meta.xml,hf://buckets/cbernegger/LULO4/LuoJia1-01_LR201808209021_20180819152015_HDR_0050_gec.tif,102.137662,33.200986,105.731703,35.780898,103.887726,34.448776,2018-8-19T15:20:2.43417
LuoJia1-01_LR201808209021_20180819152020_HDR_0051,local\LULO4\LuoJia1-01_LR201808209021_20180819152020_HDR_0051_meta.xml,local\LULO4\LuoJia1-01_LR201808209021_20180819152020_HDR_0051_gec.tif,hf://buckets/cbernegger/LULO4/LuoJia1-01_LR201808209021_20180819152020_HDR_0051_meta.xml,hf://buckets/cbernegger/LULO4/LuoJia1-01_LR201808209021_20180819152020_HDR_0051_gec.tif,102.047776,33.506414,105.661747,36.088832,103.809121,34.755243,2018-8-19T15:20:7.43906
LuoJia1-01_LR201808209021_20180819152025_HDR_0052,local\LULO4\LuoJia1-01_LR201808209021_20180819152025_HDR_0052_meta.xml,local\LULO4\LuoJia1-01_LR201808209021_20180819152025_HDR_0052_gec.tif,hf://buckets/cbernegger/LULO4/LuoJia1-01_LR201808209021_20180819152025_HDR_0052_meta.xml,hf://buckets/cbernegger/LULO4/LuoJia1-01_LR201808209021_20180819152025_HDR_0052_gec.tif,101.95759,33.810147,105.58783,36.39568,103.72769,35.060426,2018-8-19T15:20:12.4439
LuoJia1-01_LR201808209021_20180819152030_HDR_0053,local\LULO4\LuoJia1-01_LR201808209021_20180819152030_HDR_0053_meta.xml,local\LULO4\LuoJia1-01_LR201808209021_20180819152030_HDR_0053_gec.tif,hf://buckets/cbernegger/LULO4/LuoJia1-01_LR201808209021_20180819152030_HDR_0053_meta.xml,hf://buckets/cbernegger/LULO4/LuoJia1-01_LR201808209021_20180819152030_HDR_0053_gec.tif,101.868802,34.113883,105.512737,36.701022,103.644979,35.364645,2018-8-19T15:20:17.4488
LuoJia1-01_LR201808209021_20180819152045_HDR_0056,local\LULO4\LuoJia1-01_LR201808209021_20180819152045_HDR_0056_meta.xml,local\LULO4\LuoJia1-01_LR201808209021_20180819152045_HDR_0056_gec.tif,hf://buckets/cbernegger/LULO4/LuoJia1-01_LR201808209021_20180819152045_HDR_0056_meta.xml,hf://buckets/cbernegger/LULO4/LuoJia1-01_LR201808209021_20180819152045_HDR_0056_gec.tif,101.601509,35.027176,105.289296,37.616954,103.400994,36.279721,2018-8-19T15:20:32.4634
LuoJia1-01_LR201808209021_20180819152050_HDR_0057,local\LULO4\LuoJia1-01_LR201808209021_20180819152050_HDR_0057_meta.xml,local\LULO4\LuoJia1-01_LR201808209021_20180819152050_HDR_0057_gec.tif,hf://buckets/cbernegger/LULO4/LuoJia1-01_LR201808209021_20180819152050_HDR_0057_meta.xml,hf://buckets/cbernegger/LULO4/LuoJia1-01_LR201808209021_20180819152050_HDR_0057_gec.tif,101.506571,35.332008,105.213271,37.922455,103.315308,36.584495,2018-8-19T15:20:37.4683
LuoJia1-01_LR201808209021_20180819152055_HDR_0058,local\LULO4\LuoJia1-01_LR201808209021_20180819152055_HDR_0058_meta.xml,local\LULO4\LuoJia1-01_LR201808209021_20180819152055_HDR_0058_gec.tif,hf://buckets/cbernegger/LULO4/LuoJia1-01_LR201808209021_20180819152055_HDR_0058_meta.xml,hf://buckets/cbernegger/LULO4/LuoJia1-01_LR201808209021_20180819152055_HDR_0058_gec.tif,101.412423,35.633895,105.134975,38.227811,103.227935,36.889036,2018-8-19T15:20:42.4732
LuoJia1-01_LR201808214027_20180820140424_HDR_0000,local\LULO4\LuoJia1-01_LR201808214027_20180820140424_HDR_0000_meta.xml,local\LULO4\LuoJia1-01_LR201808214027_20180820140424_HDR_0000_gec.tif,hf://buckets/cbernegger/LULO4/LuoJia1-01_LR201808214027_20180820140424_HDR_0000_meta.xml,hf://buckets/cbernegger/LULO4/LuoJia1-01_LR201808214027_20180820140424_HDR_0000_gec.tif,120.488718,25.014542,123.871817,27.63543,122.270555,26.382091,2018-8-20T14:4:12.15961
LuoJia1-01_LR201808214027_20180820140429_HDR_0001,local\LULO4\LuoJia1-01_LR201808214027_20180820140429_HDR_0001_meta.xml,local\LULO4\LuoJia1-01_LR201808214027_20180820140429_HDR_0001_gec.tif,hf://buckets/cbernegger/LULO4/LuoJia1-01_LR201808214027_20180820140429_HDR_0001_meta.xml,hf://buckets/cbernegger/LULO4/LuoJia1-01_LR201808214027_20180820140429_HDR_0001_gec.tif,120.403327,25.32377,123.79658,27.945685,122.190679,26.692504,2018-8-20T14:4:17.16447
LuoJia1-01_LR201808214027_20180820140434_HDR_0002,local\LULO4\LuoJia1-01_LR201808214027_20180820140434_HDR_0002_meta.xml,local\LULO4\LuoJia1-01_LR201808214027_20180820140434_HDR_0002_gec.tif,hf://buckets/cbernegger/LULO4/LuoJia1-01_LR201808214027_20180820140434_HDR_0002_meta.xml,hf://buckets/cbernegger/LULO4/LuoJia1-01_LR201808214027_20180820140434_HDR_0002_gec.tif,120.319257,25.629052,123.721619,28.255563,122.112676,26.999654,2018-8-20T14:4:22.16932
LuoJia1-01_LR201808214027_20180820140439_HDR_0003,local\LULO4\LuoJia1-01_LR201808214027_20180820140439_HDR_0003_meta.xml,local\LULO4\LuoJia1-01_LR201808214027_20180820140439_HDR_0003_gec.tif,hf://buckets/cbernegger/LULO4/LuoJia1-01_LR201808214027_20180820140439_HDR_0003_meta.xml,hf://buckets/cbernegger/LULO4/LuoJia1-01_LR201808214027_20180820140439_HDR_0003_gec.tif,120.233736,25.933258,123.648177,28.561893,122.032977,27.305126,2018-8-20T14:4:27.17418
LuoJia1-01_LR201808214027_20180820140444_HDR_0004,local\LULO4\LuoJia1-01_LR201808214027_20180820140444_HDR_0004_meta.xml,local\LULO4\LuoJia1-01_LR201808214027_20180820140444_HDR_0004_gec.tif,hf://buckets/cbernegger/LULO4/LuoJia1-01_LR201808214027_20180820140444_HDR_0004_meta.xml,hf://buckets/cbernegger/LULO4/LuoJia1-01_LR201808214027_20180820140444_HDR_0004_gec.tif,120.147962,26.236941,123.573148,28.867436,121.954015,27.609599,2018-8-20T14:4:32.17904
LuoJia1-01_LR201808214027_20180820140449_HDR_0005,local\LULO4\LuoJia1-01_LR201808214027_20180820140449_HDR_0005_meta.xml,local\LULO4\LuoJia1-01_LR201808214027_20180820140449_HDR_0005_gec.tif,hf://buckets/cbernegger/LULO4/LuoJia1-01_LR201808214027_20180820140449_HDR_0005_meta.xml,hf://buckets/cbernegger/LULO4/LuoJia1-01_LR201808214027_20180820140449_HDR_0005_gec.tif,120.061053,26.541245,123.498745,29.17232,121.873156,27.914434,2018-8-20T14:4:37.18390
LuoJia1-01_LR201808214027_20180820140454_HDR_0006,local\LULO4\LuoJia1-01_LR201808214027_20180820140454_HDR_0006_meta.xml,local\LULO4\LuoJia1-01_LR201808214027_20180820140454_HDR_0006_gec.tif,hf://buckets/cbernegger/LULO4/LuoJia1-01_LR201808214027_20180820140454_HDR_0006_meta.xml,hf://buckets/cbernegger/LULO4/LuoJia1-01_LR201808214027_20180820140454_HDR_0006_gec.tif,119.976993,26.84624,123.423135,29.477788,121.794556,28.219449,2018-8-20T14:4:42.18876
LuoJia1-01_LR201808214027_20180820140459_HDR_0007,local\LULO4\LuoJia1-01_LR201808214027_20180820140459_HDR_0007_meta.xml,local\LULO4\LuoJia1-01_LR201808214027_20180820140459_HDR_0007_gec.tif,hf://buckets/cbernegger/LULO4/LuoJia1-01_LR201808214027_20180820140459_HDR_0007_meta.xml,hf://buckets/cbernegger/LULO4/LuoJia1-01_LR201808214027_20180820140459_HDR_0007_gec.tif,119.893698,27.152069,123.349929,29.783717,121.71538,28.525722,2018-8-20T14:4:47.19362
LuoJia1-01_LR201808214027_20180820140504_HDR_0008,local\LULO4\LuoJia1-01_LR201808214027_20180820140504_HDR_0008_meta.xml,local\LULO4\LuoJia1-01_LR201808214027_20180820140504_HDR_0008_gec.tif,hf://buckets/cbernegger/LULO4/LuoJia1-01_LR201808214027_20180820140504_HDR_0008_meta.xml,hf://buckets/cbernegger/LULO4/LuoJia1-01_LR201808214027_20180820140504_HDR_0008_gec.tif,119.806292,27.456833,123.275589,30.090241,121.637147,28.830943,2018-8-20T14:4:52.19849
LuoJia1-01_LR201808214027_20180820140509_HDR_0009,local\LULO4\LuoJia1-01_LR201808214027_20180820140509_HDR_0009_meta.xml,local\LULO4\LuoJia1-01_LR201808214027_20180820140509_HDR_0009_gec.tif,hf://buckets/cbernegger/LULO4/LuoJia1-01_LR201808214027_20180820140509_HDR_0009_meta.xml,hf://buckets/cbernegger/LULO4/LuoJia1-01_LR201808214027_20180820140509_HDR_0009_gec.tif,119.71685,27.762781,123.201228,30.396086,121.554645,29.137241,2018-8-20T14:4:57.20335
LuoJia1-01_LR201808214027_20180820140515_HDR_0010,local\LULO4\LuoJia1-01_LR201808214027_20180820140515_HDR_0010_meta.xml,local\LULO4\LuoJia1-01_LR201808214027_20180820140515_HDR_0010_gec.tif,hf://buckets/cbernegger/LULO4/LuoJia1-01_LR201808214027_20180820140515_HDR_0010_meta.xml,hf://buckets/cbernegger/LULO4/LuoJia1-01_LR201808214027_20180820140515_HDR_0010_gec.tif,119.630346,28.069114,123.123167,30.703542,121.471163,29.443446,2018-8-20T14:5:2.208218
LuoJia1-01_LR201808214027_20180820140519_HDR_0011,local\LULO4\LuoJia1-01_LR201808214027_20180820140519_HDR_0011_meta.xml,local\LULO4\LuoJia1-01_LR201808214027_20180820140519_HDR_0011_gec.tif,hf://buckets/cbernegger/LULO4/LuoJia1-01_LR201808214027_20180820140519_HDR_0011_meta.xml,hf://buckets/cbernegger/LULO4/LuoJia1-01_LR201808214027_20180820140519_HDR_0011_gec.tif,119.537441,28.374133,123.045334,31.009763,121.388497,29.748899,2018-8-20T14:5:7.213083
LuoJia1-01_LR201808214027_20180820140524_HDR_0012,local\LULO4\LuoJia1-01_LR201808214027_20180820140524_HDR_0012_meta.xml,local\LULO4\LuoJia1-01_LR201808214027_20180820140524_HDR_0012_gec.tif,hf://buckets/cbernegger/LULO4/LuoJia1-01_LR201808214027_20180820140524_HDR_0012_meta.xml,hf://buckets/cbernegger/LULO4/LuoJia1-01_LR201808214027_20180820140524_HDR_0012_gec.tif,119.449421,28.678598,122.968655,31.315792,121.306702,30.054537,2018-8-20T14:5:12.21705
LuoJia1-01_LR201808214027_20180820140529_HDR_0013,local\LULO4\LuoJia1-01_LR201808214027_20180820140529_HDR_0013_meta.xml,local\LULO4\LuoJia1-01_LR201808214027_20180820140529_HDR_0013_gec.tif,hf://buckets/cbernegger/LULO4/LuoJia1-01_LR201808214027_20180820140529_HDR_0013_meta.xml,hf://buckets/cbernegger/LULO4/LuoJia1-01_LR201808214027_20180820140529_HDR_0013_gec.tif,119.361523,28.982434,122.892692,31.622038,121.225321,30.359875,2018-8-20T14:5:17.22281
LuoJia1-01_LR201808214027_20180820140535_HDR_0014,local\LULO4\LuoJia1-01_LR201808214027_20180820140535_HDR_0014_meta.xml,local\LULO4\LuoJia1-01_LR201808214027_20180820140535_HDR_0014_gec.tif,hf://buckets/cbernegger/LULO4/LuoJia1-01_LR201808214027_20180820140535_HDR_0014_meta.xml,hf://buckets/cbernegger/LULO4/LuoJia1-01_LR201808214027_20180820140535_HDR_0014_gec.tif,119.274141,29.286011,122.816891,31.927495,121.144105,30.66458,2018-8-20T14:5:22.22767
LuoJia1-01_LR201808214027_20180820140540_HDR_0015,local\LULO4\LuoJia1-01_LR201808214027_20180820140540_HDR_0015_meta.xml,local\LULO4\LuoJia1-01_LR201808214027_20180820140540_HDR_0015_gec.tif,hf://buckets/cbernegger/LULO4/LuoJia1-01_LR201808214027_20180820140540_HDR_0015_meta.xml,hf://buckets/cbernegger/LULO4/LuoJia1-01_LR201808214027_20180820140540_HDR_0015_gec.tif,119.182301,29.59084,122.741136,32.232349,121.061115,30.968911,2018-8-20T14:5:27.23178
LuoJia1-01_LR201808214027_20180820140544_HDR_0016,local\LULO4\LuoJia1-01_LR201808214027_20180820140544_HDR_0016_meta.xml,local\LULO4\LuoJia1-01_LR201808214027_20180820140544_HDR_0016_gec.tif,hf://buckets/cbernegger/LULO4/LuoJia1-01_LR201808214027_20180820140544_HDR_0016_meta.xml,hf://buckets/cbernegger/LULO4/LuoJia1-01_LR201808214027_20180820140544_HDR_0016_gec.tif,119.089557,29.89432,122.662424,32.537655,120.976056,31.274246,2018-8-20T14:5:32.23741
LuoJia1-01_LR201808214027_20180820140550_HDR_0017,local\LULO4\LuoJia1-01_LR201808214027_20180820140550_HDR_0017_meta.xml,local\LULO4\LuoJia1-01_LR201808214027_20180820140550_HDR_0017_gec.tif,hf://buckets/cbernegger/LULO4/LuoJia1-01_LR201808214027_20180820140550_HDR_0017_meta.xml,hf://buckets/cbernegger/LULO4/LuoJia1-01_LR201808214027_20180820140550_HDR_0017_gec.tif,118.995668,30.194819,122.582892,32.843493,120.890141,31.577601,2018-8-20T14:5:37.24228
LuoJia1-01_LR201808214027_20180820140555_HDR_0018,local\LULO4\LuoJia1-01_LR201808214027_20180820140555_HDR_0018_meta.xml,local\LULO4\LuoJia1-01_LR201808214027_20180820140555_HDR_0018_gec.tif,hf://buckets/cbernegger/LULO4/LuoJia1-01_LR201808214027_20180820140555_HDR_0018_meta.xml,hf://buckets/cbernegger/LULO4/LuoJia1-01_LR201808214027_20180820140555_HDR_0018_gec.tif,118.901028,30.497463,122.502869,33.145987,120.80341,31.879763,2018-8-20T14:5:42.24715
LuoJia1-01_LR201808214027_20180820140600_HDR_0019,local\LULO4\LuoJia1-01_LR201808214027_20180820140600_HDR_0019_meta.xml,local\LULO4\LuoJia1-01_LR201808214027_20180820140600_HDR_0019_gec.tif,hf://buckets/cbernegger/LULO4/LuoJia1-01_LR201808214027_20180820140600_HDR_0019_meta.xml,hf://buckets/cbernegger/LULO4/LuoJia1-01_LR201808214027_20180820140600_HDR_0019_gec.tif,118.807765,30.802201,122.422331,33.449535,120.71699,32.184613,2018-8-20T14:5:47.25201
LuoJia1-01_LR201808214027_20180820140605_HDR_0020,local\LULO4\LuoJia1-01_LR201808214027_20180820140605_HDR_0020_meta.xml,local\LULO4\LuoJia1-01_LR201808214027_20180820140605_HDR_0020_gec.tif,hf://buckets/cbernegger/LULO4/LuoJia1-01_LR201808214027_20180820140605_HDR_0020_meta.xml,hf://buckets/cbernegger/LULO4/LuoJia1-01_LR201808214027_20180820140605_HDR_0020_gec.tif,118.716361,31.108295,122.342557,33.75668,120.631935,32.490948,2018-8-20T14:5:52.25688
LuoJia1-01_LR201808214027_20180820140610_HDR_0021,local\LULO4\LuoJia1-01_LR201808214027_20180820140610_HDR_0021_meta.xml,local\LULO4\LuoJia1-01_LR201808214027_20180820140610_HDR_0021_gec.tif,hf://buckets/cbernegger/LULO4/LuoJia1-01_LR201808214027_20180820140610_HDR_0021_meta.xml,hf://buckets/cbernegger/LULO4/LuoJia1-01_LR201808214027_20180820140610_HDR_0021_gec.tif,118.625748,31.412556,122.26435,34.063301,120.548063,32.796584,2018-8-20T14:5:57.26175
LuoJia1-01_LR201808214027_20180820140615_HDR_0022,local\LULO4\LuoJia1-01_LR201808214027_20180820140615_HDR_0022_meta.xml,local\LULO4\LuoJia1-01_LR201808214027_20180820140615_HDR_0022_gec.tif,hf://buckets/cbernegger/LULO4/LuoJia1-01_LR201808214027_20180820140615_HDR_0022_meta.xml,hf://buckets/cbernegger/LULO4/LuoJia1-01_LR201808214027_20180820140615_HDR_0022_gec.tif,118.533748,31.715902,122.187109,34.369106,120.464087,33.101096,2018-8-20T14:6:2.266630
LuoJia1-01_LR201808214027_20180820140620_HDR_0023,local\LULO4\LuoJia1-01_LR201808214027_20180820140620_HDR_0023_meta.xml,local\LULO4\LuoJia1-01_LR201808214027_20180820140620_HDR_0023_gec.tif,hf://buckets/cbernegger/LULO4/LuoJia1-01_LR201808214027_20180820140620_HDR_0023_meta.xml,hf://buckets/cbernegger/LULO4/LuoJia1-01_LR201808214027_20180820140620_HDR_0023_gec.tif,118.438005,32.019988,122.109035,34.673843,120.37735,33.405634,2018-8-20T14:6:7.271373
LuoJia1-01_LR201808214027_20180820140625_HDR_0024,local\LULO4\LuoJia1-01_LR201808214027_20180820140625_HDR_0024_meta.xml,local\LULO4\LuoJia1-01_LR201808214027_20180820140625_HDR_0024_gec.tif,hf://buckets/cbernegger/LULO4/LuoJia1-01_LR201808214027_20180820140625_HDR_0024_meta.xml,hf://buckets/cbernegger/LULO4/LuoJia1-01_LR201808214027_20180820140625_HDR_0024_gec.tif,118.346288,32.32129,122.027299,34.979094,120.290975,33.708917,2018-8-20T14:6:12.27637
LuoJia1-01_LR201808214027_20180820140630_HDR_0025,local\LULO4\LuoJia1-01_LR201808214027_20180820140630_HDR_0025_meta.xml,local\LULO4\LuoJia1-01_LR201808214027_20180820140630_HDR_0025_gec.tif,hf://buckets/cbernegger/LULO4/LuoJia1-01_LR201808214027_20180820140630_HDR_0025_meta.xml,hf://buckets/cbernegger/LULO4/LuoJia1-01_LR201808214027_20180820140630_HDR_0025_gec.tif,118.257233,32.624464,121.949391,35.281833,120.207885,34.011784,2018-8-20T14:6:17.28124
LuoJia1-01_LR201808214027_20180820140635_HDR_0026,local\LULO4\LuoJia1-01_LR201808214027_20180820140635_HDR_0026_meta.xml,local\LULO4\LuoJia1-01_LR201808214027_20180820140635_HDR_0026_gec.tif,hf://buckets/cbernegger/LULO4/LuoJia1-01_LR201808214027_20180820140635_HDR_0026_meta.xml,hf://buckets/cbernegger/LULO4/LuoJia1-01_LR201808214027_20180820140635_HDR_0026_gec.tif,118.16425,32.931259,121.874236,35.586434,120.124182,34.317361,2018-8-20T14:6:22.28611
LuoJia1-01_LR201808214027_20180820140640_HDR_0027,local\LULO4\LuoJia1-01_LR201808214027_20180820140640_HDR_0027_meta.xml,local\LULO4\LuoJia1-01_LR201808214027_20180820140640_HDR_0027_gec.tif,hf://buckets/cbernegger/LULO4/LuoJia1-01_LR201808214027_20180820140640_HDR_0027_meta.xml,hf://buckets/cbernegger/LULO4/LuoJia1-01_LR201808214027_20180820140640_HDR_0027_gec.tif,118.066225,33.237607,121.795608,35.894303,120.036427,34.624319,2018-8-20T14:6:27.29099
LuoJia1-01_LR201808214027_20180820140645_HDR_0028,local\LULO4\LuoJia1-01_LR201808214027_20180820140645_HDR_0028_meta.xml,local\LULO4\LuoJia1-01_LR201808214027_20180820140645_HDR_0028_gec.tif,hf://buckets/cbernegger/LULO4/LuoJia1-01_LR201808214027_20180820140645_HDR_0028_meta.xml,hf://buckets/cbernegger/LULO4/LuoJia1-01_LR201808214027_20180820140645_HDR_0028_gec.tif,117.963654,33.542386,121.712392,36.201705,119.944032,34.930683,2018-8-20T14:6:32.29586
LuoJia1-01_LR201808214027_20180820140650_HDR_0029,local\LULO4\LuoJia1-01_LR201808214027_20180820140650_HDR_0029_meta.xml,local\LULO4\LuoJia1-01_LR201808214027_20180820140650_HDR_0029_gec.tif,hf://buckets/cbernegger/LULO4/LuoJia1-01_LR201808214027_20180820140650_HDR_0029_meta.xml,hf://buckets/cbernegger/LULO4/LuoJia1-01_LR201808214027_20180820140650_HDR_0029_gec.tif,117.857698,33.843761,121.625036,36.508114,119.848591,35.234926,2018-8-20T14:6:37.30073
LuoJia1-01_LR201808214027_20180820140655_HDR_0030,local\LULO4\LuoJia1-01_LR201808214027_20180820140655_HDR_0030_meta.xml,local\LULO4\LuoJia1-01_LR201808214027_20180820140655_HDR_0030_gec.tif,hf://buckets/cbernegger/LULO4/LuoJia1-01_LR201808214027_20180820140655_HDR_0030_meta.xml,hf://buckets/cbernegger/LULO4/LuoJia1-01_LR201808214027_20180820140655_HDR_0030_gec.tif,117.754584,34.14423,121.536427,36.811694,119.752944,35.537415,2018-8-20T14:6:42.30561
LuoJia1-01_LR201808214027_20180820140700_HDR_0031,local\LULO4\LuoJia1-01_LR201808214027_20180820140700_HDR_0031_meta.xml,local\LULO4\LuoJia1-01_LR201808214027_20180820140700_HDR_0031_gec.tif,hf://buckets/cbernegger/LULO4/LuoJia1-01_LR201808214027_20180820140700_HDR_0031_meta.xml,hf://buckets/cbernegger/LULO4/LuoJia1-01_LR201808214027_20180820140700_HDR_0031_gec.tif,117.65183,34.445903,121.449315,37.114742,119.660113,35.839721,2018-8-20T14:6:47.31048
LuoJia1-01_LR201808214027_20180820140705_HDR_0032,local\LULO4\LuoJia1-01_LR201808214027_20180820140705_HDR_0032_meta.xml,local\LULO4\LuoJia1-01_LR201808214027_20180820140705_HDR_0032_gec.tif,hf://buckets/cbernegger/LULO4/LuoJia1-01_LR201808214027_20180820140705_HDR_0032_meta.xml,hf://buckets/cbernegger/LULO4/LuoJia1-01_LR201808214027_20180820140705_HDR_0032_gec.tif,117.553301,34.751053,121.365509,37.418019,119.569783,36.143768,2018-8-20T14:6:52.31536
LuoJia1-01_LR201808214027_20180820140710_HDR_0033,local\LULO4\LuoJia1-01_LR201808214027_20180820140710_HDR_0033_meta.xml,local\LULO4\LuoJia1-01_LR201808214027_20180820140710_HDR_0033_gec.tif,hf://buckets/cbernegger/LULO4/LuoJia1-01_LR201808214027_20180820140710_HDR_0033_meta.xml,hf://buckets/cbernegger/LULO4/LuoJia1-01_LR201808214027_20180820140710_HDR_0033_gec.tif,117.452276,35.05784,121.283083,37.724261,119.47863,36.450094,2018-8-20T14:6:57.32023
LuoJia1-01_LR201808214027_20180820140715_HDR_0034,local\LULO4\LuoJia1-01_LR201808214027_20180820140715_HDR_0034_meta.xml,local\LULO4\LuoJia1-01_LR201808214027_20180820140715_HDR_0034_gec.tif,hf://buckets/cbernegger/LULO4/LuoJia1-01_LR201808214027_20180820140715_HDR_0034_meta.xml,hf://buckets/cbernegger/LULO4/LuoJia1-01_LR201808214027_20180820140715_HDR_0034_gec.tif,117.352394,35.362158,121.198498,38.031832,119.38736,36.756037,2018-8-20T14:7:2.325112
LuoJia1-01_LR201808214027_20180820140720_HDR_0035,local\LULO4\LuoJia1-01_LR201808214027_20180820140720_HDR_0035_meta.xml,local\LULO4\LuoJia1-01_LR201808214027_20180820140720_HDR_0035_gec.tif,hf://buckets/cbernegger/LULO4/LuoJia1-01_LR201808214027_20180820140720_HDR_0035_meta.xml,hf://buckets/cbernegger/LULO4/LuoJia1-01_LR201808214027_20180820140720_HDR_0035_gec.tif,117.251438,35.662561,121.115522,38.337539,119.295965,37.05916,2018-8-20T14:7:7.329988
LuoJia1-01_LR201808214027_20180820140725_HDR_0036,local\LULO4\LuoJia1-01_LR201808214027_20180820140725_HDR_0036_meta.xml,local\LULO4\LuoJia1-01_LR201808214027_20180820140725_HDR_0036_gec.tif,hf://buckets/cbernegger/LULO4/LuoJia1-01_LR201808214027_20180820140725_HDR_0036_meta.xml,hf://buckets/cbernegger/LULO4/LuoJia1-01_LR201808214027_20180820140725_HDR_0036_gec.tif,117.148168,35.960538,121.031681,38.639834,119.202707,37.359058,2018-8-20T14:7:12.33486
LuoJia1-01_LR201808214027_20180820140730_HDR_0037,local\LULO4\LuoJia1-01_LR201808214027_20180820140730_HDR_0037_meta.xml,local\LULO4\LuoJia1-01_LR201808214027_20180820140730_HDR_0037_gec.tif,hf://buckets/cbernegger/LULO4/LuoJia1-01_LR201808214027_20180820140730_HDR_0037_meta.xml,hf://buckets/cbernegger/LULO4/LuoJia1-01_LR201808214027_20180820140730_HDR_0037_gec.tif,117.042391,36.259423,120.945271,38.939056,119.107493,37.658273,2018-8-20T14:7:17.33974
LuoJia1-01_LR201808214027_20180820140735_HDR_0038,local\LULO4\LuoJia1-01_LR201808214027_20180820140735_HDR_0038_meta.xml,local\LULO4\LuoJia1-01_LR201808214027_20180820140735_HDR_0038_gec.tif,hf://buckets/cbernegger/LULO4/LuoJia1-01_LR201808214027_20180820140735_HDR_0038_meta.xml,hf://buckets/cbernegger/LULO4/LuoJia1-01_LR201808214027_20180820140735_HDR_0038_gec.tif,116.932729,36.562689,120.857465,39.239962,119.009753,37.961269,2018-8-20T14:7:22.34461
LuoJia1-01_LR201808214027_20180820140740_HDR_0039,local\LULO4\LuoJia1-01_LR201808214027_20180820140740_HDR_0039_meta.xml,local\LULO4\LuoJia1-01_LR201808214027_20180820140740_HDR_0039_gec.tif,hf://buckets/cbernegger/LULO4/LuoJia1-01_LR201808214027_20180820140740_HDR_0039_meta.xml,hf://buckets/cbernegger/LULO4/LuoJia1-01_LR201808214027_20180820140740_HDR_0039_gec.tif,116.82321,36.865975,120.766717,39.546113,118.91066,38.26617,2018-8-20T14:7:27.34949
LuoJia1-01_LR201808214027_20180820140745_HDR_0040,local\LULO4\LuoJia1-01_LR201808214027_20180820140745_HDR_0040_meta.xml,local\LULO4\LuoJia1-01_LR201808214027_20180820140745_HDR_0040_gec.tif,hf://buckets/cbernegger/LULO4/LuoJia1-01_LR201808214027_20180820140745_HDR_0040_meta.xml,hf://buckets/cbernegger/LULO4/LuoJia1-01_LR201808214027_20180820140745_HDR_0040_gec.tif,116.713677,37.169426,120.675979,39.85139,118.81096,38.570756,2018-8-20T14:7:32.35359
LuoJia1-01_LR201808214027_20180820140750_HDR_0041,local\LULO4\LuoJia1-01_LR201808214027_20180820140750_HDR_0041_meta.xml,local\LULO4\LuoJia1-01_LR201808214027_20180820140750_HDR_0041_gec.tif,hf://buckets/cbernegger/LULO4/LuoJia1-01_LR201808214027_20180820140750_HDR_0041_meta.xml,hf://buckets/cbernegger/LULO4/LuoJia1-01_LR201808214027_20180820140750_HDR_0041_gec.tif,116.61244,37.470832,120.585095,40.156312,118.715703,38.873584,2018-8-20T14:7:37.35925
LuoJia1-01_LR201808214027_20180820140755_HDR_0042,local\LULO4\LuoJia1-01_LR201808214027_20180820140755_HDR_0042_meta.xml,local\LULO4\LuoJia1-01_LR201808214027_20180820140755_HDR_0042_gec.tif,hf://buckets/cbernegger/LULO4/LuoJia1-01_LR201808214027_20180820140755_HDR_0042_meta.xml,hf://buckets/cbernegger/LULO4/LuoJia1-01_LR201808214027_20180820140755_HDR_0042_gec.tif,116.506539,37.776978,120.50136,40.458257,118.621545,39.178064,2018-8-20T14:7:42.36413
LuoJia1-01_LR201808214027_20180820140800_HDR_0043,local\LULO4\LuoJia1-01_LR201808214027_20180820140800_HDR_0043_meta.xml,local\LULO4\LuoJia1-01_LR201808214027_20180820140800_HDR_0043_gec.tif,hf://buckets/cbernegger/LULO4/LuoJia1-01_LR201808214027_20180820140800_HDR_0043_meta.xml,hf://buckets/cbernegger/LULO4/LuoJia1-01_LR201808214027_20180820140800_HDR_0043_gec.tif,116.399752,38.080864,120.413676,40.764957,118.52338,39.483706,2018-8-20T14:7:47.36901
LuoJia1-01_LR201808214027_20180820140805_HDR_0044,local\LULO4\LuoJia1-01_LR201808214027_20180820140805_HDR_0044_meta.xml,local\LULO4\LuoJia1-01_LR201808214027_20180820140805_HDR_0044_gec.tif,hf://buckets/cbernegger/LULO4/LuoJia1-01_LR201808214027_20180820140805_HDR_0044_meta.xml,hf://buckets/cbernegger/LULO4/LuoJia1-01_LR201808214027_20180820140805_HDR_0044_gec.tif,116.287609,38.381485,120.322678,41.071005,118.422299,39.787025,2018-8-20T14:7:52.37389
LuoJia1-01_LR201808214027_20180820140810_HDR_0045,local\LULO4\LuoJia1-01_LR201808214027_20180820140810_HDR_0045_meta.xml,local\LULO4\LuoJia1-01_LR201808214027_20180820140810_HDR_0045_gec.tif,hf://buckets/cbernegger/LULO4/LuoJia1-01_LR201808214027_20180820140810_HDR_0045_meta.xml,hf://buckets/cbernegger/LULO4/LuoJia1-01_LR201808214027_20180820140810_HDR_0045_gec.tif,116.17801,38.682238,120.230057,41.373835,118.320734,40.089071,2018-8-20T14:7:57.37877
LuoJia1-01_LR201808214027_20180820140815_HDR_0046,local\LULO4\LuoJia1-01_LR201808214027_20180820140815_HDR_0046_meta.xml,local\LULO4\LuoJia1-01_LR201808214027_20180820140815_HDR_0046_gec.tif,hf://buckets/cbernegger/LULO4/LuoJia1-01_LR201808214027_20180820140815_HDR_0046_meta.xml,hf://buckets/cbernegger/LULO4/LuoJia1-01_LR201808214027_20180820140815_HDR_0046_gec.tif,116.067586,38.984348,120.138134,41.676758,118.219364,40.391816,2018-8-20T14:8:2.383650
LuoJia1-01_LR201808214027_20180820140820_HDR_0047,local\LULO4\LuoJia1-01_LR201808214027_20180820140820_HDR_0047_meta.xml,local\LULO4\LuoJia1-01_LR201808214027_20180820140820_HDR_0047_gec.tif,hf://buckets/cbernegger/LULO4/LuoJia1-01_LR201808214027_20180820140820_HDR_0047_meta.xml,hf://buckets/cbernegger/LULO4/LuoJia1-01_LR201808214027_20180820140820_HDR_0047_gec.tif,115.95394,39.286062,120.045884,41.980889,118.118697,40.694537,2018-8-20T14:8:7.388530
LuoJia1-01_LR201808214027_20180820140825_HDR_0048,local\LULO4\LuoJia1-01_LR201808214027_20180820140825_HDR_0048_meta.xml,local\LULO4\LuoJia1-01_LR201808214027_20180820140825_HDR_0048_gec.tif,hf://buckets/cbernegger/LULO4/LuoJia1-01_LR201808214027_20180820140825_HDR_0048_meta.xml,hf://buckets/cbernegger/LULO4/LuoJia1-01_LR201808214027_20180820140825_HDR_0048_gec.tif,115.835245,39.589926,119.954284,42.284166,118.015614,40.998461,2018-8-20T14:8:12.39298
LuoJia1-01_LR201808214027_20180820140830_HDR_0049,local\LULO4\LuoJia1-01_LR201808214027_20180820140830_HDR_0049_meta.xml,local\LULO4\LuoJia1-01_LR201808214027_20180820140830_HDR_0049_gec.tif,hf://buckets/cbernegger/LULO4/LuoJia1-01_LR201808214027_20180820140830_HDR_0049_meta.xml,hf://buckets/cbernegger/LULO4/LuoJia1-01_LR201808214027_20180820140830_HDR_0049_gec.tif,115.718084,39.894111,119.858241,42.589849,117.910258,41.303614,2018-8-20T14:8:17.39829
LuoJia1-01_LR201808214027_20180820140835_HDR_0050,local\LULO4\LuoJia1-01_LR201808214027_20180820140835_HDR_0050_meta.xml,local\LULO4\LuoJia1-01_LR201808214027_20180820140835_HDR_0050_gec.tif,hf://buckets/cbernegger/LULO4/LuoJia1-01_LR201808214027_20180820140835_HDR_0050_meta.xml,hf://buckets/cbernegger/LULO4/LuoJia1-01_LR201808214027_20180820140835_HDR_0050_gec.tif,115.603486,40.196117,119.762864,42.895909,117.806812,41.607542,2018-8-20T14:8:22.40317
LuoJia1-01_LR201808214027_20180820140845_HDR_0052,local\LULO4\LuoJia1-01_LR201808214027_20180820140845_HDR_0052_meta.xml,local\LULO4\LuoJia1-01_LR201808214027_20180820140845_HDR_0052_gec.tif,hf://buckets/cbernegger/LULO4/LuoJia1-01_LR201808214027_20180820140845_HDR_0052_meta.xml,hf://buckets/cbernegger/LULO4/LuoJia1-01_LR201808214027_20180820140845_HDR_0052_gec.tif,115.369347,40.802013,119.576367,43.503572,117.600073,42.213546,2018-8-20T14:8:32.41293
LuoJia1-01_LR201808214027_20180820140900_HDR_0055,local\LULO4\LuoJia1-01_LR201808214027_20180820140900_HDR_0055_meta.xml,local\LULO4\LuoJia1-01_LR201808214027_20180820140900_HDR_0055_gec.tif,hf://buckets/cbernegger/LULO4/LuoJia1-01_LR201808214027_20180820140900_HDR_0055_meta.xml,hf://buckets/cbernegger/LULO4/LuoJia1-01_LR201808214027_20180820140900_HDR_0055_gec.tif,115.001442,41.699778,119.283157,44.408866,117.272164,43.115122,2018-8-20T14:8:47.42758
LuoJia1-01_LR201808214027_20180820140905_HDR_0056,local\LULO4\LuoJia1-01_LR201808214027_20180820140905_HDR_0056_meta.xml,local\LULO4\LuoJia1-01_LR201808214027_20180820140905_HDR_0056_gec.tif,hf://buckets/cbernegger/LULO4/LuoJia1-01_LR201808214027_20180820140905_HDR_0056_meta.xml,hf://buckets/cbernegger/LULO4/LuoJia1-01_LR201808214027_20180820140905_HDR_0056_gec.tif,114.878818,41.999643,119.183752,44.709553,117.162667,43.415667,2018-8-20T14:8:52.43246
LuoJia1-01_LR201808214027_20180820140910_HDR_0057,local\LULO4\LuoJia1-01_LR201808214027_20180820140910_HDR_0057_meta.xml,local\LULO4\LuoJia1-01_LR201808214027_20180820140910_HDR_0057_gec.tif,hf://buckets/cbernegger/LULO4/LuoJia1-01_LR201808214027_20180820140910_HDR_0057_meta.xml,hf://buckets/cbernegger/LULO4/LuoJia1-01_LR201808214027_20180820140910_HDR_0057_gec.tif,114.757719,42.301309,119.085526,45.012445,117.053679,43.717813,2018-8-20T14:8:57.43734
LuoJia1-01_LR201808214027_20180820140915_HDR_0058,local\LULO4\LuoJia1-01_LR201808214027_20180820140915_HDR_0058_meta.xml,local\LULO4\LuoJia1-01_LR201808214027_20180820140915_HDR_0058_gec.tif,hf://buckets/cbernegger/LULO4/LuoJia1-01_LR201808214027_20180820140915_HDR_0058_meta.xml,hf://buckets/cbernegger/LULO4/LuoJia1-01_LR201808214027_20180820140915_HDR_0058_gec.tif,114.635547,42.60285,118.987586,45.316229,116.943799,44.020343,2018-8-20T14:9:2.442231
LuoJia1-01_LR201808216966_20180820203715_HDR_0000,local\LULO4\LuoJia1-01_LR201808216966_20180820203715_HDR_0000_meta.xml,local\LULO4\LuoJia1-01_LR201808216966_20180820203715_HDR_0000_gec.tif,hf://buckets/cbernegger/LULO4/LuoJia1-01_LR201808216966_20180820203715_HDR_0000_meta.xml,hf://buckets/cbernegger/LULO4/LuoJia1-01_LR201808216966_20180820203715_HDR_0000_gec.tif,21.453852,34.286052,25.069345,36.860313,23.291914,35.581802,2018-8-20T20:37:2.22147
LuoJia1-01_LR201808216966_20180820203719_HDR_0001,local\LULO4\LuoJia1-01_LR201808216966_20180820203719_HDR_0001_meta.xml,local\LULO4\LuoJia1-01_LR201808216966_20180820203719_HDR_0001_gec.tif,hf://buckets/cbernegger/LULO4/LuoJia1-01_LR201808216966_20180820203719_HDR_0001_meta.xml,hf://buckets/cbernegger/LULO4/LuoJia1-01_LR201808216966_20180820203719_HDR_0001_gec.tif,21.357185,34.590408,24.983945,37.163699,23.200542,35.885981,2018-8-20T20:37:7.22633
LuoJia1-01_LR201808216966_20180820203724_HDR_0002,local\LULO4\LuoJia1-01_LR201808216966_20180820203724_HDR_0002_meta.xml,local\LULO4\LuoJia1-01_LR201808216966_20180820203724_HDR_0002_gec.tif,hf://buckets/cbernegger/LULO4/LuoJia1-01_LR201808216966_20180820203724_HDR_0002_meta.xml,hf://buckets/cbernegger/LULO4/LuoJia1-01_LR201808216966_20180820203724_HDR_0002_gec.tif,21.265542,34.895509,24.899588,37.469049,23.115545,36.191546,2018-8-20T20:37:12.2311
LuoJia1-01_LR201808216966_20180820203730_HDR_0003,local\LULO4\LuoJia1-01_LR201808216966_20180820203730_HDR_0003_meta.xml,local\LULO4\LuoJia1-01_LR201808216966_20180820203730_HDR_0003_gec.tif,hf://buckets/cbernegger/LULO4/LuoJia1-01_LR201808216966_20180820203730_HDR_0003_meta.xml,hf://buckets/cbernegger/LULO4/LuoJia1-01_LR201808216966_20180820203730_HDR_0003_gec.tif,21.170939,35.198439,24.82592,37.77527,23.030746,36.495893,2018-8-20T20:37:17.2360
LuoJia1-01_LR201808216966_20180820203735_HDR_0004,local\LULO4\LuoJia1-01_LR201808216966_20180820203735_HDR_0004_meta.xml,local\LULO4\LuoJia1-01_LR201808216966_20180820203735_HDR_0004_gec.tif,hf://buckets/cbernegger/LULO4/LuoJia1-01_LR201808216966_20180820203735_HDR_0004_meta.xml,hf://buckets/cbernegger/LULO4/LuoJia1-01_LR201808216966_20180820203735_HDR_0004_gec.tif,21.066919,35.502167,24.746813,38.079368,22.938927,36.800081,2018-8-20T20:37:22.2409
LuoJia1-01_LR201808216966_20180820203740_HDR_0005,local\LULO4\LuoJia1-01_LR201808216966_20180820203740_HDR_0005_meta.xml,local\LULO4\LuoJia1-01_LR201808216966_20180820203740_HDR_0005_gec.tif,hf://buckets/cbernegger/LULO4/LuoJia1-01_LR201808216966_20180820203740_HDR_0005_meta.xml,hf://buckets/cbernegger/LULO4/LuoJia1-01_LR201808216966_20180820203740_HDR_0005_gec.tif,20.970244,35.807157,24.659217,38.384655,22.847901,37.105379,2018-8-20T20:37:27.2457
LuoJia1-01_LR201808216966_20180820203745_HDR_0006,local\LULO4\LuoJia1-01_LR201808216966_20180820203745_HDR_0006_meta.xml,local\LULO4\LuoJia1-01_LR201808216966_20180820203745_HDR_0006_gec.tif,hf://buckets/cbernegger/LULO4/LuoJia1-01_LR201808216966_20180820203745_HDR_0006_meta.xml,hf://buckets/cbernegger/LULO4/LuoJia1-01_LR201808216966_20180820203745_HDR_0006_gec.tif,20.874093,36.111892,24.579107,38.691065,22.75993,37.410811,2018-8-20T20:37:32.2497
LuoJia1-01_LR201808216966_20180820203750_HDR_0007,local\LULO4\LuoJia1-01_LR201808216966_20180820203750_HDR_0007_meta.xml,local\LULO4\LuoJia1-01_LR201808216966_20180820203750_HDR_0007_gec.tif,hf://buckets/cbernegger/LULO4/LuoJia1-01_LR201808216966_20180820203750_HDR_0007_meta.xml,hf://buckets/cbernegger/LULO4/LuoJia1-01_LR201808216966_20180820203750_HDR_0007_gec.tif,20.776499,36.415721,24.499021,38.997197,22.671503,37.715754,2018-8-20T20:37:37.2554
LuoJia1-01_LR201808216966_20180820203755_HDR_0008,local\LULO4\LuoJia1-01_LR201808216966_20180820203755_HDR_0008_meta.xml,local\LULO4\LuoJia1-01_LR201808216966_20180820203755_HDR_0008_gec.tif,hf://buckets/cbernegger/LULO4/LuoJia1-01_LR201808216966_20180820203755_HDR_0008_meta.xml,hf://buckets/cbernegger/LULO4/LuoJia1-01_LR201808216966_20180820203755_HDR_0008_gec.tif,20.679284,36.71894,24.418585,39.302379,22.583139,38.01991,2018-8-20T20:37:42.2603
LuoJia1-01_LR201808216966_20180820203800_HDR_0009,local\LULO4\LuoJia1-01_LR201808216966_20180820203800_HDR_0009_meta.xml,local\LULO4\LuoJia1-01_LR201808216966_20180820203800_HDR_0009_gec.tif,hf://buckets/cbernegger/LULO4/LuoJia1-01_LR201808216966_20180820203800_HDR_0009_meta.xml,hf://buckets/cbernegger/LULO4/LuoJia1-01_LR201808216966_20180820203800_HDR_0009_gec.tif,20.580177,37.022836,24.338474,39.607077,22.493318,38.324136,2018-8-20T20:37:47.2652
LuoJia1-01_LR201808216966_20180820203805_HDR_0010,local\LULO4\LuoJia1-01_LR201808216966_20180820203805_HDR_0010_meta.xml,local\LULO4\LuoJia1-01_LR201808216966_20180820203805_HDR_0010_gec.tif,hf://buckets/cbernegger/LULO4/LuoJia1-01_LR201808216966_20180820203805_HDR_0010_meta.xml,hf://buckets/cbernegger/LULO4/LuoJia1-01_LR201808216966_20180820203805_HDR_0010_gec.tif,20.484351,37.327127,24.256614,39.91242,22.403771,38.629072,2018-8-20T20:37:52.2700
LuoJia1-01_LR201808216966_20180820203810_HDR_0011,local\LULO4\LuoJia1-01_LR201808216966_20180820203810_HDR_0011_meta.xml,local\LULO4\LuoJia1-01_LR201808216966_20180820203810_HDR_0011_gec.tif,hf://buckets/cbernegger/LULO4/LuoJia1-01_LR201808216966_20180820203810_HDR_0011_meta.xml,hf://buckets/cbernegger/LULO4/LuoJia1-01_LR201808216966_20180820203810_HDR_0011_gec.tif,20.38628,37.629625,24.175868,40.218049,22.315387,38.93298,2018-8-20T20:37:57.2749
LuoJia1-01_LR201808216966_20180820203815_HDR_0012,local\LULO4\LuoJia1-01_LR201808216966_20180820203815_HDR_0012_meta.xml,local\LULO4\LuoJia1-01_LR201808216966_20180820203815_HDR_0012_gec.tif,hf://buckets/cbernegger/LULO4/LuoJia1-01_LR201808216966_20180820203815_HDR_0012_meta.xml,hf://buckets/cbernegger/LULO4/LuoJia1-01_LR201808216966_20180820203815_HDR_0012_gec.tif,20.286506,37.931542,24.096741,40.521523,22.223383,39.236105,2018-8-20T20:38:2.27980
LuoJia1-01_LR201808216966_20180820203820_HDR_0013,local\LULO4\LuoJia1-01_LR201808216966_20180820203820_HDR_0013_meta.xml,local\LULO4\LuoJia1-01_LR201808216966_20180820203820_HDR_0013_gec.tif,hf://buckets/cbernegger/LULO4/LuoJia1-01_LR201808216966_20180820203820_HDR_0013_meta.xml,hf://buckets/cbernegger/LULO4/LuoJia1-01_LR201808216966_20180820203820_HDR_0013_gec.tif,20.177002,38.233838,24.009632,40.824374,22.128383,39.53921,2018-8-20T20:38:7.28466
LuoJia1-01_LR201808216966_20180820203825_HDR_0014,local\LULO4\LuoJia1-01_LR201808216966_20180820203825_HDR_0014_meta.xml,local\LULO4\LuoJia1-01_LR201808216966_20180820203825_HDR_0014_gec.tif,hf://buckets/cbernegger/LULO4/LuoJia1-01_LR201808216966_20180820203825_HDR_0014_meta.xml,hf://buckets/cbernegger/LULO4/LuoJia1-01_LR201808216966_20180820203825_HDR_0014_gec.tif,20.077731,38.536228,23.92493,41.128888,22.035719,39.84226,2018-8-20T20:38:12.2895
LuoJia1-01_LR201808216966_20180820203830_HDR_0015,local\LULO4\LuoJia1-01_LR201808216966_20180820203830_HDR_0015_meta.xml,local\LULO4\LuoJia1-01_LR201808216966_20180820203830_HDR_0015_gec.tif,hf://buckets/cbernegger/LULO4/LuoJia1-01_LR201808216966_20180820203830_HDR_0015_meta.xml,hf://buckets/cbernegger/LULO4/LuoJia1-01_LR201808216966_20180820203830_HDR_0015_gec.tif,19.971304,38.839022,23.84237,41.432448,21.942365,40.145707,2018-8-20T20:38:17.2943
LuoJia1-01_LR201808216966_20180820203835_HDR_0016,local\LULO4\LuoJia1-01_LR201808216966_20180820203835_HDR_0016_meta.xml,local\LULO4\LuoJia1-01_LR201808216966_20180820203835_HDR_0016_gec.tif,hf://buckets/cbernegger/LULO4/LuoJia1-01_LR201808216966_20180820203835_HDR_0016_meta.xml,hf://buckets/cbernegger/LULO4/LuoJia1-01_LR201808216966_20180820203835_HDR_0016_gec.tif,19.864423,39.141456,23.756458,41.73415,21.845364,40.44923,2018-8-20T20:38:22.2992
LuoJia1-01_LR201808216966_20180820203840_HDR_0017,local\LULO4\LuoJia1-01_LR201808216966_20180820203840_HDR_0017_meta.xml,local\LULO4\LuoJia1-01_LR201808216966_20180820203840_HDR_0017_gec.tif,hf://buckets/cbernegger/LULO4/LuoJia1-01_LR201808216966_20180820203840_HDR_0017_meta.xml,hf://buckets/cbernegger/LULO4/LuoJia1-01_LR201808216966_20180820203840_HDR_0017_gec.tif,19.752234,39.446448,23.667412,42.040048,21.746808,40.753027,2018-8-20T20:38:27.3033
LuoJia1-01_LR201808216966_20180820203845_HDR_0018,local\LULO4\LuoJia1-01_LR201808216966_20180820203845_HDR_0018_meta.xml,local\LULO4\LuoJia1-01_LR201808216966_20180820203845_HDR_0018_gec.tif,hf://buckets/cbernegger/LULO4/LuoJia1-01_LR201808216966_20180820203845_HDR_0018_meta.xml,hf://buckets/cbernegger/LULO4/LuoJia1-01_LR201808216966_20180820203845_HDR_0018_gec.tif,19.642635,39.748523,23.578134,42.344414,21.648035,41.056903,2018-8-20T20:38:32.3089
LuoJia1-01_LR201808216966_20180820203850_HDR_0019,local\LULO4\LuoJia1-01_LR201808216966_20180820203850_HDR_0019_meta.xml,local\LULO4\LuoJia1-01_LR201808216966_20180820203850_HDR_0019_gec.tif,hf://buckets/cbernegger/LULO4/LuoJia1-01_LR201808216966_20180820203850_HDR_0019_meta.xml,hf://buckets/cbernegger/LULO4/LuoJia1-01_LR201808216966_20180820203850_HDR_0019_gec.tif,19.536646,40.05245,23.487135,42.649232,21.549111,41.36026,2018-8-20T20:38:37.3138
LuoJia1-01_LR201808216966_20180820203855_HDR_0020,local\LULO4\LuoJia1-01_LR201808216966_20180820203855_HDR_0020_meta.xml,local\LULO4\LuoJia1-01_LR201808216966_20180820203855_HDR_0020_gec.tif,hf://buckets/cbernegger/LULO4/LuoJia1-01_LR201808216966_20180820203855_HDR_0020_meta.xml,hf://buckets/cbernegger/LULO4/LuoJia1-01_LR201808216966_20180820203855_HDR_0020_gec.tif,19.429247,40.354499,23.39914,42.952429,21.451292,41.663661,2018-8-20T20:38:42.3187
LuoJia1-01_LR201808216966_20180820203900_HDR_0021,local\LULO4\LuoJia1-01_LR201808216966_20180820203900_HDR_0021_meta.xml,local\LULO4\LuoJia1-01_LR201808216966_20180820203900_HDR_0021_gec.tif,hf://buckets/cbernegger/LULO4/LuoJia1-01_LR201808216966_20180820203900_HDR_0021_meta.xml,hf://buckets/cbernegger/LULO4/LuoJia1-01_LR201808216966_20180820203900_HDR_0021_gec.tif,19.321682,40.657917,23.310547,43.258432,21.352824,41.967764,2018-8-20T20:38:47.3236
LuoJia1-01_LR201808216966_20180820203905_HDR_0022,local\LULO4\LuoJia1-01_LR201808216966_20180820203905_HDR_0022_meta.xml,local\LULO4\LuoJia1-01_LR201808216966_20180820203905_HDR_0022_gec.tif,hf://buckets/cbernegger/LULO4/LuoJia1-01_LR201808216966_20180820203905_HDR_0022_meta.xml,hf://buckets/cbernegger/LULO4/LuoJia1-01_LR201808216966_20180820203905_HDR_0022_gec.tif,19.210774,40.958613,23.222511,43.562544,21.253806,42.271002,2018-8-20T20:38:52.3284
LuoJia1-01_LR201808216966_20180820203910_HDR_0023,local\LULO4\LuoJia1-01_LR201808216966_20180820203910_HDR_0023_meta.xml,local\LULO4\LuoJia1-01_LR201808216966_20180820203910_HDR_0023_gec.tif,hf://buckets/cbernegger/LULO4/LuoJia1-01_LR201808216966_20180820203910_HDR_0023_meta.xml,hf://buckets/cbernegger/LULO4/LuoJia1-01_LR201808216966_20180820203910_HDR_0023_gec.tif,19.097075,41.263842,23.131984,43.86783,21.153302,42.57541,2018-8-20T20:38:57.3333
LuoJia1-01_LR201808216966_20180820203915_HDR_0024,local\LULO4\LuoJia1-01_LR201808216966_20180820203915_HDR_0024_meta.xml,local\LULO4\LuoJia1-01_LR201808216966_20180820203915_HDR_0024_gec.tif,hf://buckets/cbernegger/LULO4/LuoJia1-01_LR201808216966_20180820203915_HDR_0024_meta.xml,hf://buckets/cbernegger/LULO4/LuoJia1-01_LR201808216966_20180820203915_HDR_0024_gec.tif,18.984061,41.56639,23.040627,44.172974,21.053427,42.879449,2018-8-20T20:39:2.33821
LuoJia1-01_LR201808216966_20180820203920_HDR_0025,local\LULO4\LuoJia1-01_LR201808216966_20180820203920_HDR_0025_meta.xml,local\LULO4\LuoJia1-01_LR201808216966_20180820203920_HDR_0025_gec.tif,hf://buckets/cbernegger/LULO4/LuoJia1-01_LR201808216966_20180820203920_HDR_0025_meta.xml,hf://buckets/cbernegger/LULO4/LuoJia1-01_LR201808216966_20180820203920_HDR_0025_gec.tif,18.87353,41.866688,22.953421,44.478542,20.953336,43.182126,2018-8-20T20:39:7.34237
LuoJia1-01_LR201808216966_20180820203925_HDR_0026,local\LULO4\LuoJia1-01_LR201808216966_20180820203925_HDR_0026_meta.xml,local\LULO4\LuoJia1-01_LR201808216966_20180820203925_HDR_0026_gec.tif,hf://buckets/cbernegger/LULO4/LuoJia1-01_LR201808216966_20180820203925_HDR_0026_meta.xml,hf://buckets/cbernegger/LULO4/LuoJia1-01_LR201808216966_20180820203925_HDR_0026_gec.tif,18.754182,42.168566,22.862524,44.780276,20.850661,43.484807,2018-8-20T20:39:12.3479
LuoJia1-01_LR201808216966_20180820203930_HDR_0027,local\LULO4\LuoJia1-01_LR201808216966_20180820203930_HDR_0027_meta.xml,local\LULO4\LuoJia1-01_LR201808216966_20180820203930_HDR_0027_gec.tif,hf://buckets/cbernegger/LULO4/LuoJia1-01_LR201808216966_20180820203930_HDR_0027_meta.xml,hf://buckets/cbernegger/LULO4/LuoJia1-01_LR201808216966_20180820203930_HDR_0027_gec.tif,18.638038,42.471346,22.769063,45.084194,20.746473,43.787034,2018-8-20T20:39:17.3528
LuoJia1-01_LR201808216966_20180820203935_HDR_0028,local\LULO4\LuoJia1-01_LR201808216966_20180820203935_HDR_0028_meta.xml,local\LULO4\LuoJia1-01_LR201808216966_20180820203935_HDR_0028_gec.tif,hf://buckets/cbernegger/LULO4/LuoJia1-01_LR201808216966_20180820203935_HDR_0028_meta.xml,hf://buckets/cbernegger/LULO4/LuoJia1-01_LR201808216966_20180820203935_HDR_0028_gec.tif,18.51728,42.773186,22.677279,45.387917,20.640801,44.089426,2018-8-20T20:39:22.3577
LuoJia1-01_LR201808216966_20180820203940_HDR_0029,local\LULO4\LuoJia1-01_LR201808216966_20180820203940_HDR_0029_meta.xml,local\LULO4\LuoJia1-01_LR201808216966_20180820203940_HDR_0029_gec.tif,hf://buckets/cbernegger/LULO4/LuoJia1-01_LR201808216966_20180820203940_HDR_0029_meta.xml,hf://buckets/cbernegger/LULO4/LuoJia1-01_LR201808216966_20180820203940_HDR_0029_gec.tif,18.393364,43.07395,22.579776,45.691729,20.530613,44.391491,2018-8-20T20:39:27.3624
LuoJia1-01_LR201808216966_20180820203945_HDR_0030,local\LULO4\LuoJia1-01_LR201808216966_20180820203945_HDR_0030_meta.xml,local\LULO4\LuoJia1-01_LR201808216966_20180820203945_HDR_0030_gec.tif,hf://buckets/cbernegger/LULO4/LuoJia1-01_LR201808216966_20180820203945_HDR_0030_meta.xml,hf://buckets/cbernegger/LULO4/LuoJia1-01_LR201808216966_20180820203945_HDR_0030_gec.tif,18.275474,43.374752,22.480959,45.994221,20.422759,44.694202,2018-8-20T20:39:32.3674
LuoJia1-01_LR201808216966_20180820203955_HDR_0032,local\LULO4\LuoJia1-01_LR201808216966_20180820203955_HDR_0032_meta.xml,local\LULO4\LuoJia1-01_LR201808216966_20180820203955_HDR_0032_gec.tif,hf://buckets/cbernegger/LULO4/LuoJia1-01_LR201808216966_20180820203955_HDR_0032_meta.xml,hf://buckets/cbernegger/LULO4/LuoJia1-01_LR201808216966_20180820203955_HDR_0032_gec.tif,18.030739,43.977067,22.29391,46.601563,20.207267,45.298535,2018-8-20T20:39:42.3771
LuoJia1-01_LR201808216966_20180820204000_HDR_0033,local\LULO4\LuoJia1-01_LR201808216966_20180820204000_HDR_0033_meta.xml,local\LULO4\LuoJia1-01_LR201808216966_20180820204000_HDR_0033_gec.tif,hf://buckets/cbernegger/LULO4/LuoJia1-01_LR201808216966_20180820204000_HDR_0033_meta.xml,hf://buckets/cbernegger/LULO4/LuoJia1-01_LR201808216966_20180820204000_HDR_0033_gec.tif,17.906742,44.277168,22.191756,46.903996,20.095393,45.600236,2018-8-20T20:39:47.3820
LuoJia1-01_LR201808216966_20180820204005_HDR_0034,local\LULO4\LuoJia1-01_LR201808216966_20180820204005_HDR_0034_meta.xml,local\LULO4\LuoJia1-01_LR201808216966_20180820204005_HDR_0034_gec.tif,hf://buckets/cbernegger/LULO4/LuoJia1-01_LR201808216966_20180820204005_HDR_0034_meta.xml,hf://buckets/cbernegger/LULO4/LuoJia1-01_LR201808216966_20180820204005_HDR_0034_gec.tif,17.784639,44.580011,22.094159,47.207114,19.985813,45.903586,2018-8-20T20:39:52.3869
LuoJia1-01_LR201808216966_20180820204010_HDR_0035,local\LULO4\LuoJia1-01_LR201808216966_20180820204010_HDR_0035_meta.xml,local\LULO4\LuoJia1-01_LR201808216966_20180820204010_HDR_0035_gec.tif,hf://buckets/cbernegger/LULO4/LuoJia1-01_LR201808216966_20180820204010_HDR_0035_meta.xml,hf://buckets/cbernegger/LULO4/LuoJia1-01_LR201808216966_20180820204010_HDR_0035_gec.tif,17.667007,44.881986,21.997363,47.512403,19.879825,46.207692,2018-8-20T20:39:57.3918
LuoJia1-01_LR201808216966_20180820204015_HDR_0036,local\LULO4\LuoJia1-01_LR201808216966_20180820204015_HDR_0036_meta.xml,local\LULO4\LuoJia1-01_LR201808216966_20180820204015_HDR_0036_gec.tif,hf://buckets/cbernegger/LULO4/LuoJia1-01_LR201808216966_20180820204015_HDR_0036_meta.xml,hf://buckets/cbernegger/LULO4/LuoJia1-01_LR201808216966_20180820204015_HDR_0036_gec.tif,17.539376,45.183741,21.906212,47.817495,19.770207,46.511011,2018-8-20T20:40:2.39669
LuoJia1-01_LR201808216966_20180820204020_HDR_0037,local\LULO4\LuoJia1-01_LR201808216966_20180820204020_HDR_0037_meta.xml,local\LULO4\LuoJia1-01_LR201808216966_20180820204020_HDR_0037_gec.tif,hf://buckets/cbernegger/LULO4/LuoJia1-01_LR201808216966_20180820204020_HDR_0037_meta.xml,hf://buckets/cbernegger/LULO4/LuoJia1-01_LR201808216966_20180820204020_HDR_0037_gec.tif,17.411228,45.484969,21.80666,48.121343,19.65705,46.813624,2018-8-20T20:40:7.40125
LuoJia1-01_LR201808216966_20180820204025_HDR_0038,local\LULO4\LuoJia1-01_LR201808216966_20180820204025_HDR_0038_meta.xml,local\LULO4\LuoJia1-01_LR201808216966_20180820204025_HDR_0038_gec.tif,hf://buckets/cbernegger/LULO4/LuoJia1-01_LR201808216966_20180820204025_HDR_0038_meta.xml,hf://buckets/cbernegger/LULO4/LuoJia1-01_LR201808216966_20180820204025_HDR_0038_gec.tif,17.280654,45.785169,21.705344,48.42431,19.542028,47.115416,2018-8-20T20:40:12.4064
LuoJia1-01_LR201808216966_20180820204030_HDR_0039,local\LULO4\LuoJia1-01_LR201808216966_20180820204030_HDR_0039_meta.xml,local\LULO4\LuoJia1-01_LR201808216966_20180820204030_HDR_0039_gec.tif,hf://buckets/cbernegger/LULO4/LuoJia1-01_LR201808216966_20180820204030_HDR_0039_meta.xml,hf://buckets/cbernegger/LULO4/LuoJia1-01_LR201808216966_20180820204030_HDR_0039_gec.tif,17.148879,46.085113,21.60301,48.72547,19.424489,47.416492,2018-8-20T20:40:17.4113
LuoJia1-01_LR201808216966_20180820204035_HDR_0040,local\LULO4\LuoJia1-01_LR201808216966_20180820204035_HDR_0040_meta.xml,local\LULO4\LuoJia1-01_LR201808216966_20180820204035_HDR_0040_gec.tif,hf://buckets/cbernegger/LULO4/LuoJia1-01_LR201808216966_20180820204035_HDR_0040_meta.xml,hf://buckets/cbernegger/LULO4/LuoJia1-01_LR201808216966_20180820204035_HDR_0040_gec.tif,17.015713,46.386193,21.498554,49.028157,19.307344,47.718492,2018-8-20T20:40:22.4162
LuoJia1-01_LR201808216966_20180820204040_HDR_0041,local\LULO4\LuoJia1-01_LR201808216966_20180820204040_HDR_0041_meta.xml,local\LULO4\LuoJia1-01_LR201808216966_20180820204040_HDR_0041_gec.tif,hf://buckets/cbernegger/LULO4/LuoJia1-01_LR201808216966_20180820204040_HDR_0041_meta.xml,hf://buckets/cbernegger/LULO4/LuoJia1-01_LR201808216966_20180820204040_HDR_0041_gec.tif,16.883365,46.68741,21.396231,49.331229,19.190591,48.020766,2018-8-20T20:40:27.4210
LuoJia1-01_LR201808216966_20180820204045_HDR_0042,local\LULO4\LuoJia1-01_LR201808216966_20180820204045_HDR_0042_meta.xml,local\LULO4\LuoJia1-01_LR201808216966_20180820204045_HDR_0042_gec.tif,hf://buckets/cbernegger/LULO4/LuoJia1-01_LR201808216966_20180820204045_HDR_0042_meta.xml,hf://buckets/cbernegger/LULO4/LuoJia1-01_LR201808216966_20180820204045_HDR_0042_gec.tif,16.750163,46.988485,21.292883,49.634648,19.072012,48.322638,2018-8-20T20:40:32.4259
LuoJia1-01_LR201808216966_20180820204050_HDR_0043,local\LULO4\LuoJia1-01_LR201808216966_20180820204050_HDR_0043_meta.xml,local\LULO4\LuoJia1-01_LR201808216966_20180820204050_HDR_0043_gec.tif,hf://buckets/cbernegger/LULO4/LuoJia1-01_LR201808216966_20180820204050_HDR_0043_meta.xml,hf://buckets/cbernegger/LULO4/LuoJia1-01_LR201808216966_20180820204050_HDR_0043_gec.tif,16.61758,47.290078,21.187703,49.938647,18.954253,48.624649,2018-8-20T20:40:37.4308
LuoJia1-01_LR201808216966_20180820204100_HDR_0045,local\LULO4\LuoJia1-01_LR201808216966_20180820204100_HDR_0045_meta.xml,local\LULO4\LuoJia1-01_LR201808216966_20180820204100_HDR_0045_gec.tif,hf://buckets/cbernegger/LULO4/LuoJia1-01_LR201808216966_20180820204100_HDR_0045_meta.xml,hf://buckets/cbernegger/LULO4/LuoJia1-01_LR201808216966_20180820204100_HDR_0045_gec.tif,16.338515,47.88729,20.977842,50.543556,18.711042,49.226465,2018-8-20T20:40:47.4405
LuoJia1-01_LR201808216966_20180820204105_HDR_0046,local\LULO4\LuoJia1-01_LR201808216966_20180820204105_HDR_0046_meta.xml,local\LULO4\LuoJia1-01_LR201808216966_20180820204105_HDR_0046_gec.tif,hf://buckets/cbernegger/LULO4/LuoJia1-01_LR201808216966_20180820204105_HDR_0046_meta.xml,hf://buckets/cbernegger/LULO4/LuoJia1-01_LR201808216966_20180820204105_HDR_0046_gec.tif,16.196421,48.186068,20.86735,50.844695,18.585757,49.526544,2018-8-20T20:40:52.4454
LuoJia1-01_LR201808216966_20180820204110_HDR_0047,local\LULO4\LuoJia1-01_LR201808216966_20180820204110_HDR_0047_meta.xml,local\LULO4\LuoJia1-01_LR201808216966_20180820204110_HDR_0047_gec.tif,hf://buckets/cbernegger/LULO4/LuoJia1-01_LR201808216966_20180820204110_HDR_0047_meta.xml,hf://buckets/cbernegger/LULO4/LuoJia1-01_LR201808216966_20180820204110_HDR_0047_gec.tif,16.057463,48.485854,20.755846,51.146105,18.462452,49.827007,2018-8-20T20:40:57.4503
LuoJia1-01_LR201808216966_20180820204115_HDR_0048,local\LULO4\LuoJia1-01_LR201808216966_20180820204115_HDR_0048_meta.xml,local\LULO4\LuoJia1-01_LR201808216966_20180820204115_HDR_0048_gec.tif,hf://buckets/cbernegger/LULO4/LuoJia1-01_LR201808216966_20180820204115_HDR_0048_meta.xml,hf://buckets/cbernegger/LULO4/LuoJia1-01_LR201808216966_20180820204115_HDR_0048_gec.tif,15.912538,48.786106,20.648143,51.448429,18.33725,50.128592,2018-8-20T20:41:2.45523
LuoJia1-01_LR201808216966_20180820204120_HDR_0049,local\LULO4\LuoJia1-01_LR201808216966_20180820204120_HDR_0049_meta.xml,local\LULO4\LuoJia1-01_LR201808216966_20180820204120_HDR_0049_gec.tif,hf://buckets/cbernegger/LULO4/LuoJia1-01_LR201808216966_20180820204120_HDR_0049_meta.xml,hf://buckets/cbernegger/LULO4/LuoJia1-01_LR201808216966_20180820204120_HDR_0049_gec.tif,15.765134,49.084776,20.53692,51.751387,18.209436,50.429098,2018-8-20T20:41:7.46011
LuoJia1-01_LR201808216966_20180820204125_HDR_0050,local\LULO4\LuoJia1-01_LR201808216966_20180820204125_HDR_0050_meta.xml,local\LULO4\LuoJia1-01_LR201808216966_20180820204125_HDR_0050_gec.tif,hf://buckets/cbernegger/LULO4/LuoJia1-01_LR201808216966_20180820204125_HDR_0050_meta.xml,hf://buckets/cbernegger/LULO4/LuoJia1-01_LR201808216966_20180820204125_HDR_0050_gec.tif,15.615426,49.382786,20.426412,52.052475,18.078441,50.72823,2018-8-20T20:41:12.4646
LuoJia1-01_LR201808216966_20180820204130_HDR_0051,local\LULO4\LuoJia1-01_LR201808216966_20180820204130_HDR_0051_meta.xml,local\LULO4\LuoJia1-01_LR201808216966_20180820204130_HDR_0051_gec.tif,hf://buckets/cbernegger/LULO4/LuoJia1-01_LR201808216966_20180820204130_HDR_0051_meta.xml,hf://buckets/cbernegger/LULO4/LuoJia1-01_LR201808216966_20180820204130_HDR_0051_gec.tif,15.469085,49.681774,20.311868,52.352638,17.948748,51.027903,2018-8-20T20:41:17.4698
LuoJia1-01_LR201808216966_20180820204135_HDR_0052,local\LULO4\LuoJia1-01_LR201808216966_20180820204135_HDR_0052_meta.xml,local\LULO4\LuoJia1-01_LR201808216966_20180820204135_HDR_0052_gec.tif,hf://buckets/cbernegger/LULO4/LuoJia1-01_LR201808216966_20180820204135_HDR_0052_meta.xml,hf://buckets/cbernegger/LULO4/LuoJia1-01_LR201808216966_20180820204135_HDR_0052_gec.tif,15.318935,49.983656,20.199956,52.654678,17.819575,51.329767,2018-8-20T20:41:22.4747
LuoJia1-01_LR201808216966_20180820204140_HDR_0053,local\LULO4\LuoJia1-01_LR201808216966_20180820204140_HDR_0053_meta.xml,local\LULO4\LuoJia1-01_LR201808216966_20180820204140_HDR_0053_gec.tif,hf://buckets/cbernegger/LULO4/LuoJia1-01_LR201808216966_20180820204140_HDR_0053_meta.xml,hf://buckets/cbernegger/LULO4/LuoJia1-01_LR201808216966_20180820204140_HDR_0053_gec.tif,15.160217,50.289364,20.085941,52.959298,17.6835,51.63433,2018-8-20T20:41:27.4796
LuoJia1-01_LR201808216966_20180820204145_HDR_0054,local\LULO4\LuoJia1-01_LR201808216966_20180820204145_HDR_0054_meta.xml,local\LULO4\LuoJia1-01_LR201808216966_20180820204145_HDR_0054_gec.tif,hf://buckets/cbernegger/LULO4/LuoJia1-01_LR201808216966_20180820204145_HDR_0054_meta.xml,hf://buckets/cbernegger/LULO4/LuoJia1-01_LR201808216966_20180820204145_HDR_0054_gec.tif,15.004666,50.588363,19.963964,53.265669,17.546091,51.93796,2018-8-20T20:41:32.4845
LuoJia1-01_LR201808216966_20180820204150_HDR_0055,local\LULO4\LuoJia1-01_LR201808216966_20180820204150_HDR_0055_meta.xml,local\LULO4\LuoJia1-01_LR201808216966_20180820204150_HDR_0055_gec.tif,hf://buckets/cbernegger/LULO4/LuoJia1-01_LR201808216966_20180820204150_HDR_0055_meta.xml,hf://buckets/cbernegger/LULO4/LuoJia1-01_LR201808216966_20180820204150_HDR_0055_gec.tif,14.850475,50.883656,19.845574,53.568985,17.410727,52.237009,2018-8-20T20:41:37.4893
LuoJia1-01_LR201808216966_20180820204155_HDR_0056,local\LULO4\LuoJia1-01_LR201808216966_20180820204155_HDR_0056_meta.xml,local\LULO4\LuoJia1-01_LR201808216966_20180820204155_HDR_0056_gec.tif,hf://buckets/cbernegger/LULO4/LuoJia1-01_LR201808216966_20180820204155_HDR_0056_meta.xml,hf://buckets/cbernegger/LULO4/LuoJia1-01_LR201808216966_20180820204155_HDR_0056_gec.tif,14.692814,51.177576,19.728402,53.867049,17.273927,52.533362,2018-8-20T20:41:42.4942
LuoJia1-01_LR201808216966_20180820204200_HDR_0057,local\LULO4\LuoJia1-01_LR201808216966_20180820204200_HDR_0057_meta.xml,local\LULO4\LuoJia1-01_LR201808216966_20180820204200_HDR_0057_gec.tif,hf://buckets/cbernegger/LULO4/LuoJia1-01_LR201808216966_20180820204200_HDR_0057_meta.xml,hf://buckets/cbernegger/LULO4/LuoJia1-01_LR201808216966_20180820204200_HDR_0057_gec.tif,14.532277,51.473169,19.60822,54.163885,17.134015,52.82998,2018-8-20T20:41:47.4991
LuoJia1-01_LR201808216966_20180820204205_HDR_0058,local\LULO4\LuoJia1-01_LR201808216966_20180820204205_HDR_0058_meta.xml,local\LULO4\LuoJia1-01_LR201808216966_20180820204205_HDR_0058_gec.tif,hf://buckets/cbernegger/LULO4/LuoJia1-01_LR201808216966_20180820204205_HDR_0058_meta.xml,hf://buckets/cbernegger/LULO4/LuoJia1-01_LR201808216966_20180820204205_HDR_0058_gec.tif,14.369677,51.768486,19.485113,54.461491,16.991916,53.12694,2018-8-20T20:41:52.5040
LuoJia1-01_LR201808225477_20180821125244_HDR_0000,local\LULO4\LuoJia1-01_LR201808225477_20180821125244_HDR_0000_meta.xml,local\LULO4\LuoJia1-01_LR201808225477_20180821125244_HDR_0000_gec.tif,hf://buckets/cbernegger/LULO4/LuoJia1-01_LR201808225477_20180821125244_HDR_0000_meta.xml,hf://buckets/cbernegger/LULO4/LuoJia1-01_LR201808225477_20180821125244_HDR_0000_gec.tif,137.949447,32.836812,141.483984,35.400532,139.74405,34.126874,2018-8-21T12:52:32.1827
LuoJia1-01_LR201808225477_20180821125249_HDR_0001,local\LULO4\LuoJia1-01_LR201808225477_20180821125249_HDR_0001_meta.xml,local\LULO4\LuoJia1-01_LR201808225477_20180821125249_HDR_0001_gec.tif,hf://buckets/cbernegger/LULO4/LuoJia1-01_LR201808225477_20180821125249_HDR_0001_meta.xml,hf://buckets/cbernegger/LULO4/LuoJia1-01_LR201808225477_20180821125249_HDR_0001_gec.tif,137.856443,33.143452,141.406648,35.708343,139.659323,34.434053,2018-8-21T12:52:37.1876
LuoJia1-01_LR201808225477_20180821125254_HDR_0002,local\LULO4\LuoJia1-01_LR201808225477_20180821125254_HDR_0002_meta.xml,local\LULO4\LuoJia1-01_LR201808225477_20180821125254_HDR_0002_gec.tif,hf://buckets/cbernegger/LULO4/LuoJia1-01_LR201808225477_20180821125254_HDR_0002_meta.xml,hf://buckets/cbernegger/LULO4/LuoJia1-01_LR201808225477_20180821125254_HDR_0002_gec.tif,137.765826,33.449095,141.328605,36.016412,139.574312,34.741069,2018-8-21T12:52:42.1924
LuoJia1-01_LR201808225477_20180821125259_HDR_0003,local\LULO4\LuoJia1-01_LR201808225477_20180821125259_HDR_0003_meta.xml,local\LULO4\LuoJia1-01_LR201808225477_20180821125259_HDR_0003_gec.tif,hf://buckets/cbernegger/LULO4/LuoJia1-01_LR201808225477_20180821125259_HDR_0003_meta.xml,hf://buckets/cbernegger/LULO4/LuoJia1-01_LR201808225477_20180821125259_HDR_0003_gec.tif,137.67002,33.751347,141.249215,36.323161,139.486021,35.045862,2018-8-21T12:52:47.1973
LuoJia1-01_LR201808225477_20180821125304_HDR_0004,local\LULO4\LuoJia1-01_LR201808225477_20180821125304_HDR_0004_meta.xml,local\LULO4\LuoJia1-01_LR201808225477_20180821125304_HDR_0004_gec.tif,hf://buckets/cbernegger/LULO4/LuoJia1-01_LR201808225477_20180821125304_HDR_0004_meta.xml,hf://buckets/cbernegger/LULO4/LuoJia1-01_LR201808225477_20180821125304_HDR_0004_gec.tif,137.580646,34.05094,141.168357,36.626216,139.40087,35.347139,2018-8-21T12:52:52.2022
LuoJia1-01_LR201808225477_20180821125310_HDR_0005,local\LULO4\LuoJia1-01_LR201808225477_20180821125310_HDR_0005_meta.xml,local\LULO4\LuoJia1-01_LR201808225477_20180821125310_HDR_0005_gec.tif,hf://buckets/cbernegger/LULO4/LuoJia1-01_LR201808225477_20180821125310_HDR_0005_meta.xml,hf://buckets/cbernegger/LULO4/LuoJia1-01_LR201808225477_20180821125310_HDR_0005_gec.tif,137.480642,34.355015,141.09174,36.927426,139.3153,35.6497,2018-8-21T12:52:57.2070
LuoJia1-01_LR201808225477_20180821125314_HDR_0006,local\LULO4\LuoJia1-01_LR201808225477_20180821125314_HDR_0006_meta.xml,local\LULO4\LuoJia1-01_LR201808225477_20180821125314_HDR_0006_gec.tif,hf://buckets/cbernegger/LULO4/LuoJia1-01_LR201808225477_20180821125314_HDR_0006_meta.xml,hf://buckets/cbernegger/LULO4/LuoJia1-01_LR201808225477_20180821125314_HDR_0006_gec.tif,137.381771,34.660886,141.011966,37.232704,139.22759,35.955783,2018-8-21T12:53:2.21192
LuoJia1-01_LR201808225477_20180821125319_HDR_0007,local\LULO4\LuoJia1-01_LR201808225477_20180821125319_HDR_0007_meta.xml,local\LULO4\LuoJia1-01_LR201808225477_20180821125319_HDR_0007_gec.tif,hf://buckets/cbernegger/LULO4/LuoJia1-01_LR201808225477_20180821125319_HDR_0007_meta.xml,hf://buckets/cbernegger/LULO4/LuoJia1-01_LR201808225477_20180821125319_HDR_0007_gec.tif,137.285458,34.967013,140.931138,37.539117,139.139583,36.261617,2018-8-21T12:53:7.21678
LuoJia1-01_LR201808225477_20180821125324_HDR_0008,local\LULO4\LuoJia1-01_LR201808225477_20180821125324_HDR_0008_meta.xml,local\LULO4\LuoJia1-01_LR201808225477_20180821125324_HDR_0008_gec.tif,hf://buckets/cbernegger/LULO4/LuoJia1-01_LR201808225477_20180821125324_HDR_0008_meta.xml,hf://buckets/cbernegger/LULO4/LuoJia1-01_LR201808225477_20180821125324_HDR_0008_gec.tif,137.18827,35.274692,140.850665,37.845303,139.051294,36.56753,2018-8-21T12:53:12.2216
LuoJia1-01_LR201808225477_20180821125330_HDR_0009,local\LULO4\LuoJia1-01_LR201808225477_20180821125330_HDR_0009_meta.xml,local\LULO4\LuoJia1-01_LR201808225477_20180821125330_HDR_0009_gec.tif,hf://buckets/cbernegger/LULO4/LuoJia1-01_LR201808225477_20180821125330_HDR_0009_meta.xml,hf://buckets/cbernegger/LULO4/LuoJia1-01_LR201808225477_20180821125330_HDR_0009_gec.tif,137.092316,35.578483,140.76985,38.15296,138.96352,36.873973,2018-8-21T12:53:17.2265
LuoJia1-01_LR201808225477_20180821125335_HDR_0010,local\LULO4\LuoJia1-01_LR201808225477_20180821125335_HDR_0010_meta.xml,local\LULO4\LuoJia1-01_LR201808225477_20180821125335_HDR_0010_gec.tif,hf://buckets/cbernegger/LULO4/LuoJia1-01_LR201808225477_20180821125335_HDR_0010_meta.xml,hf://buckets/cbernegger/LULO4/LuoJia1-01_LR201808225477_20180821125335_HDR_0010_gec.tif,136.996746,35.885654,140.690058,38.460256,138.876541,37.179877,2018-8-21T12:53:22.2313
LuoJia1-01_LR201808225477_20180821125339_HDR_0011,local\LULO4\LuoJia1-01_LR201808225477_20180821125339_HDR_0011_meta.xml,local\LULO4\LuoJia1-01_LR201808225477_20180821125339_HDR_0011_gec.tif,hf://buckets/cbernegger/LULO4/LuoJia1-01_LR201808225477_20180821125339_HDR_0011_meta.xml,hf://buckets/cbernegger/LULO4/LuoJia1-01_LR201808225477_20180821125339_HDR_0011_gec.tif,136.897299,36.188089,140.611209,38.767112,138.787207,37.484211,2018-8-21T12:53:27.2362
LuoJia1-01_LR201808225477_20180821125345_HDR_0012,local\LULO4\LuoJia1-01_LR201808225477_20180821125345_HDR_0012_meta.xml,local\LULO4\LuoJia1-01_LR201808225477_20180821125345_HDR_0012_gec.tif,hf://buckets/cbernegger/LULO4/LuoJia1-01_LR201808225477_20180821125345_HDR_0012_meta.xml,hf://buckets/cbernegger/LULO4/LuoJia1-01_LR201808225477_20180821125345_HDR_0012_gec.tif,136.794946,36.493105,140.526812,39.071927,138.694959,37.788021,2018-8-21T12:53:32.2411
LuoJia1-01_LR201808225477_20180821125350_HDR_0013,local\LULO4\LuoJia1-01_LR201808225477_20180821125350_HDR_0013_meta.xml,local\LULO4\LuoJia1-01_LR201808225477_20180821125350_HDR_0013_gec.tif,hf://buckets/cbernegger/LULO4/LuoJia1-01_LR201808225477_20180821125350_HDR_0013_meta.xml,hf://buckets/cbernegger/LULO4/LuoJia1-01_LR201808225477_20180821125350_HDR_0013_gec.tif,136.694008,36.79238,140.441886,39.375948,138.602261,38.091802,2018-8-21T12:53:37.2449
LuoJia1-01_LR201808225477_20180821125355_HDR_0014,local\LULO4\LuoJia1-01_LR201808225477_20180821125355_HDR_0014_meta.xml,local\LULO4\LuoJia1-01_LR201808225477_20180821125355_HDR_0014_gec.tif,hf://buckets/cbernegger/LULO4/LuoJia1-01_LR201808225477_20180821125355_HDR_0014_meta.xml,hf://buckets/cbernegger/LULO4/LuoJia1-01_LR201808225477_20180821125355_HDR_0014_gec.tif,136.59193,37.094219,140.358285,39.680569,138.509929,38.396196,2018-8-21T12:53:42.2508
LuoJia1-01_LR201808225477_20180821125400_HDR_0015,local\LULO4\LuoJia1-01_LR201808225477_20180821125400_HDR_0015_meta.xml,local\LULO4\LuoJia1-01_LR201808225477_20180821125400_HDR_0015_gec.tif,hf://buckets/cbernegger/LULO4/LuoJia1-01_LR201808225477_20180821125400_HDR_0015_meta.xml,hf://buckets/cbernegger/LULO4/LuoJia1-01_LR201808225477_20180821125400_HDR_0015_gec.tif,136.488283,37.395266,140.271794,39.985863,138.416513,38.699439,2018-8-21T12:53:47.2557
LuoJia1-01_LR201808225477_20180821125405_HDR_0016,local\LULO4\LuoJia1-01_LR201808225477_20180821125405_HDR_0016_meta.xml,local\LULO4\LuoJia1-01_LR201808225477_20180821125405_HDR_0016_gec.tif,hf://buckets/cbernegger/LULO4/LuoJia1-01_LR201808225477_20180821125405_HDR_0016_meta.xml,hf://buckets/cbernegger/LULO4/LuoJia1-01_LR201808225477_20180821125405_HDR_0016_gec.tif,136.38449,37.696925,140.188727,40.288921,138.322182,39.001863,2018-8-21T12:53:52.2605
LuoJia1-01_LR201808225477_20180821125410_HDR_0017,local\LULO4\LuoJia1-01_LR201808225477_20180821125410_HDR_0017_meta.xml,local\LULO4\LuoJia1-01_LR201808225477_20180821125410_HDR_0017_gec.tif,hf://buckets/cbernegger/LULO4/LuoJia1-01_LR201808225477_20180821125410_HDR_0017_meta.xml,hf://buckets/cbernegger/LULO4/LuoJia1-01_LR201808225477_20180821125410_HDR_0017_gec.tif,136.282367,37.999924,140.102875,40.592131,138.228465,39.30505,2018-8-21T12:53:57.2654
LuoJia1-01_LR201808225477_20180821125415_HDR_0018,local\LULO4\LuoJia1-01_LR201808225477_20180821125415_HDR_0018_meta.xml,local\LULO4\LuoJia1-01_LR201808225477_20180821125415_HDR_0018_gec.tif,hf://buckets/cbernegger/LULO4/LuoJia1-01_LR201808225477_20180821125415_HDR_0018_meta.xml,hf://buckets/cbernegger/LULO4/LuoJia1-01_LR201808225477_20180821125415_HDR_0018_gec.tif,136.183037,38.302914,140.016196,40.896339,138.137027,39.608745,2018-8-21T12:54:2.27030
LuoJia1-01_LR201808225477_20180821125420_HDR_0019,local\LULO4\LuoJia1-01_LR201808225477_20180821125420_HDR_0019_meta.xml,local\LULO4\LuoJia1-01_LR201808225477_20180821125420_HDR_0019_gec.tif,hf://buckets/cbernegger/LULO4/LuoJia1-01_LR201808225477_20180821125420_HDR_0019_meta.xml,hf://buckets/cbernegger/LULO4/LuoJia1-01_LR201808225477_20180821125420_HDR_0019_gec.tif,136.083431,38.604018,139.938178,41.200641,138.047018,39.911526,2018-8-21T12:54:7.27517
LuoJia1-01_LR201808225477_20180821125425_HDR_0020,local\LULO4\LuoJia1-01_LR201808225477_20180821125425_HDR_0020_meta.xml,local\LULO4\LuoJia1-01_LR201808225477_20180821125425_HDR_0020_gec.tif,hf://buckets/cbernegger/LULO4/LuoJia1-01_LR201808225477_20180821125425_HDR_0020_meta.xml,hf://buckets/cbernegger/LULO4/LuoJia1-01_LR201808225477_20180821125425_HDR_0020_gec.tif,135.978737,38.903606,139.857543,41.50342,137.954212,40.212787,2018-8-21T12:54:12.2800
LuoJia1-01_LR201808225477_20180821125430_HDR_0021,local\LULO4\LuoJia1-01_LR201808225477_20180821125430_HDR_0021_meta.xml,local\LULO4\LuoJia1-01_LR201808225477_20180821125430_HDR_0021_gec.tif,hf://buckets/cbernegger/LULO4/LuoJia1-01_LR201808225477_20180821125430_HDR_0021_meta.xml,hf://buckets/cbernegger/LULO4/LuoJia1-01_LR201808225477_20180821125430_HDR_0021_gec.tif,135.872399,39.203126,139.771747,41.80458,137.858225,40.513344,2018-8-21T12:54:17.2849
LuoJia1-01_LR201808225477_20180821125435_HDR_0022,local\LULO4\LuoJia1-01_LR201808225477_20180821125435_HDR_0022_meta.xml,local\LULO4\LuoJia1-01_LR201808225477_20180821125435_HDR_0022_gec.tif,hf://buckets/cbernegger/LULO4/LuoJia1-01_LR201808225477_20180821125435_HDR_0022_meta.xml,hf://buckets/cbernegger/LULO4/LuoJia1-01_LR201808225477_20180821125435_HDR_0022_gec.tif,135.767319,39.503458,139.684372,42.105513,137.762431,40.814139,2018-8-21T12:54:22.2897
LuoJia1-01_LR201808225477_20180821125440_HDR_0023,local\LULO4\LuoJia1-01_LR201808225477_20180821125440_HDR_0023_meta.xml,local\LULO4\LuoJia1-01_LR201808225477_20180821125440_HDR_0023_gec.tif,hf://buckets/cbernegger/LULO4/LuoJia1-01_LR201808225477_20180821125440_HDR_0023_meta.xml,hf://buckets/cbernegger/LULO4/LuoJia1-01_LR201808225477_20180821125440_HDR_0023_gec.tif,135.659335,39.806303,139.598602,42.407284,137.666139,41.116633,2018-8-21T12:54:27.2946
LuoJia1-01_LR201808225477_20180821125445_HDR_0024,local\LULO4\LuoJia1-01_LR201808225477_20180821125445_HDR_0024_meta.xml,local\LULO4\LuoJia1-01_LR201808225477_20180821125445_HDR_0024_gec.tif,hf://buckets/cbernegger/LULO4/LuoJia1-01_LR201808225477_20180821125445_HDR_0024_meta.xml,hf://buckets/cbernegger/LULO4/LuoJia1-01_LR201808225477_20180821125445_HDR_0024_gec.tif,135.545806,40.110415,139.510663,42.711744,137.566078,41.421228,2018-8-21T12:54:32.2995
LuoJia1-01_LR201808225477_20180821125450_HDR_0025,local\LULO4\LuoJia1-01_LR201808225477_20180821125450_HDR_0025_meta.xml,local\LULO4\LuoJia1-01_LR201808225477_20180821125450_HDR_0025_gec.tif,hf://buckets/cbernegger/LULO4/LuoJia1-01_LR201808225477_20180821125450_HDR_0025_meta.xml,hf://buckets/cbernegger/LULO4/LuoJia1-01_LR201808225477_20180821125450_HDR_0025_gec.tif,135.43266,40.413108,139.418395,43.018012,137.463996,41.725784,2018-8-21T12:54:37.3043
LuoJia1-01_LR201808225477_20180821125455_HDR_0026,local\LULO4\LuoJia1-01_LR201808225477_20180821125455_HDR_0026_meta.xml,local\LULO4\LuoJia1-01_LR201808225477_20180821125455_HDR_0026_gec.tif,hf://buckets/cbernegger/LULO4/LuoJia1-01_LR201808225477_20180821125455_HDR_0026_meta.xml,hf://buckets/cbernegger/LULO4/LuoJia1-01_LR201808225477_20180821125455_HDR_0026_gec.tif,135.324149,40.716035,139.327053,43.323132,137.364791,42.029602,2018-8-21T12:54:42.3092
LuoJia1-01_LR201808225477_20180821125500_HDR_0027,local\LULO4\LuoJia1-01_LR201808225477_20180821125500_HDR_0027_meta.xml,local\LULO4\LuoJia1-01_LR201808225477_20180821125500_HDR_0027_gec.tif,hf://buckets/cbernegger/LULO4/LuoJia1-01_LR201808225477_20180821125500_HDR_0027_meta.xml,hf://buckets/cbernegger/LULO4/LuoJia1-01_LR201808225477_20180821125500_HDR_0027_gec.tif,135.211561,41.020181,139.239839,43.627935,137.265119,42.334106,2018-8-21T12:54:47.3141
LuoJia1-01_LR201808225477_20180821125505_HDR_0028,local\LULO4\LuoJia1-01_LR201808225477_20180821125505_HDR_0028_meta.xml,local\LULO4\LuoJia1-01_LR201808225477_20180821125505_HDR_0028_gec.tif,hf://buckets/cbernegger/LULO4/LuoJia1-01_LR201808225477_20180821125505_HDR_0028_meta.xml,hf://buckets/cbernegger/LULO4/LuoJia1-01_LR201808225477_20180821125505_HDR_0028_gec.tif,135.10041,41.322299,139.148588,43.933647,137.163977,42.637959,2018-8-21T12:54:52.3190
LuoJia1-01_LR201808225477_20180821125510_HDR_0029,local\LULO4\LuoJia1-01_LR201808225477_20180821125510_HDR_0029_meta.xml,local\LULO4\LuoJia1-01_LR201808225477_20180821125510_HDR_0029_gec.tif,hf://buckets/cbernegger/LULO4/LuoJia1-01_LR201808225477_20180821125510_HDR_0029_meta.xml,hf://buckets/cbernegger/LULO4/LuoJia1-01_LR201808225477_20180821125510_HDR_0029_gec.tif,134.988704,41.624334,139.058014,44.237348,137.063232,42.940674,2018-8-21T12:54:57.3238
LuoJia1-01_LR201808225477_20180821125515_HDR_0030,local\LULO4\LuoJia1-01_LR201808225477_20180821125515_HDR_0030_meta.xml,local\LULO4\LuoJia1-01_LR201808225477_20180821125515_HDR_0030_gec.tif,hf://buckets/cbernegger/LULO4/LuoJia1-01_LR201808225477_20180821125515_HDR_0030_meta.xml,hf://buckets/cbernegger/LULO4/LuoJia1-01_LR201808225477_20180821125515_HDR_0030_gec.tif,134.881587,41.92988,138.968379,44.540983,136.964707,43.245352,2018-8-21T12:55:2.32876
LuoJia1-01_LR201808225477_20180821125520_HDR_0031,local\LULO4\LuoJia1-01_LR201808225477_20180821125520_HDR_0031_meta.xml,local\LULO4\LuoJia1-01_LR201808225477_20180821125520_HDR_0031_gec.tif,hf://buckets/cbernegger/LULO4/LuoJia1-01_LR201808225477_20180821125520_HDR_0031_meta.xml,hf://buckets/cbernegger/LULO4/LuoJia1-01_LR201808225477_20180821125520_HDR_0031_gec.tif,134.770616,42.23387,138.882064,44.848213,136.865929,43.550783,2018-8-21T12:55:7.33363
LuoJia1-01_LR201808225477_20180821125525_HDR_0032,local\LULO4\LuoJia1-01_LR201808225477_20180821125525_HDR_0032_meta.xml,local\LULO4\LuoJia1-01_LR201808225477_20180821125525_HDR_0032_gec.tif,hf://buckets/cbernegger/LULO4/LuoJia1-01_LR201808225477_20180821125525_HDR_0032_meta.xml,hf://buckets/cbernegger/LULO4/LuoJia1-01_LR201808225477_20180821125525_HDR_0032_gec.tif,134.651497,42.534809,138.792659,45.153876,136.762587,43.853991,2018-8-21T12:55:12.3385
LuoJia1-01_LR201808225477_20180821125530_HDR_0033,local\LULO4\LuoJia1-01_LR201808225477_20180821125530_HDR_0033_meta.xml,local\LULO4\LuoJia1-01_LR201808225477_20180821125530_HDR_0033_gec.tif,hf://buckets/cbernegger/LULO4/LuoJia1-01_LR201808225477_20180821125530_HDR_0033_meta.xml,hf://buckets/cbernegger/LULO4/LuoJia1-01_LR201808225477_20180821125530_HDR_0033_gec.tif,134.529574,42.835967,138.697736,45.456719,136.654752,44.156076,2018-8-21T12:55:17.3433
LuoJia1-01_LR201808225477_20180821125535_HDR_0034,local\LULO4\LuoJia1-01_LR201808225477_20180821125535_HDR_0034_meta.xml,local\LULO4\LuoJia1-01_LR201808225477_20180821125535_HDR_0034_gec.tif,hf://buckets/cbernegger/LULO4/LuoJia1-01_LR201808225477_20180821125535_HDR_0034_meta.xml,hf://buckets/cbernegger/LULO4/LuoJia1-01_LR201808225477_20180821125535_HDR_0034_gec.tif,134.409298,43.138296,138.599701,45.759651,136.546972,44.458986,2018-8-21T12:55:22.3482
LuoJia1-01_LR201808225477_20180821125540_HDR_0035,local\LULO4\LuoJia1-01_LR201808225477_20180821125540_HDR_0035_meta.xml,local\LULO4\LuoJia1-01_LR201808225477_20180821125540_HDR_0035_gec.tif,hf://buckets/cbernegger/LULO4/LuoJia1-01_LR201808225477_20180821125540_HDR_0035_meta.xml,hf://buckets/cbernegger/LULO4/LuoJia1-01_LR201808225477_20180821125540_HDR_0035_gec.tif,134.290238,43.439121,138.504503,46.06284,136.44065,44.761486,2018-8-21T12:55:27.3531
LuoJia1-01_LR201808225477_20180821125545_HDR_0036,local\LULO4\LuoJia1-01_LR201808225477_20180821125545_HDR_0036_meta.xml,local\LULO4\LuoJia1-01_LR201808225477_20180821125545_HDR_0036_gec.tif,hf://buckets/cbernegger/LULO4/LuoJia1-01_LR201808225477_20180821125545_HDR_0036_meta.xml,hf://buckets/cbernegger/LULO4/LuoJia1-01_LR201808225477_20180821125545_HDR_0036_gec.tif,134.166177,43.741682,138.410081,46.365218,136.332569,45.064236,2018-8-21T12:55:32.3580
LuoJia1-01_LR201808225477_20180821125550_HDR_0037,local\LULO4\LuoJia1-01_LR201808225477_20180821125550_HDR_0037_meta.xml,local\LULO4\LuoJia1-01_LR201808225477_20180821125550_HDR_0037_gec.tif,hf://buckets/cbernegger/LULO4/LuoJia1-01_LR201808225477_20180821125550_HDR_0037_meta.xml,hf://buckets/cbernegger/LULO4/LuoJia1-01_LR201808225477_20180821125550_HDR_0037_gec.tif,134.040821,44.044466,138.311881,46.669106,136.221627,45.367107,2018-8-21T12:55:37.3628
LuoJia1-01_LR201808225477_20180821125555_HDR_0038,local\LULO4\LuoJia1-01_LR201808225477_20180821125555_HDR_0038_meta.xml,local\LULO4\LuoJia1-01_LR201808225477_20180821125555_HDR_0038_gec.tif,hf://buckets/cbernegger/LULO4/LuoJia1-01_LR201808225477_20180821125555_HDR_0038_meta.xml,hf://buckets/cbernegger/LULO4/LuoJia1-01_LR201808225477_20180821125555_HDR_0038_gec.tif,133.915266,44.345215,138.212255,46.973171,136.109706,45.669706,2018-8-21T12:55:42.3677
LuoJia1-01_LR201808225477_20180821125600_HDR_0039,local\LULO4\LuoJia1-01_LR201808225477_20180821125600_HDR_0039_meta.xml,local\LULO4\LuoJia1-01_LR201808225477_20180821125600_HDR_0039_gec.tif,hf://buckets/cbernegger/LULO4/LuoJia1-01_LR201808225477_20180821125600_HDR_0039_meta.xml,hf://buckets/cbernegger/LULO4/LuoJia1-01_LR201808225477_20180821125600_HDR_0039_gec.tif,133.794108,44.645858,138.113357,47.276257,135.999863,45.972231,2018-8-21T12:55:47.3726
LuoJia1-01_LR201808225477_20180821125605_HDR_0040,local\LULO4\LuoJia1-01_LR201808225477_20180821125605_HDR_0040_meta.xml,local\LULO4\LuoJia1-01_LR201808225477_20180821125605_HDR_0040_gec.tif,hf://buckets/cbernegger/LULO4/LuoJia1-01_LR201808225477_20180821125605_HDR_0040_meta.xml,hf://buckets/cbernegger/LULO4/LuoJia1-01_LR201808225477_20180821125605_HDR_0040_gec.tif,133.672118,44.947076,138.018017,47.579343,135.892125,46.274006,2018-8-21T12:55:52.3775
LuoJia1-01_LR201808225477_20180821125610_HDR_0041,local\LULO4\LuoJia1-01_LR201808225477_20180821125610_HDR_0041_meta.xml,local\LULO4\LuoJia1-01_LR201808225477_20180821125610_HDR_0041_gec.tif,hf://buckets/cbernegger/LULO4/LuoJia1-01_LR201808225477_20180821125610_HDR_0041_meta.xml,hf://buckets/cbernegger/LULO4/LuoJia1-01_LR201808225477_20180821125610_HDR_0041_gec.tif,133.546252,45.249496,137.923216,47.883253,135.781649,46.576633,2018-8-21T12:55:57.3824
LuoJia1-01_LR201808225477_20180821125615_HDR_0042,local\LULO4\LuoJia1-01_LR201808225477_20180821125615_HDR_0042_meta.xml,local\LULO4\LuoJia1-01_LR201808225477_20180821125615_HDR_0042_gec.tif,hf://buckets/cbernegger/LULO4/LuoJia1-01_LR201808225477_20180821125615_HDR_0042_meta.xml,hf://buckets/cbernegger/LULO4/LuoJia1-01_LR201808225477_20180821125615_HDR_0042_gec.tif,133.418745,45.550615,137.823263,48.188179,135.66902,46.879804,2018-8-21T12:56:2.38728
LuoJia1-01_LR201808225477_20180821125620_HDR_0043,local\LULO4\LuoJia1-01_LR201808225477_20180821125620_HDR_0043_meta.xml,local\LULO4\LuoJia1-01_LR201808225477_20180821125620_HDR_0043_gec.tif,hf://buckets/cbernegger/LULO4/LuoJia1-01_LR201808225477_20180821125620_HDR_0043_meta.xml,hf://buckets/cbernegger/LULO4/LuoJia1-01_LR201808225477_20180821125620_HDR_0043_gec.tif,133.285775,45.849663,137.721178,48.490729,135.552773,47.181105,2018-8-21T12:56:7.39216
LuoJia1-01_LR201808225477_20180821125625_HDR_0044,local\LULO4\LuoJia1-01_LR201808225477_20180821125625_HDR_0044_meta.xml,local\LULO4\LuoJia1-01_LR201808225477_20180821125625_HDR_0044_gec.tif,hf://buckets/cbernegger/LULO4/LuoJia1-01_LR201808225477_20180821125625_HDR_0044_meta.xml,hf://buckets/cbernegger/LULO4/LuoJia1-01_LR201808225477_20180821125625_HDR_0044_gec.tif,133.151218,46.148619,137.614235,48.793311,135.433754,47.481275,2018-8-21T12:56:12.3970
LuoJia1-01_LR201808225477_20180821125635_HDR_0046,local\LULO4\LuoJia1-01_LR201808225477_20180821125635_HDR_0046_meta.xml,local\LULO4\LuoJia1-01_LR201808225477_20180821125635_HDR_0046_gec.tif,hf://buckets/cbernegger/LULO4/LuoJia1-01_LR201808225477_20180821125635_HDR_0046_meta.xml,hf://buckets/cbernegger/LULO4/LuoJia1-01_LR201808225477_20180821125635_HDR_0046_gec.tif,132.883977,46.750701,137.403293,49.398411,135.195835,48.085399,2018-8-21T12:56:22.4067
LuoJia1-01_LR201808225477_20180821125640_HDR_0047,local\LULO4\LuoJia1-01_LR201808225477_20180821125640_HDR_0047_meta.xml,local\LULO4\LuoJia1-01_LR201808225477_20180821125640_HDR_0047_gec.tif,hf://buckets/cbernegger/LULO4/LuoJia1-01_LR201808225477_20180821125640_HDR_0047_meta.xml,hf://buckets/cbernegger/LULO4/LuoJia1-01_LR201808225477_20180821125640_HDR_0047_gec.tif,132.751689,47.050284,137.299586,49.702306,135.077915,48.386907,2018-8-21T12:56:27.4116
LuoJia1-01_LR201808225477_20180821125645_HDR_0048,local\LULO4\LuoJia1-01_LR201808225477_20180821125645_HDR_0048_meta.xml,local\LULO4\LuoJia1-01_LR201808225477_20180821125645_HDR_0048_gec.tif,hf://buckets/cbernegger/LULO4/LuoJia1-01_LR201808225477_20180821125645_HDR_0048_meta.xml,hf://buckets/cbernegger/LULO4/LuoJia1-01_LR201808225477_20180821125645_HDR_0048_gec.tif,132.61493,47.349465,137.19561,50.00398,134.958487,48.687599,2018-8-21T12:56:32.4165
LuoJia1-01_LR201808225477_20180821125650_HDR_0049,local\LULO4\LuoJia1-01_LR201808225477_20180821125650_HDR_0049_meta.xml,local\LULO4\LuoJia1-01_LR201808225477_20180821125650_HDR_0049_gec.tif,hf://buckets/cbernegger/LULO4/LuoJia1-01_LR201808225477_20180821125650_HDR_0049_meta.xml,hf://buckets/cbernegger/LULO4/LuoJia1-01_LR201808225477_20180821125650_HDR_0049_gec.tif,132.472946,47.647728,137.089372,50.303762,134.835037,48.987715,2018-8-21T12:56:37.4214
LuoJia1-01_LR201808225477_20180821125655_HDR_0050,local\LULO4\LuoJia1-01_LR201808225477_20180821125655_HDR_0050_meta.xml,local\LULO4\LuoJia1-01_LR201808225477_20180821125655_HDR_0050_gec.tif,hf://buckets/cbernegger/LULO4/LuoJia1-01_LR201808225477_20180821125655_HDR_0050_meta.xml,hf://buckets/cbernegger/LULO4/LuoJia1-01_LR201808225477_20180821125655_HDR_0050_gec.tif,132.335945,47.947257,136.981187,50.605558,134.711717,49.288133,2018-8-21T12:56:42.4263
LuoJia1-01_LR201808225477_20180821125700_HDR_0051,local\LULO4\LuoJia1-01_LR201808225477_20180821125700_HDR_0051_meta.xml,local\LULO4\LuoJia1-01_LR201808225477_20180821125700_HDR_0051_gec.tif,hf://buckets/cbernegger/LULO4/LuoJia1-01_LR201808225477_20180821125700_HDR_0051_meta.xml,hf://buckets/cbernegger/LULO4/LuoJia1-01_LR201808225477_20180821125700_HDR_0051_gec.tif,132.204824,48.245967,136.87463,50.90791,134.593542,49.588295,2018-8-21T12:56:47.4312
LuoJia1-01_LR201808225477_20180821125705_HDR_0052,local\LULO4\LuoJia1-01_LR201808225477_20180821125705_HDR_0052_meta.xml,local\LULO4\LuoJia1-01_LR201808225477_20180821125705_HDR_0052_gec.tif,hf://buckets/cbernegger/LULO4/LuoJia1-01_LR201808225477_20180821125705_HDR_0052_meta.xml,hf://buckets/cbernegger/LULO4/LuoJia1-01_LR201808225477_20180821125705_HDR_0052_gec.tif,132.062723,48.54573,136.775333,51.208174,134.473288,49.88879,2018-8-21T12:56:52.4360
LuoJia1-01_LR201808225477_20180821125710_HDR_0053,local\LULO4\LuoJia1-01_LR201808225477_20180821125710_HDR_0053_meta.xml,local\LULO4\LuoJia1-01_LR201808225477_20180821125710_HDR_0053_gec.tif,hf://buckets/cbernegger/LULO4/LuoJia1-01_LR201808225477_20180821125710_HDR_0053_meta.xml,hf://buckets/cbernegger/LULO4/LuoJia1-01_LR201808225477_20180821125710_HDR_0053_gec.tif,131.915083,48.845222,136.667112,51.51063,134.346122,50.189617,2018-8-21T12:56:57.4409
LuoJia1-01_LR201808225477_20180821125715_HDR_0054,local\LULO4\LuoJia1-01_LR201808225477_20180821125715_HDR_0054_meta.xml,local\LULO4\LuoJia1-01_LR201808225477_20180821125715_HDR_0054_gec.tif,hf://buckets/cbernegger/LULO4/LuoJia1-01_LR201808225477_20180821125715_HDR_0054_meta.xml,hf://buckets/cbernegger/LULO4/LuoJia1-01_LR201808225477_20180821125715_HDR_0054_gec.tif,131.761504,49.147042,136.552159,51.810507,134.21242,50.491437,2018-8-21T12:57:2.44584
LuoJia1-01_LR201808225477_20180821125720_HDR_0055,local\LULO4\LuoJia1-01_LR201808225477_20180821125720_HDR_0055_meta.xml,local\LULO4\LuoJia1-01_LR201808225477_20180821125720_HDR_0055_gec.tif,hf://buckets/cbernegger/LULO4/LuoJia1-01_LR201808225477_20180821125720_HDR_0055_meta.xml,hf://buckets/cbernegger/LULO4/LuoJia1-01_LR201808225477_20180821125720_HDR_0055_gec.tif,131.613068,49.44843,136.431905,52.115987,134.078182,50.793606,2018-8-21T12:57:7.45072
LuoJia1-01_LR201808225477_20180821125725_HDR_0056,local\LULO4\LuoJia1-01_LR201808225477_20180821125725_HDR_0056_meta.xml,local\LULO4\LuoJia1-01_LR201808225477_20180821125725_HDR_0056_gec.tif,hf://buckets/cbernegger/LULO4/LuoJia1-01_LR201808225477_20180821125725_HDR_0056_meta.xml,hf://buckets/cbernegger/LULO4/LuoJia1-01_LR201808225477_20180821125725_HDR_0056_gec.tif,131.46398,49.747847,136.314869,52.418737,133.947459,51.094883,2018-8-21T12:57:12.4556
LuoJia1-01_LR201808225477_20180821125730_HDR_0057,local\LULO4\LuoJia1-01_LR201808225477_20180821125730_HDR_0057_meta.xml,local\LULO4\LuoJia1-01_LR201808225477_20180821125730_HDR_0057_gec.tif,hf://buckets/cbernegger/LULO4/LuoJia1-01_LR201808225477_20180821125730_HDR_0057_meta.xml,hf://buckets/cbernegger/LULO4/LuoJia1-01_LR201808225477_20180821125730_HDR_0057_gec.tif,131.311648,50.046143,136.199938,52.720768,133.816533,51.395165,2018-8-21T12:57:17.4604
LuoJia1-01_LR201808225477_20180821125735_HDR_0058,local\LULO4\LuoJia1-01_LR201808225477_20180821125735_HDR_0058_meta.xml,local\LULO4\LuoJia1-01_LR201808225477_20180821125735_HDR_0058_gec.tif,hf://buckets/cbernegger/LULO4/LuoJia1-01_LR201808225477_20180821125735_HDR_0058_meta.xml,hf://buckets/cbernegger/LULO4/LuoJia1-01_LR201808225477_20180821125735_HDR_0058_gec.tif,131.160337,50.345166,136.087356,53.02071,133.684741,51.695228,2018-8-21T12:57:22.4653
LuoJia1-01_LR201808227516_20180821142734_HDR_0000,local\LULO4\LuoJia1-01_LR201808227516_20180821142734_HDR_0000_meta.xml,local\LULO4\LuoJia1-01_LR201808227516_20180821142734_HDR_0000_gec.tif,hf://buckets/cbernegger/LULO4/LuoJia1-01_LR201808227516_20180821142734_HDR_0000_meta.xml,hf://buckets/cbernegger/LULO4/LuoJia1-01_LR201808227516_20180821142734_HDR_0000_gec.tif,116.320997,22.739968,119.493263,25.284156,117.926156,24.018731,2018-8-21T14:27:22.1878
LuoJia1-01_LR201808227516_20180821142739_HDR_0001,local\LULO4\LuoJia1-01_LR201808227516_20180821142739_HDR_0001_meta.xml,local\LULO4\LuoJia1-01_LR201808227516_20180821142739_HDR_0001_gec.tif,hf://buckets/cbernegger/LULO4/LuoJia1-01_LR201808227516_20180821142739_HDR_0001_meta.xml,hf://buckets/cbernegger/LULO4/LuoJia1-01_LR201808227516_20180821142739_HDR_0001_gec.tif,116.244051,23.045585,119.425526,25.58746,117.853293,24.324579,2018-8-21T14:27:27.1927
LuoJia1-01_LR201808227516_20180821142744_HDR_0002,local\LULO4\LuoJia1-01_LR201808227516_20180821142744_HDR_0002_meta.xml,local\LULO4\LuoJia1-01_LR201808227516_20180821142744_HDR_0002_gec.tif,hf://buckets/cbernegger/LULO4/LuoJia1-01_LR201808227516_20180821142744_HDR_0002_meta.xml,hf://buckets/cbernegger/LULO4/LuoJia1-01_LR201808227516_20180821142744_HDR_0002_gec.tif,116.167398,23.35093,119.357038,25.893725,117.781288,24.630656,2018-8-21T14:27:32.1975
LuoJia1-01_LR201808227516_20180821142750_HDR_0003,local\LULO4\LuoJia1-01_LR201808227516_20180821142750_HDR_0003_meta.xml,local\LULO4\LuoJia1-01_LR201808227516_20180821142750_HDR_0003_gec.tif,hf://buckets/cbernegger/LULO4/LuoJia1-01_LR201808227516_20180821142750_HDR_0003_meta.xml,hf://buckets/cbernegger/LULO4/LuoJia1-01_LR201808227516_20180821142750_HDR_0003_gec.tif,116.087503,23.657963,119.289798,26.201989,117.709215,24.937068,2018-8-21T14:27:37.2024
LuoJia1-01_LR201808227516_20180821142754_HDR_0004,local\LULO4\LuoJia1-01_LR201808227516_20180821142754_HDR_0004_meta.xml,local\LULO4\LuoJia1-01_LR201808227516_20180821142754_HDR_0004_gec.tif,hf://buckets/cbernegger/LULO4/LuoJia1-01_LR201808227516_20180821142754_HDR_0004_meta.xml,hf://buckets/cbernegger/LULO4/LuoJia1-01_LR201808227516_20180821142754_HDR_0004_gec.tif,116.005809,23.968266,119.219498,26.509461,117.63177,25.245732,2018-8-21T14:27:42.2073
LuoJia1-01_LR201808227516_20180821142759_HDR_0005,local\LULO4\LuoJia1-01_LR201808227516_20180821142759_HDR_0005_meta.xml,local\LULO4\LuoJia1-01_LR201808227516_20180821142759_HDR_0005_gec.tif,hf://buckets/cbernegger/LULO4/LuoJia1-01_LR201808227516_20180821142759_HDR_0005_meta.xml,hf://buckets/cbernegger/LULO4/LuoJia1-01_LR201808227516_20180821142759_HDR_0005_gec.tif,115.927493,24.269715,119.146164,26.8168,117.556805,25.551182,2018-8-21T14:27:47.2114
LuoJia1-01_LR201808227516_20180821142819_HDR_0009,local\LULO4\LuoJia1-01_LR201808227516_20180821142819_HDR_0009_meta.xml,local\LULO4\LuoJia1-01_LR201808227516_20180821142819_HDR_0009_gec.tif,hf://buckets/cbernegger/LULO4/LuoJia1-01_LR201808227516_20180821142819_HDR_0009_meta.xml,hf://buckets/cbernegger/LULO4/LuoJia1-01_LR201808227516_20180821142819_HDR_0009_gec.tif,115.606337,25.495766,118.862369,28.041231,117.256636,26.776327,2018-8-21T14:28:7.23161
LuoJia1-01_LR201808227516_20180821142830_HDR_0011,local\LULO4\LuoJia1-01_LR201808227516_20180821142830_HDR_0011_meta.xml,local\LULO4\LuoJia1-01_LR201808227516_20180821142830_HDR_0011_gec.tif,hf://buckets/cbernegger/LULO4/LuoJia1-01_LR201808227516_20180821142830_HDR_0011_meta.xml,hf://buckets/cbernegger/LULO4/LuoJia1-01_LR201808227516_20180821142830_HDR_0011_gec.tif,115.444335,26.107026,118.72228,28.657677,117.106287,27.3894,2018-8-21T14:28:17.2413
LuoJia1-01_LR201808227516_20180821142835_HDR_0012,local\LULO4\LuoJia1-01_LR201808227516_20180821142835_HDR_0012_meta.xml,local\LULO4\LuoJia1-01_LR201808227516_20180821142835_HDR_0012_gec.tif,hf://buckets/cbernegger/LULO4/LuoJia1-01_LR201808227516_20180821142835_HDR_0012_meta.xml,hf://buckets/cbernegger/LULO4/LuoJia1-01_LR201808227516_20180821142835_HDR_0012_gec.tif,115.360731,26.41449,118.650761,28.963977,117.029462,27.697359,2018-8-21T14:28:22.2462
LuoJia1-01_LR201808227516_20180821142840_HDR_0013,local\LULO4\LuoJia1-01_LR201808227516_20180821142840_HDR_0013_meta.xml,local\LULO4\LuoJia1-01_LR201808227516_20180821142840_HDR_0013_gec.tif,hf://buckets/cbernegger/LULO4/LuoJia1-01_LR201808227516_20180821142840_HDR_0013_meta.xml,hf://buckets/cbernegger/LULO4/LuoJia1-01_LR201808227516_20180821142840_HDR_0013_gec.tif,115.277265,26.716997,118.577943,29.273601,116.950182,28.00296,2018-8-21T14:28:27.2510
LuoJia1-01_LR201808227516_20180821142845_HDR_0014,local\LULO4\LuoJia1-01_LR201808227516_20180821142845_HDR_0014_meta.xml,local\LULO4\LuoJia1-01_LR201808227516_20180821142845_HDR_0014_gec.tif,hf://buckets/cbernegger/LULO4/LuoJia1-01_LR201808227516_20180821142845_HDR_0014_meta.xml,hf://buckets/cbernegger/LULO4/LuoJia1-01_LR201808227516_20180821142845_HDR_0014_gec.tif,115.189665,27.019158,118.502538,29.576628,116.869624,28.305236,2018-8-21T14:28:32.2559
LuoJia1-01_LR201808227516_20180821142850_HDR_0015,local\LULO4\LuoJia1-01_LR201808227516_20180821142850_HDR_0015_meta.xml,local\LULO4\LuoJia1-01_LR201808227516_20180821142850_HDR_0015_gec.tif,hf://buckets/cbernegger/LULO4/LuoJia1-01_LR201808227516_20180821142850_HDR_0015_meta.xml,hf://buckets/cbernegger/LULO4/LuoJia1-01_LR201808227516_20180821142850_HDR_0015_gec.tif,115.109573,27.32189,118.428016,29.878927,116.792095,28.608297,2018-8-21T14:28:37.2608
LuoJia1-01_LR201808227516_20180821142855_HDR_0016,local\LULO4\LuoJia1-01_LR201808227516_20180821142855_HDR_0016_meta.xml,local\LULO4\LuoJia1-01_LR201808227516_20180821142855_HDR_0016_gec.tif,hf://buckets/cbernegger/LULO4/LuoJia1-01_LR201808227516_20180821142855_HDR_0016_meta.xml,hf://buckets/cbernegger/LULO4/LuoJia1-01_LR201808227516_20180821142855_HDR_0016_gec.tif,115.026704,27.629307,118.357155,30.18358,116.715929,28.914836,2018-8-21T14:28:42.2656
LuoJia1-01_LR201808227516_20180821142900_HDR_0017,local\LULO4\LuoJia1-01_LR201808227516_20180821142900_HDR_0017_meta.xml,local\LULO4\LuoJia1-01_LR201808227516_20180821142900_HDR_0017_gec.tif,hf://buckets/cbernegger/LULO4/LuoJia1-01_LR201808227516_20180821142900_HDR_0017_meta.xml,hf://buckets/cbernegger/LULO4/LuoJia1-01_LR201808227516_20180821142900_HDR_0017_gec.tif,114.943273,27.936985,118.285543,30.492602,116.638701,29.22298,2018-8-21T14:28:47.2705
LuoJia1-01_LR201808227516_20180821142905_HDR_0018,local\LULO4\LuoJia1-01_LR201808227516_20180821142905_HDR_0018_meta.xml,local\LULO4\LuoJia1-01_LR201808227516_20180821142905_HDR_0018_gec.tif,hf://buckets/cbernegger/LULO4/LuoJia1-01_LR201808227516_20180821142905_HDR_0018_meta.xml,hf://buckets/cbernegger/LULO4/LuoJia1-01_LR201808227516_20180821142905_HDR_0018_gec.tif,114.860138,28.242957,118.213907,30.801818,116.561225,29.530422,2018-8-21T14:28:52.2754
LuoJia1-01_LR201808227516_20180821142910_HDR_0019,local\LULO4\LuoJia1-01_LR201808227516_20180821142910_HDR_0019_meta.xml,local\LULO4\LuoJia1-01_LR201808227516_20180821142910_HDR_0019_gec.tif,hf://buckets/cbernegger/LULO4/LuoJia1-01_LR201808227516_20180821142910_HDR_0019_meta.xml,hf://buckets/cbernegger/LULO4/LuoJia1-01_LR201808227516_20180821142910_HDR_0019_gec.tif,114.779844,28.545419,118.141497,31.108456,116.485972,29.834918,2018-8-21T14:28:57.2802
LuoJia1-01_LR201808227516_20180821142915_HDR_0020,local\LULO4\LuoJia1-01_LR201808227516_20180821142915_HDR_0020_meta.xml,local\LULO4\LuoJia1-01_LR201808227516_20180821142915_HDR_0020_gec.tif,hf://buckets/cbernegger/LULO4/LuoJia1-01_LR201808227516_20180821142915_HDR_0020_meta.xml,hf://buckets/cbernegger/LULO4/LuoJia1-01_LR201808227516_20180821142915_HDR_0020_gec.tif,114.692461,28.847975,118.072804,31.412137,116.407741,30.137974,2018-8-21T14:29:2.28515
LuoJia1-01_LR201808227516_20180821142920_HDR_0021,local\LULO4\LuoJia1-01_LR201808227516_20180821142920_HDR_0021_meta.xml,local\LULO4\LuoJia1-01_LR201808227516_20180821142920_HDR_0021_gec.tif,hf://buckets/cbernegger/LULO4/LuoJia1-01_LR201808227516_20180821142920_HDR_0021_meta.xml,hf://buckets/cbernegger/LULO4/LuoJia1-01_LR201808227516_20180821142920_HDR_0021_gec.tif,114.601494,29.15472,117.997305,31.716085,116.324256,30.442984,2018-8-21T14:29:7.29002
LuoJia1-01_LR201808227516_20180821142925_HDR_0022,local\LULO4\LuoJia1-01_LR201808227516_20180821142925_HDR_0022_meta.xml,local\LULO4\LuoJia1-01_LR201808227516_20180821142925_HDR_0022_gec.tif,hf://buckets/cbernegger/LULO4/LuoJia1-01_LR201808227516_20180821142925_HDR_0022_meta.xml,hf://buckets/cbernegger/LULO4/LuoJia1-01_LR201808227516_20180821142925_HDR_0022_gec.tif,114.515282,29.46229,117.91809,32.02294,116.242121,30.750757,2018-8-21T14:29:12.2948
LuoJia1-01_LR201808227516_20180821142930_HDR_0023,local\LULO4\LuoJia1-01_LR201808227516_20180821142930_HDR_0023_meta.xml,local\LULO4\LuoJia1-01_LR201808227516_20180821142930_HDR_0023_gec.tif,hf://buckets/cbernegger/LULO4/LuoJia1-01_LR201808227516_20180821142930_HDR_0023_meta.xml,hf://buckets/cbernegger/LULO4/LuoJia1-01_LR201808227516_20180821142930_HDR_0023_gec.tif,114.432524,29.766669,117.842714,32.331626,116.164635,31.057235,2018-8-21T14:29:17.2997
LuoJia1-01_LR201808227516_20180821142935_HDR_0024,local\LULO4\LuoJia1-01_LR201808227516_20180821142935_HDR_0024_meta.xml,local\LULO4\LuoJia1-01_LR201808227516_20180821142935_HDR_0024_gec.tif,hf://buckets/cbernegger/LULO4/LuoJia1-01_LR201808227516_20180821142935_HDR_0024_meta.xml,hf://buckets/cbernegger/LULO4/LuoJia1-01_LR201808227516_20180821142935_HDR_0024_gec.tif,114.346971,30.072935,117.771762,32.637696,116.086321,31.36346,2018-8-21T14:29:22.3046
LuoJia1-01_LR201808227516_20180821142940_HDR_0025,local\LULO4\LuoJia1-01_LR201808227516_20180821142940_HDR_0025_meta.xml,local\LULO4\LuoJia1-01_LR201808227516_20180821142940_HDR_0025_gec.tif,hf://buckets/cbernegger/LULO4/LuoJia1-01_LR201808227516_20180821142940_HDR_0025_meta.xml,hf://buckets/cbernegger/LULO4/LuoJia1-01_LR201808227516_20180821142940_HDR_0025_gec.tif,114.261215,30.378966,117.700207,32.945086,116.00721,31.669952,2018-8-21T14:29:27.3095
LuoJia1-01_LR201808227516_20180821142945_HDR_0026,local\LULO4\LuoJia1-01_LR201808227516_20180821142945_HDR_0026_meta.xml,local\LULO4\LuoJia1-01_LR201808227516_20180821142945_HDR_0026_gec.tif,hf://buckets/cbernegger/LULO4/LuoJia1-01_LR201808227516_20180821142945_HDR_0026_meta.xml,hf://buckets/cbernegger/LULO4/LuoJia1-01_LR201808227516_20180821142945_HDR_0026_gec.tif,114.171521,30.68623,117.626964,33.252334,115.925753,31.977416,2018-8-21T14:29:32.3143
LuoJia1-01_LR201808227516_20180821142950_HDR_0027,local\LULO4\LuoJia1-01_LR201808227516_20180821142950_HDR_0027_meta.xml,local\LULO4\LuoJia1-01_LR201808227516_20180821142950_HDR_0027_gec.tif,hf://buckets/cbernegger/LULO4/LuoJia1-01_LR201808227516_20180821142950_HDR_0027_meta.xml,hf://buckets/cbernegger/LULO4/LuoJia1-01_LR201808227516_20180821142950_HDR_0027_gec.tif,114.083772,30.990975,117.550395,33.560898,115.844104,32.283908,2018-8-21T14:29:37.3192
LuoJia1-01_LR201808227516_20180821142955_HDR_0028,local\LULO4\LuoJia1-01_LR201808227516_20180821142955_HDR_0028_meta.xml,local\LULO4\LuoJia1-01_LR201808227516_20180821142955_HDR_0028_gec.tif,hf://buckets/cbernegger/LULO4/LuoJia1-01_LR201808227516_20180821142955_HDR_0028_meta.xml,hf://buckets/cbernegger/LULO4/LuoJia1-01_LR201808227516_20180821142955_HDR_0028_gec.tif,113.995662,31.29524,117.475628,33.866849,115.76291,32.58867,2018-8-21T14:29:42.3241
LuoJia1-01_LR201808227516_20180821143000_HDR_0029,local\LULO4\LuoJia1-01_LR201808227516_20180821143000_HDR_0029_meta.xml,local\LULO4\LuoJia1-01_LR201808227516_20180821143000_HDR_0029_gec.tif,hf://buckets/cbernegger/LULO4/LuoJia1-01_LR201808227516_20180821143000_HDR_0029_meta.xml,hf://buckets/cbernegger/LULO4/LuoJia1-01_LR201808227516_20180821143000_HDR_0029_gec.tif,113.906819,31.601066,117.400662,34.171981,115.68123,32.893895,2018-8-21T14:29:47.3290
LuoJia1-01_LR201808227516_20180821143005_HDR_0030,local\LULO4\LuoJia1-01_LR201808227516_20180821143005_HDR_0030_meta.xml,local\LULO4\LuoJia1-01_LR201808227516_20180821143005_HDR_0030_gec.tif,hf://buckets/cbernegger/LULO4/LuoJia1-01_LR201808227516_20180821143005_HDR_0030_meta.xml,hf://buckets/cbernegger/LULO4/LuoJia1-01_LR201808227516_20180821143005_HDR_0030_gec.tif,113.817957,31.90462,117.324895,34.478232,115.599027,33.199393,2018-8-21T14:29:52.3338
LuoJia1-01_LR201808227516_20180821143010_HDR_0031,local\LULO4\LuoJia1-01_LR201808227516_20180821143010_HDR_0031_meta.xml,local\LULO4\LuoJia1-01_LR201808227516_20180821143010_HDR_0031_gec.tif,hf://buckets/cbernegger/LULO4/LuoJia1-01_LR201808227516_20180821143010_HDR_0031_meta.xml,hf://buckets/cbernegger/LULO4/LuoJia1-01_LR201808227516_20180821143010_HDR_0031_gec.tif,113.729144,32.205886,117.248912,34.78341,115.516918,33.502517,2018-8-21T14:29:57.3387
LuoJia1-01_LR201808227516_20180821143015_HDR_0032,local\LULO4\LuoJia1-01_LR201808227516_20180821143015_HDR_0032_meta.xml,local\LULO4\LuoJia1-01_LR201808227516_20180821143015_HDR_0032_gec.tif,hf://buckets/cbernegger/LULO4/LuoJia1-01_LR201808227516_20180821143015_HDR_0032_meta.xml,hf://buckets/cbernegger/LULO4/LuoJia1-01_LR201808227516_20180821143015_HDR_0032_gec.tif,113.637073,32.509528,117.173232,35.086023,115.433252,33.805938,2018-8-21T14:30:2.34363
LuoJia1-01_LR201808227516_20180821143020_HDR_0033,local\LULO4\LuoJia1-01_LR201808227516_20180821143020_HDR_0033_meta.xml,local\LULO4\LuoJia1-01_LR201808227516_20180821143020_HDR_0033_gec.tif,hf://buckets/cbernegger/LULO4/LuoJia1-01_LR201808227516_20180821143020_HDR_0033_meta.xml,hf://buckets/cbernegger/LULO4/LuoJia1-01_LR201808227516_20180821143020_HDR_0033_gec.tif,113.54473,32.813429,117.095187,35.390846,115.348398,34.110614,2018-8-21T14:30:7.34850
LuoJia1-01_LR201808227516_20180821143025_HDR_0034,local\LULO4\LuoJia1-01_LR201808227516_20180821143025_HDR_0034_meta.xml,local\LULO4\LuoJia1-01_LR201808227516_20180821143025_HDR_0034_gec.tif,hf://buckets/cbernegger/LULO4/LuoJia1-01_LR201808227516_20180821143025_HDR_0034_meta.xml,hf://buckets/cbernegger/LULO4/LuoJia1-01_LR201808227516_20180821143025_HDR_0034_gec.tif,113.453311,33.115485,117.016922,35.695827,115.263855,34.413941,2018-8-21T14:30:12.3533
LuoJia1-01_LR201808227516_20180821143030_HDR_0035,local\LULO4\LuoJia1-01_LR201808227516_20180821143030_HDR_0035_meta.xml,local\LULO4\LuoJia1-01_LR201808227516_20180821143030_HDR_0035_gec.tif,hf://buckets/cbernegger/LULO4/LuoJia1-01_LR201808227516_20180821143030_HDR_0035_meta.xml,hf://buckets/cbernegger/LULO4/LuoJia1-01_LR201808227516_20180821143030_HDR_0035_gec.tif,113.364141,33.419625,116.939065,35.998772,115.178354,34.717701,2018-8-21T14:30:17.3582
LuoJia1-01_LR201808227516_20180821143035_HDR_0036,local\LULO4\LuoJia1-01_LR201808227516_20180821143035_HDR_0036_meta.xml,local\LULO4\LuoJia1-01_LR201808227516_20180821143035_HDR_0036_gec.tif,hf://buckets/cbernegger/LULO4/LuoJia1-01_LR201808227516_20180821143035_HDR_0036_meta.xml,hf://buckets/cbernegger/LULO4/LuoJia1-01_LR201808227516_20180821143035_HDR_0036_gec.tif,113.270941,33.724285,116.859779,36.303855,115.092861,35.022951,2018-8-21T14:30:22.3631
LuoJia1-01_LR201808227516_20180821143040_HDR_0037,local\LULO4\LuoJia1-01_LR201808227516_20180821143040_HDR_0037_meta.xml,local\LULO4\LuoJia1-01_LR201808227516_20180821143040_HDR_0037_gec.tif,hf://buckets/cbernegger/LULO4/LuoJia1-01_LR201808227516_20180821143040_HDR_0037_meta.xml,hf://buckets/cbernegger/LULO4/LuoJia1-01_LR201808227516_20180821143040_HDR_0037_gec.tif,113.177262,34.025932,116.78166,36.609576,115.008059,35.326481,2018-8-21T14:30:27.3680
LuoJia1-01_LR201808227516_20180821143045_HDR_0038,local\LULO4\LuoJia1-01_LR201808227516_20180821143045_HDR_0038_meta.xml,local\LULO4\LuoJia1-01_LR201808227516_20180821143045_HDR_0038_gec.tif,hf://buckets/cbernegger/LULO4/LuoJia1-01_LR201808227516_20180821143045_HDR_0038_meta.xml,hf://buckets/cbernegger/LULO4/LuoJia1-01_LR201808227516_20180821143045_HDR_0038_gec.tif,113.081301,34.329602,116.704072,36.912838,114.921127,35.629893,2018-8-21T14:30:32.3728
LuoJia1-01_LR201808227516_20180821143050_HDR_0039,local\LULO4\LuoJia1-01_LR201808227516_20180821143050_HDR_0039_meta.xml,local\LULO4\LuoJia1-01_LR201808227516_20180821143050_HDR_0039_gec.tif,hf://buckets/cbernegger/LULO4/LuoJia1-01_LR201808227516_20180821143050_HDR_0039_meta.xml,hf://buckets/cbernegger/LULO4/LuoJia1-01_LR201808227516_20180821143050_HDR_0039_gec.tif,112.983736,34.636389,116.623126,37.218074,114.832116,35.936291,2018-8-21T14:30:37.3777
LuoJia1-01_LR201808227516_20180821143055_HDR_0040,local\LULO4\LuoJia1-01_LR201808227516_20180821143055_HDR_0040_meta.xml,local\LULO4\LuoJia1-01_LR201808227516_20180821143055_HDR_0040_gec.tif,hf://buckets/cbernegger/LULO4/LuoJia1-01_LR201808227516_20180821143055_HDR_0040_meta.xml,hf://buckets/cbernegger/LULO4/LuoJia1-01_LR201808227516_20180821143055_HDR_0040_gec.tif,112.888234,34.940671,116.541265,37.52625,114.743863,36.242408,2018-8-21T14:30:42.3825
LuoJia1-01_LR201808227516_20180821143100_HDR_0041,local\LULO4\LuoJia1-01_LR201808227516_20180821143100_HDR_0041_meta.xml,local\LULO4\LuoJia1-01_LR201808227516_20180821143100_HDR_0041_gec.tif,hf://buckets/cbernegger/LULO4/LuoJia1-01_LR201808227516_20180821143100_HDR_0041_meta.xml,hf://buckets/cbernegger/LULO4/LuoJia1-01_LR201808227516_20180821143100_HDR_0041_gec.tif,112.792893,35.244003,116.461637,37.832207,114.657468,36.547001,2018-8-21T14:30:47.3875
LuoJia1-01_LR201808227516_20180821143105_HDR_0042,local\LULO4\LuoJia1-01_LR201808227516_20180821143105_HDR_0042_meta.xml,local\LULO4\LuoJia1-01_LR201808227516_20180821143105_HDR_0042_gec.tif,hf://buckets/cbernegger/LULO4/LuoJia1-01_LR201808227516_20180821143105_HDR_0042_meta.xml,hf://buckets/cbernegger/LULO4/LuoJia1-01_LR201808227516_20180821143105_HDR_0042_gec.tif,112.695427,35.550537,116.383309,38.137188,114.569726,36.851266,2018-8-21T14:30:52.3924
LuoJia1-01_LR201808227516_20180821143110_HDR_0043,local\LULO4\LuoJia1-01_LR201808227516_20180821143110_HDR_0043_meta.xml,local\LULO4\LuoJia1-01_LR201808227516_20180821143110_HDR_0043_gec.tif,hf://buckets/cbernegger/LULO4/LuoJia1-01_LR201808227516_20180821143110_HDR_0043_meta.xml,hf://buckets/cbernegger/LULO4/LuoJia1-01_LR201808227516_20180821143110_HDR_0043_gec.tif,112.594225,35.851816,116.301243,38.441737,114.478063,37.154205,2018-8-21T14:30:57.3972
LuoJia1-01_LR201808227516_20180821143115_HDR_0044,local\LULO4\LuoJia1-01_LR201808227516_20180821143115_HDR_0044_meta.xml,local\LULO4\LuoJia1-01_LR201808227516_20180821143115_HDR_0044_gec.tif,hf://buckets/cbernegger/LULO4/LuoJia1-01_LR201808227516_20180821143115_HDR_0044_meta.xml,hf://buckets/cbernegger/LULO4/LuoJia1-01_LR201808227516_20180821143115_HDR_0044_gec.tif,112.49479,36.152843,116.216556,38.744433,114.385934,37.456109,2018-8-21T14:31:2.40216
LuoJia1-01_LR201808227516_20180821143120_HDR_0045,local\LULO4\LuoJia1-01_LR201808227516_20180821143120_HDR_0045_meta.xml,local\LULO4\LuoJia1-01_LR201808227516_20180821143120_HDR_0045_gec.tif,hf://buckets/cbernegger/LULO4/LuoJia1-01_LR201808227516_20180821143120_HDR_0045_meta.xml,hf://buckets/cbernegger/LULO4/LuoJia1-01_LR201808227516_20180821143120_HDR_0045_gec.tif,112.403366,36.455938,116.133922,39.047048,114.29804,37.759669,2018-8-21T14:31:7.40704
LuoJia1-01_LR201808227516_20180821143125_HDR_0046,local\LULO4\LuoJia1-01_LR201808227516_20180821143125_HDR_0046_meta.xml,local\LULO4\LuoJia1-01_LR201808227516_20180821143125_HDR_0046_gec.tif,hf://buckets/cbernegger/LULO4/LuoJia1-01_LR201808227516_20180821143125_HDR_0046_meta.xml,hf://buckets/cbernegger/LULO4/LuoJia1-01_LR201808227516_20180821143125_HDR_0046_gec.tif,112.301877,36.759269,116.055598,39.352179,114.20934,38.064276,2018-8-21T14:31:12.4119
LuoJia1-01_LR201808227516_20180821143130_HDR_0047,local\LULO4\LuoJia1-01_LR201808227516_20180821143130_HDR_0047_meta.xml,local\LULO4\LuoJia1-01_LR201808227516_20180821143130_HDR_0047_gec.tif,hf://buckets/cbernegger/LULO4/LuoJia1-01_LR201808227516_20180821143130_HDR_0047_meta.xml,hf://buckets/cbernegger/LULO4/LuoJia1-01_LR201808227516_20180821143130_HDR_0047_gec.tif,112.204158,37.060181,115.973691,39.655553,114.119671,38.366375,2018-8-21T14:31:17.4168
LuoJia1-01_LR201808227516_20180821143135_HDR_0048,local\LULO4\LuoJia1-01_LR201808227516_20180821143135_HDR_0048_meta.xml,local\LULO4\LuoJia1-01_LR201808227516_20180821143135_HDR_0048_gec.tif,hf://buckets/cbernegger/LULO4/LuoJia1-01_LR201808227516_20180821143135_HDR_0048_meta.xml,hf://buckets/cbernegger/LULO4/LuoJia1-01_LR201808227516_20180821143135_HDR_0048_gec.tif,112.100747,37.365414,115.892345,39.955473,114.027562,38.670191,2018-8-21T14:31:22.4216
LuoJia1-01_LR201808227516_20180821143140_HDR_0049,local\LULO4\LuoJia1-01_LR201808227516_20180821143140_HDR_0049_meta.xml,local\LULO4\LuoJia1-01_LR201808227516_20180821143140_HDR_0049_gec.tif,hf://buckets/cbernegger/LULO4/LuoJia1-01_LR201808227516_20180821143140_HDR_0049_meta.xml,hf://buckets/cbernegger/LULO4/LuoJia1-01_LR201808227516_20180821143140_HDR_0049_gec.tif,111.998768,37.668768,115.807337,40.262939,113.934726,38.975747,2018-8-21T14:31:27.4265
LuoJia1-01_LR201808227516_20180821143145_HDR_0050,local\LULO4\LuoJia1-01_LR201808227516_20180821143145_HDR_0050_meta.xml,local\LULO4\LuoJia1-01_LR201808227516_20180821143145_HDR_0050_gec.tif,hf://buckets/cbernegger/LULO4/LuoJia1-01_LR201808227516_20180821143145_HDR_0050_meta.xml,hf://buckets/cbernegger/LULO4/LuoJia1-01_LR201808227516_20180821143145_HDR_0050_gec.tif,111.895827,37.974991,115.72313,40.569911,113.842365,39.280907,2018-8-21T14:31:32.4314
LuoJia1-01_LR201808227516_20180821143150_HDR_0051,local\LULO4\LuoJia1-01_LR201808227516_20180821143150_HDR_0051_meta.xml,local\LULO4\LuoJia1-01_LR201808227516_20180821143150_HDR_0051_gec.tif,hf://buckets/cbernegger/LULO4/LuoJia1-01_LR201808227516_20180821143150_HDR_0051_meta.xml,hf://buckets/cbernegger/LULO4/LuoJia1-01_LR201808227516_20180821143150_HDR_0051_gec.tif,111.790673,38.278269,115.639352,40.874938,113.748972,39.586373,2018-8-21T14:31:37.4363
LuoJia1-01_LR201808227516_20180821143155_HDR_0052,local\LULO4\LuoJia1-01_LR201808227516_20180821143155_HDR_0052_meta.xml,local\LULO4\LuoJia1-01_LR201808227516_20180821143155_HDR_0052_gec.tif,hf://buckets/cbernegger/LULO4/LuoJia1-01_LR201808227516_20180821143155_HDR_0052_meta.xml,hf://buckets/cbernegger/LULO4/LuoJia1-01_LR201808227516_20180821143155_HDR_0052_gec.tif,111.685311,38.581933,115.553931,41.180416,113.653725,39.891584,2018-8-21T14:31:42.4412
LuoJia1-01_LR201808227516_20180821143200_HDR_0053,local\LULO4\LuoJia1-01_LR201808227516_20180821143200_HDR_0053_meta.xml,local\LULO4\LuoJia1-01_LR201808227516_20180821143200_HDR_0053_gec.tif,hf://buckets/cbernegger/LULO4/LuoJia1-01_LR201808227516_20180821143200_HDR_0053_meta.xml,hf://buckets/cbernegger/LULO4/LuoJia1-01_LR201808227516_20180821143200_HDR_0053_gec.tif,111.583125,38.887083,115.467751,41.486208,113.559188,40.195797,2018-8-21T14:31:47.4460
LuoJia1-01_LR201808227516_20180821143215_HDR_0056,local\LULO4\LuoJia1-01_LR201808227516_20180821143215_HDR_0056_meta.xml,local\LULO4\LuoJia1-01_LR201808227516_20180821143215_HDR_0056_gec.tif,hf://buckets/cbernegger/LULO4/LuoJia1-01_LR201808227516_20180821143215_HDR_0056_meta.xml,hf://buckets/cbernegger/LULO4/LuoJia1-01_LR201808227516_20180821143215_HDR_0056_gec.tif,111.264612,39.793041,115.211213,42.395735,113.274822,41.103816,2018-8-21T14:32:2.46074
LuoJia1-01_LR201808227516_20180821143220_HDR_0057,local\LULO4\LuoJia1-01_LR201808227516_20180821143220_HDR_0057_meta.xml,local\LULO4\LuoJia1-01_LR201808227516_20180821143220_HDR_0057_gec.tif,hf://buckets/cbernegger/LULO4/LuoJia1-01_LR201808227516_20180821143220_HDR_0057_meta.xml,hf://buckets/cbernegger/LULO4/LuoJia1-01_LR201808227516_20180821143220_HDR_0057_gec.tif,111.154656,40.096792,115.121566,42.702575,113.176037,41.409038,2018-8-21T14:32:7.46562
LuoJia1-01_LR201808227516_20180821143225_HDR_0058,local\LULO4\LuoJia1-01_LR201808227516_20180821143225_HDR_0058_meta.xml,local\LULO4\LuoJia1-01_LR201808227516_20180821143225_HDR_0058_gec.tif,hf://buckets/cbernegger/LULO4/LuoJia1-01_LR201808227516_20180821143225_HDR_0058_meta.xml,hf://buckets/cbernegger/LULO4/LuoJia1-01_LR201808227516_20180821143225_HDR_0058_gec.tif,111.043987,40.401287,115.034221,43.008562,113.077094,41.714001,2018-8-21T14:32:12.4705
LuoJia1-01_LR201808237271_20180822145059_HDR_0001,local\LULO4\LuoJia1-01_LR201808237271_20180822145059_HDR_0001_meta.xml,local\LULO4\LuoJia1-01_LR201808237271_20180822145059_HDR_0001_gec.tif,hf://buckets/cbernegger/LULO4/LuoJia1-01_LR201808237271_20180822145059_HDR_0001_meta.xml,hf://buckets/cbernegger/LULO4/LuoJia1-01_LR201808237271_20180822145059_HDR_0001_gec.tif,109.65096,20.975264,112.915423,23.591393,111.369915,22.339811,2018-8-22T14:50:47.1792
LuoJia1-01_LR201808237271_20180822145104_HDR_0002,local\LULO4\LuoJia1-01_LR201808237271_20180822145104_HDR_0002_meta.xml,local\LULO4\LuoJia1-01_LR201808237271_20180822145104_HDR_0002_gec.tif,hf://buckets/cbernegger/LULO4/LuoJia1-01_LR201808237271_20180822145104_HDR_0002_meta.xml,hf://buckets/cbernegger/LULO4/LuoJia1-01_LR201808237271_20180822145104_HDR_0002_gec.tif,109.572485,21.280077,112.845245,23.897496,111.296694,22.644546,2018-8-22T14:50:52.1840
LuoJia1-01_LR201808237271_20180822145109_HDR_0003,local\LULO4\LuoJia1-01_LR201808237271_20180822145109_HDR_0003_meta.xml,local\LULO4\LuoJia1-01_LR201808237271_20180822145109_HDR_0003_gec.tif,hf://buckets/cbernegger/LULO4/LuoJia1-01_LR201808237271_20180822145109_HDR_0003_meta.xml,hf://buckets/cbernegger/LULO4/LuoJia1-01_LR201808237271_20180822145109_HDR_0003_gec.tif,109.492203,21.587404,112.775073,24.202876,111.2206,22.951232,2018-8-22T14:50:57.1889
LuoJia1-01_LR201808237271_20180822145114_HDR_0004,local\LULO4\LuoJia1-01_LR201808237271_20180822145114_HDR_0004_meta.xml,local\LULO4\LuoJia1-01_LR201808237271_20180822145114_HDR_0004_gec.tif,hf://buckets/cbernegger/LULO4/LuoJia1-01_LR201808237271_20180822145114_HDR_0004_meta.xml,hf://buckets/cbernegger/LULO4/LuoJia1-01_LR201808237271_20180822145114_HDR_0004_gec.tif,109.412511,21.89513,112.702799,24.509223,111.144756,23.259036,2018-8-22T14:51:2.19380
LuoJia1-01_LR201808237271_20180822145119_HDR_0005,local\LULO4\LuoJia1-01_LR201808237271_20180822145119_HDR_0005_meta.xml,local\LULO4\LuoJia1-01_LR201808237271_20180822145119_HDR_0005_gec.tif,hf://buckets/cbernegger/LULO4/LuoJia1-01_LR201808237271_20180822145119_HDR_0005_meta.xml,hf://buckets/cbernegger/LULO4/LuoJia1-01_LR201808237271_20180822145119_HDR_0005_gec.tif,109.333995,22.202342,112.63148,24.818155,111.071046,23.566681,2018-8-22T14:51:7.19867
LuoJia1-01_LR201808237271_20180822145125_HDR_0006,local\LULO4\LuoJia1-01_LR201808237271_20180822145125_HDR_0006_meta.xml,local\LULO4\LuoJia1-01_LR201808237271_20180822145125_HDR_0006_gec.tif,hf://buckets/cbernegger/LULO4/LuoJia1-01_LR201808237271_20180822145125_HDR_0006_meta.xml,hf://buckets/cbernegger/LULO4/LuoJia1-01_LR201808237271_20180822145125_HDR_0006_gec.tif,109.252786,22.506298,112.561722,25.125258,110.995836,23.873249,2018-8-22T14:51:12.2035
LuoJia1-01_LR201808237271_20180822145129_HDR_0007,local\LULO4\LuoJia1-01_LR201808237271_20180822145129_HDR_0007_meta.xml,local\LULO4\LuoJia1-01_LR201808237271_20180822145129_HDR_0007_gec.tif,hf://buckets/cbernegger/LULO4/LuoJia1-01_LR201808237271_20180822145129_HDR_0007_meta.xml,hf://buckets/cbernegger/LULO4/LuoJia1-01_LR201808237271_20180822145129_HDR_0007_gec.tif,109.170921,22.808529,112.48935,25.432047,110.919466,24.176656,2018-8-22T14:51:17.2083
LuoJia1-01_LR201808237271_20180822145134_HDR_0008,local\LULO4\LuoJia1-01_LR201808237271_20180822145134_HDR_0008_meta.xml,local\LULO4\LuoJia1-01_LR201808237271_20180822145134_HDR_0008_gec.tif,hf://buckets/cbernegger/LULO4/LuoJia1-01_LR201808237271_20180822145134_HDR_0008_meta.xml,hf://buckets/cbernegger/LULO4/LuoJia1-01_LR201808237271_20180822145134_HDR_0008_gec.tif,109.092007,23.113651,112.417664,25.735997,110.843279,24.481474,2018-8-22T14:51:22.2132
LuoJia1-01_LR201808237271_20180822145139_HDR_0009,local\LULO4\LuoJia1-01_LR201808237271_20180822145139_HDR_0009_meta.xml,local\LULO4\LuoJia1-01_LR201808237271_20180822145139_HDR_0009_gec.tif,hf://buckets/cbernegger/LULO4/LuoJia1-01_LR201808237271_20180822145139_HDR_0009_meta.xml,hf://buckets/cbernegger/LULO4/LuoJia1-01_LR201808237271_20180822145139_HDR_0009_gec.tif,109.01053,23.420499,112.345384,26.042014,110.766523,24.78813,2018-8-22T14:51:27.2181
LuoJia1-01_LR201808237271_20180822145145_HDR_0010,local\LULO4\LuoJia1-01_LR201808237271_20180822145145_HDR_0010_meta.xml,local\LULO4\LuoJia1-01_LR201808237271_20180822145145_HDR_0010_gec.tif,hf://buckets/cbernegger/LULO4/LuoJia1-01_LR201808237271_20180822145145_HDR_0010_meta.xml,hf://buckets/cbernegger/LULO4/LuoJia1-01_LR201808237271_20180822145145_HDR_0010_gec.tif,108.936156,23.726019,112.273031,26.349932,110.693629,25.094215,2018-8-22T14:51:32.2220
LuoJia1-01_LR201808237271_20180822145149_HDR_0011,local\LULO4\LuoJia1-01_LR201808237271_20180822145149_HDR_0011_meta.xml,local\LULO4\LuoJia1-01_LR201808237271_20180822145149_HDR_0011_gec.tif,hf://buckets/cbernegger/LULO4/LuoJia1-01_LR201808237271_20180822145149_HDR_0011_meta.xml,hf://buckets/cbernegger/LULO4/LuoJia1-01_LR201808237271_20180822145149_HDR_0011_gec.tif,108.856845,24.032318,112.204285,26.6559,110.62059,25.400591,2018-8-22T14:51:37.2278
LuoJia1-01_LR201808237271_20180822145154_HDR_0012,local\LULO4\LuoJia1-01_LR201808237271_20180822145154_HDR_0012_meta.xml,local\LULO4\LuoJia1-01_LR201808237271_20180822145154_HDR_0012_gec.tif,hf://buckets/cbernegger/LULO4/LuoJia1-01_LR201808237271_20180822145154_HDR_0012_meta.xml,hf://buckets/cbernegger/LULO4/LuoJia1-01_LR201808237271_20180822145154_HDR_0012_gec.tif,108.776791,24.33705,112.135561,26.962297,110.545724,25.706232,2018-8-22T14:51:42.2327
LuoJia1-01_LR201808237271_20180822145200_HDR_0013,local\LULO4\LuoJia1-01_LR201808237271_20180822145200_HDR_0013_meta.xml,local\LULO4\LuoJia1-01_LR201808237271_20180822145200_HDR_0013_gec.tif,hf://buckets/cbernegger/LULO4/LuoJia1-01_LR201808237271_20180822145200_HDR_0013_meta.xml,hf://buckets/cbernegger/LULO4/LuoJia1-01_LR201808237271_20180822145200_HDR_0013_gec.tif,108.690453,24.641946,112.063251,27.268239,110.468313,26.011642,2018-8-22T14:51:47.2375
LuoJia1-01_LR201808237271_20180822145205_HDR_0014,local\LULO4\LuoJia1-01_LR201808237271_20180822145205_HDR_0014_meta.xml,local\LULO4\LuoJia1-01_LR201808237271_20180822145205_HDR_0014_gec.tif,hf://buckets/cbernegger/LULO4/LuoJia1-01_LR201808237271_20180822145205_HDR_0014_meta.xml,hf://buckets/cbernegger/LULO4/LuoJia1-01_LR201808237271_20180822145205_HDR_0014_gec.tif,108.607934,24.948591,111.989192,27.573219,110.390203,26.317703,2018-8-22T14:51:52.2424
LuoJia1-01_LR201808237271_20180822145210_HDR_0015,local\LULO4\LuoJia1-01_LR201808237271_20180822145210_HDR_0015_meta.xml,local\LULO4\LuoJia1-01_LR201808237271_20180822145210_HDR_0015_gec.tif,hf://buckets/cbernegger/LULO4/LuoJia1-01_LR201808237271_20180822145210_HDR_0015_meta.xml,hf://buckets/cbernegger/LULO4/LuoJia1-01_LR201808237271_20180822145210_HDR_0015_gec.tif,108.517795,25.257544,111.916147,27.881797,110.308615,26.625463,2018-8-22T14:51:57.2473
LuoJia1-01_LR201808237271_20180822145215_HDR_0016,local\LULO4\LuoJia1-01_LR201808237271_20180822145215_HDR_0016_meta.xml,local\LULO4\LuoJia1-01_LR201808237271_20180822145215_HDR_0016_gec.tif,hf://buckets/cbernegger/LULO4/LuoJia1-01_LR201808237271_20180822145215_HDR_0016_meta.xml,hf://buckets/cbernegger/LULO4/LuoJia1-01_LR201808237271_20180822145215_HDR_0016_gec.tif,108.430964,25.56279,111.837551,28.188903,110.227076,26.933558,2018-8-22T14:52:2.25218
LuoJia1-01_LR201808237271_20180822145220_HDR_0017,local\LULO4\LuoJia1-01_LR201808237271_20180822145220_HDR_0017_meta.xml,local\LULO4\LuoJia1-01_LR201808237271_20180822145220_HDR_0017_gec.tif,hf://buckets/cbernegger/LULO4/LuoJia1-01_LR201808237271_20180822145220_HDR_0017_meta.xml,hf://buckets/cbernegger/LULO4/LuoJia1-01_LR201808237271_20180822145220_HDR_0017_gec.tif,108.343474,25.864744,111.760896,28.497901,110.144621,27.23802,2018-8-22T14:52:7.25705
LuoJia1-01_LR201808237271_20180822145225_HDR_0018,local\LULO4\LuoJia1-01_LR201808237271_20180822145225_HDR_0018_meta.xml,local\LULO4\LuoJia1-01_LR201808237271_20180822145225_HDR_0018_gec.tif,hf://buckets/cbernegger/LULO4/LuoJia1-01_LR201808237271_20180822145225_HDR_0018_meta.xml,hf://buckets/cbernegger/LULO4/LuoJia1-01_LR201808237271_20180822145225_HDR_0018_gec.tif,108.25678,26.168729,111.684089,28.801536,110.063618,27.541228,2018-8-22T14:52:12.2619
LuoJia1-01_LR201808237271_20180822145230_HDR_0019,local\LULO4\LuoJia1-01_LR201808237271_20180822145230_HDR_0019_meta.xml,local\LULO4\LuoJia1-01_LR201808237271_20180822145230_HDR_0019_gec.tif,hf://buckets/cbernegger/LULO4/LuoJia1-01_LR201808237271_20180822145230_HDR_0019_meta.xml,hf://buckets/cbernegger/LULO4/LuoJia1-01_LR201808237271_20180822145230_HDR_0019_gec.tif,108.174058,26.471496,111.608106,29.105048,109.984201,27.84498,2018-8-22T14:52:17.2667
LuoJia1-01_LR201808237271_20180822145235_HDR_0020,local\LULO4\LuoJia1-01_LR201808237271_20180822145235_HDR_0020_meta.xml,local\LULO4\LuoJia1-01_LR201808237271_20180822145235_HDR_0020_gec.tif,hf://buckets/cbernegger/LULO4/LuoJia1-01_LR201808237271_20180822145235_HDR_0020_meta.xml,hf://buckets/cbernegger/LULO4/LuoJia1-01_LR201808237271_20180822145235_HDR_0020_gec.tif,108.088268,26.777123,111.535572,29.409475,109.906081,28.150163,2018-8-22T14:52:22.2716
LuoJia1-01_LR201808237271_20180822145240_HDR_0021,local\LULO4\LuoJia1-01_LR201808237271_20180822145240_HDR_0021_meta.xml,local\LULO4\LuoJia1-01_LR201808237271_20180822145240_HDR_0021_gec.tif,hf://buckets/cbernegger/LULO4/LuoJia1-01_LR201808237271_20180822145240_HDR_0021_meta.xml,hf://buckets/cbernegger/LULO4/LuoJia1-01_LR201808237271_20180822145240_HDR_0021_gec.tif,108.004369,27.08077,111.461683,29.715033,109.828251,28.455321,2018-8-22T14:52:27.2765
LuoJia1-01_LR201808237271_20180822145245_HDR_0022,local\LULO4\LuoJia1-01_LR201808237271_20180822145245_HDR_0022_meta.xml,local\LULO4\LuoJia1-01_LR201808237271_20180822145245_HDR_0022_gec.tif,hf://buckets/cbernegger/LULO4/LuoJia1-01_LR201808237271_20180822145245_HDR_0022_meta.xml,hf://buckets/cbernegger/LULO4/LuoJia1-01_LR201808237271_20180822145245_HDR_0022_gec.tif,107.922535,27.385253,111.389615,30.020177,109.749558,28.75982,2018-8-22T14:52:32.2814
LuoJia1-01_LR201808237271_20180822145250_HDR_0023,local\LULO4\LuoJia1-01_LR201808237271_20180822145250_HDR_0023_meta.xml,local\LULO4\LuoJia1-01_LR201808237271_20180822145250_HDR_0023_gec.tif,hf://buckets/cbernegger/LULO4/LuoJia1-01_LR201808237271_20180822145250_HDR_0023_meta.xml,hf://buckets/cbernegger/LULO4/LuoJia1-01_LR201808237271_20180822145250_HDR_0023_gec.tif,107.830212,27.689701,111.315306,30.323843,109.670159,29.064689,2018-8-22T14:52:37.2862
LuoJia1-01_LR201808237271_20180822145255_HDR_0024,local\LULO4\LuoJia1-01_LR201808237271_20180822145255_HDR_0024_meta.xml,local\LULO4\LuoJia1-01_LR201808237271_20180822145255_HDR_0024_gec.tif,hf://buckets/cbernegger/LULO4/LuoJia1-01_LR201808237271_20180822145255_HDR_0024_meta.xml,hf://buckets/cbernegger/LULO4/LuoJia1-01_LR201808237271_20180822145255_HDR_0024_gec.tif,107.739581,27.994777,111.240258,30.630977,109.587185,29.370535,2018-8-22T14:52:42.2911
LuoJia1-01_LR201808237271_20180822145300_HDR_0025,local\LULO4\LuoJia1-01_LR201808237271_20180822145300_HDR_0025_meta.xml,local\LULO4\LuoJia1-01_LR201808237271_20180822145300_HDR_0025_gec.tif,hf://buckets/cbernegger/LULO4/LuoJia1-01_LR201808237271_20180822145300_HDR_0025_meta.xml,hf://buckets/cbernegger/LULO4/LuoJia1-01_LR201808237271_20180822145300_HDR_0025_gec.tif,107.65176,28.299978,111.160579,30.937744,109.504273,29.676137,2018-8-22T14:52:47.2960
LuoJia1-01_LR201808237271_20180822145305_HDR_0026,local\LULO4\LuoJia1-01_LR201808237271_20180822145305_HDR_0026_meta.xml,local\LULO4\LuoJia1-01_LR201808237271_20180822145305_HDR_0026_gec.tif,hf://buckets/cbernegger/LULO4/LuoJia1-01_LR201808237271_20180822145305_HDR_0026_meta.xml,hf://buckets/cbernegger/LULO4/LuoJia1-01_LR201808237271_20180822145305_HDR_0026_gec.tif,107.562295,28.603183,111.084534,31.243071,109.422669,29.980816,2018-8-22T14:52:52.3008
LuoJia1-01_LR201808237271_20180822145310_HDR_0027,local\LULO4\LuoJia1-01_LR201808237271_20180822145310_HDR_0027_meta.xml,local\LULO4\LuoJia1-01_LR201808237271_20180822145310_HDR_0027_gec.tif,hf://buckets/cbernegger/LULO4/LuoJia1-01_LR201808237271_20180822145310_HDR_0027_meta.xml,hf://buckets/cbernegger/LULO4/LuoJia1-01_LR201808237271_20180822145310_HDR_0027_gec.tif,107.468498,28.904759,111.007345,31.545131,109.33797,30.284956,2018-8-22T14:52:57.3057
LuoJia1-01_LR201808237271_20180822145315_HDR_0028,local\LULO4\LuoJia1-01_LR201808237271_20180822145315_HDR_0028_meta.xml,local\LULO4\LuoJia1-01_LR201808237271_20180822145315_HDR_0028_gec.tif,hf://buckets/cbernegger/LULO4/LuoJia1-01_LR201808237271_20180822145315_HDR_0028_meta.xml,hf://buckets/cbernegger/LULO4/LuoJia1-01_LR201808237271_20180822145315_HDR_0028_gec.tif,107.382303,29.210701,110.926862,31.851344,109.255575,30.590366,2018-8-22T14:53:2.31059
LuoJia1-01_LR201808237271_20180822145320_HDR_0029,local\LULO4\LuoJia1-01_LR201808237271_20180822145320_HDR_0029_meta.xml,local\LULO4\LuoJia1-01_LR201808237271_20180822145320_HDR_0029_gec.tif,hf://buckets/cbernegger/LULO4/LuoJia1-01_LR201808237271_20180822145320_HDR_0029_meta.xml,hf://buckets/cbernegger/LULO4/LuoJia1-01_LR201808237271_20180822145320_HDR_0029_gec.tif,107.297614,29.517796,110.851643,32.160539,109.174262,30.896112,2018-8-22T14:53:7.31551
LuoJia1-01_LR201808237271_20180822145325_HDR_0030,local\LULO4\LuoJia1-01_LR201808237271_20180822145325_HDR_0030_meta.xml,local\LULO4\LuoJia1-01_LR201808237271_20180822145325_HDR_0030_gec.tif,hf://buckets/cbernegger/LULO4/LuoJia1-01_LR201808237271_20180822145325_HDR_0030_meta.xml,hf://buckets/cbernegger/LULO4/LuoJia1-01_LR201808237271_20180822145325_HDR_0030_gec.tif,107.211425,29.82253,110.778223,32.466602,109.095499,31.202018,2018-8-22T14:53:12.3203
LuoJia1-01_LR201808237271_20180822145330_HDR_0031,local\LULO4\LuoJia1-01_LR201808237271_20180822145330_HDR_0031_meta.xml,local\LULO4\LuoJia1-01_LR201808237271_20180822145330_HDR_0031_gec.tif,hf://buckets/cbernegger/LULO4/LuoJia1-01_LR201808237271_20180822145330_HDR_0031_meta.xml,hf://buckets/cbernegger/LULO4/LuoJia1-01_LR201808237271_20180822145330_HDR_0031_gec.tif,107.122173,30.125234,110.702887,32.773399,109.015363,31.507348,2018-8-22T14:53:17.3252
LuoJia1-01_LR201808237271_20180822145335_HDR_0032,local\LULO4\LuoJia1-01_LR201808237271_20180822145335_HDR_0032_meta.xml,local\LULO4\LuoJia1-01_LR201808237271_20180822145335_HDR_0032_gec.tif,hf://buckets/cbernegger/LULO4/LuoJia1-01_LR201808237271_20180822145335_HDR_0032_meta.xml,hf://buckets/cbernegger/LULO4/LuoJia1-01_LR201808237271_20180822145335_HDR_0032_gec.tif,107.028828,30.428732,110.625852,33.077982,108.929504,31.811584,2018-8-22T14:53:22.3301
LuoJia1-01_LR201808237271_20180822145340_HDR_0033,local\LULO4\LuoJia1-01_LR201808237271_20180822145340_HDR_0033_meta.xml,local\LULO4\LuoJia1-01_LR201808237271_20180822145340_HDR_0033_gec.tif,hf://buckets/cbernegger/LULO4/LuoJia1-01_LR201808237271_20180822145340_HDR_0033_meta.xml,hf://buckets/cbernegger/LULO4/LuoJia1-01_LR201808237271_20180822145340_HDR_0033_gec.tif,106.935121,30.733445,110.545163,33.381872,108.845449,32.116341,2018-8-22T14:53:27.3350
LuoJia1-01_LR201808237271_20180822145345_HDR_0034,local\LULO4\LuoJia1-01_LR201808237271_20180822145345_HDR_0034_meta.xml,local\LULO4\LuoJia1-01_LR201808237271_20180822145345_HDR_0034_gec.tif,hf://buckets/cbernegger/LULO4/LuoJia1-01_LR201808237271_20180822145345_HDR_0034_meta.xml,hf://buckets/cbernegger/LULO4/LuoJia1-01_LR201808237271_20180822145345_HDR_0034_gec.tif,106.849417,31.036874,110.467053,33.686694,108.758536,32.420765,2018-8-22T14:53:32.3398
LuoJia1-01_LR201808237271_20180822145350_HDR_0035,local\LULO4\LuoJia1-01_LR201808237271_20180822145350_HDR_0035_meta.xml,local\LULO4\LuoJia1-01_LR201808237271_20180822145350_HDR_0035_gec.tif,hf://buckets/cbernegger/LULO4/LuoJia1-01_LR201808237271_20180822145350_HDR_0035_meta.xml,hf://buckets/cbernegger/LULO4/LuoJia1-01_LR201808237271_20180822145350_HDR_0035_gec.tif,106.757424,31.341213,110.388746,33.992679,108.674371,32.725372,2018-8-22T14:53:37.3447
LuoJia1-01_LR201808237271_20180822145355_HDR_0036,local\LULO4\LuoJia1-01_LR201808237271_20180822145355_HDR_0036_meta.xml,local\LULO4\LuoJia1-01_LR201808237271_20180822145355_HDR_0036_gec.tif,hf://buckets/cbernegger/LULO4/LuoJia1-01_LR201808237271_20180822145355_HDR_0036_meta.xml,hf://buckets/cbernegger/LULO4/LuoJia1-01_LR201808237271_20180822145355_HDR_0036_gec.tif,106.663997,31.647303,110.311836,34.296746,108.59039,33.030758,2018-8-22T14:53:42.3496
LuoJia1-01_LR201808237271_20180822145400_HDR_0037,local\LULO4\LuoJia1-01_LR201808237271_20180822145400_HDR_0037_meta.xml,local\LULO4\LuoJia1-01_LR201808237271_20180822145400_HDR_0037_gec.tif,hf://buckets/cbernegger/LULO4/LuoJia1-01_LR201808237271_20180822145400_HDR_0037_meta.xml,hf://buckets/cbernegger/LULO4/LuoJia1-01_LR201808237271_20180822145400_HDR_0037_gec.tif,106.564576,31.950566,110.233308,34.605813,108.502854,33.335841,2018-8-22T14:53:47.3545
LuoJia1-01_LR201808237271_20180822145405_HDR_0038,local\LULO4\LuoJia1-01_LR201808237271_20180822145405_HDR_0038_meta.xml,local\LULO4\LuoJia1-01_LR201808237271_20180822145405_HDR_0038_gec.tif,hf://buckets/cbernegger/LULO4/LuoJia1-01_LR201808237271_20180822145405_HDR_0038_meta.xml,hf://buckets/cbernegger/LULO4/LuoJia1-01_LR201808237271_20180822145405_HDR_0038_gec.tif,106.469896,32.25414,110.149768,34.910891,108.414935,33.639873,2018-8-22T14:53:52.3594
LuoJia1-01_LR201808237271_20180822145410_HDR_0039,local\LULO4\LuoJia1-01_LR201808237271_20180822145410_HDR_0039_meta.xml,local\LULO4\LuoJia1-01_LR201808237271_20180822145410_HDR_0039_gec.tif,hf://buckets/cbernegger/LULO4/LuoJia1-01_LR201808237271_20180822145410_HDR_0039_meta.xml,hf://buckets/cbernegger/LULO4/LuoJia1-01_LR201808237271_20180822145410_HDR_0039_gec.tif,106.379221,32.555586,110.068964,35.213861,108.327359,33.942996,2018-8-22T14:53:57.3642
LuoJia1-01_LR201808237271_20180822145415_HDR_0040,local\LULO4\LuoJia1-01_LR201808237271_20180822145415_HDR_0040_meta.xml,local\LULO4\LuoJia1-01_LR201808237271_20180822145415_HDR_0040_gec.tif,hf://buckets/cbernegger/LULO4/LuoJia1-01_LR201808237271_20180822145415_HDR_0040_meta.xml,hf://buckets/cbernegger/LULO4/LuoJia1-01_LR201808237271_20180822145415_HDR_0040_gec.tif,106.278838,32.856547,109.989298,35.517557,108.23568,34.245745,2018-8-22T14:54:2.36916
LuoJia1-01_LR201808237271_20180822145420_HDR_0041,local\LULO4\LuoJia1-01_LR201808237271_20180822145420_HDR_0041_meta.xml,local\LULO4\LuoJia1-01_LR201808237271_20180822145420_HDR_0041_gec.tif,hf://buckets/cbernegger/LULO4/LuoJia1-01_LR201808237271_20180822145420_HDR_0041_meta.xml,hf://buckets/cbernegger/LULO4/LuoJia1-01_LR201808237271_20180822145420_HDR_0041_gec.tif,106.180253,33.160449,109.903893,35.821495,108.144308,34.550141,2018-8-22T14:54:7.37404
LuoJia1-01_LR201808237271_20180822145425_HDR_0042,local\LULO4\LuoJia1-01_LR201808237271_20180822145425_HDR_0042_meta.xml,local\LULO4\LuoJia1-01_LR201808237271_20180822145425_HDR_0042_gec.tif,hf://buckets/cbernegger/LULO4/LuoJia1-01_LR201808237271_20180822145425_HDR_0042_meta.xml,hf://buckets/cbernegger/LULO4/LuoJia1-01_LR201808237271_20180822145425_HDR_0042_gec.tif,106.079778,33.467217,109.819067,36.126733,108.054372,34.855418,2018-8-22T14:54:12.3789
LuoJia1-01_LR201808237271_20180822145430_HDR_0043,local\LULO4\LuoJia1-01_LR201808237271_20180822145430_HDR_0043_meta.xml,local\LULO4\LuoJia1-01_LR201808237271_20180822145430_HDR_0043_gec.tif,hf://buckets/cbernegger/LULO4/LuoJia1-01_LR201808237271_20180822145430_HDR_0043_meta.xml,hf://buckets/cbernegger/LULO4/LuoJia1-01_LR201808237271_20180822145430_HDR_0043_gec.tif,105.978212,33.772112,109.734328,36.432389,107.961682,35.160423,2018-8-22T14:54:17.3837
LuoJia1-01_LR201808237271_20180822145435_HDR_0044,local\LULO4\LuoJia1-01_LR201808237271_20180822145435_HDR_0044_meta.xml,local\LULO4\LuoJia1-01_LR201808237271_20180822145435_HDR_0044_gec.tif,hf://buckets/cbernegger/LULO4/LuoJia1-01_LR201808237271_20180822145435_HDR_0044_meta.xml,hf://buckets/cbernegger/LULO4/LuoJia1-01_LR201808237271_20180822145435_HDR_0044_gec.tif,105.880712,34.076914,109.650011,36.737339,107.872789,35.465584,2018-8-22T14:54:22.3886
LuoJia1-01_LR201808237271_20180822145440_HDR_0045,local\LULO4\LuoJia1-01_LR201808237271_20180822145440_HDR_0045_meta.xml,local\LULO4\LuoJia1-01_LR201808237271_20180822145440_HDR_0045_gec.tif,hf://buckets/cbernegger/LULO4/LuoJia1-01_LR201808237271_20180822145440_HDR_0045_meta.xml,hf://buckets/cbernegger/LULO4/LuoJia1-01_LR201808237271_20180822145440_HDR_0045_gec.tif,105.775938,34.377996,109.569971,37.043273,107.781935,35.770204,2018-8-22T14:54:27.3935
LuoJia1-01_LR201808237271_20180822145445_HDR_0046,local\LULO4\LuoJia1-01_LR201808237271_20180822145445_HDR_0046_meta.xml,local\LULO4\LuoJia1-01_LR201808237271_20180822145445_HDR_0046_gec.tif,hf://buckets/cbernegger/LULO4/LuoJia1-01_LR201808237271_20180822145445_HDR_0046_meta.xml,hf://buckets/cbernegger/LULO4/LuoJia1-01_LR201808237271_20180822145445_HDR_0046_gec.tif,105.670825,34.682804,109.483308,37.348229,107.687132,36.073864,2018-8-22T14:54:32.3984
LuoJia1-01_LR201808237271_20180822145450_HDR_0047,local\LULO4\LuoJia1-01_LR201808237271_20180822145450_HDR_0047_meta.xml,local\LULO4\LuoJia1-01_LR201808237271_20180822145450_HDR_0047_gec.tif,hf://buckets/cbernegger/LULO4/LuoJia1-01_LR201808237271_20180822145450_HDR_0047_meta.xml,hf://buckets/cbernegger/LULO4/LuoJia1-01_LR201808237271_20180822145450_HDR_0047_gec.tif,105.568508,34.986971,109.396497,37.653075,107.594187,36.377556,2018-8-22T14:54:37.4030
LuoJia1-01_LR201808237271_20180822145455_HDR_0048,local\LULO4\LuoJia1-01_LR201808237271_20180822145455_HDR_0048_meta.xml,local\LULO4\LuoJia1-01_LR201808237271_20180822145455_HDR_0048_gec.tif,hf://buckets/cbernegger/LULO4/LuoJia1-01_LR201808237271_20180822145455_HDR_0048_meta.xml,hf://buckets/cbernegger/LULO4/LuoJia1-01_LR201808237271_20180822145455_HDR_0048_gec.tif,105.468411,35.290741,109.312561,37.958186,107.502966,36.681569,2018-8-22T14:54:42.4082
LuoJia1-01_LR201808237271_20180822145500_HDR_0049,local\LULO4\LuoJia1-01_LR201808237271_20180822145500_HDR_0049_meta.xml,local\LULO4\LuoJia1-01_LR201808237271_20180822145500_HDR_0049_gec.tif,hf://buckets/cbernegger/LULO4/LuoJia1-01_LR201808237271_20180822145500_HDR_0049_meta.xml,hf://buckets/cbernegger/LULO4/LuoJia1-01_LR201808237271_20180822145500_HDR_0049_gec.tif,105.365602,35.593475,109.228054,38.262705,107.409952,36.98575,2018-8-22T14:54:47.4130
LuoJia1-01_LR201808237271_20180822145505_HDR_0050,local\LULO4\LuoJia1-01_LR201808237271_20180822145505_HDR_0050_meta.xml,local\LULO4\LuoJia1-01_LR201808237271_20180822145505_HDR_0050_gec.tif,hf://buckets/cbernegger/LULO4/LuoJia1-01_LR201808237271_20180822145505_HDR_0050_meta.xml,hf://buckets/cbernegger/LULO4/LuoJia1-01_LR201808237271_20180822145505_HDR_0050_gec.tif,105.263029,35.899598,109.141953,38.567616,107.316465,37.290774,2018-8-22T14:54:52.4179
LuoJia1-01_LR201808237271_20180822145510_HDR_0051,local\LULO4\LuoJia1-01_LR201808237271_20180822145510_HDR_0051_meta.xml,local\LULO4\LuoJia1-01_LR201808237271_20180822145510_HDR_0051_gec.tif,hf://buckets/cbernegger/LULO4/LuoJia1-01_LR201808237271_20180822145510_HDR_0051_meta.xml,hf://buckets/cbernegger/LULO4/LuoJia1-01_LR201808237271_20180822145510_HDR_0051_gec.tif,105.158322,36.199471,109.055723,38.872999,107.222407,37.594774,2018-8-22T14:54:57.4228
LuoJia1-01_LR201808237271_20180822145515_HDR_0052,local\LULO4\LuoJia1-01_LR201808237271_20180822145515_HDR_0052_meta.xml,local\LULO4\LuoJia1-01_LR201808237271_20180822145515_HDR_0052_gec.tif,hf://buckets/cbernegger/LULO4/LuoJia1-01_LR201808237271_20180822145515_HDR_0052_meta.xml,hf://buckets/cbernegger/LULO4/LuoJia1-01_LR201808237271_20180822145515_HDR_0052_gec.tif,105.049993,36.499708,108.969219,39.176689,107.12542,37.896965,2018-8-22T14:55:2.42772
LuoJia1-01_LR201808237271_20180822145520_HDR_0053,local\LULO4\LuoJia1-01_LR201808237271_20180822145520_HDR_0053_meta.xml,local\LULO4\LuoJia1-01_LR201808237271_20180822145520_HDR_0053_gec.tif,hf://buckets/cbernegger/LULO4/LuoJia1-01_LR201808237271_20180822145520_HDR_0053_meta.xml,hf://buckets/cbernegger/LULO4/LuoJia1-01_LR201808237271_20180822145520_HDR_0053_gec.tif,104.942013,36.799811,108.879607,39.479453,107.027566,38.19904,2018-8-22T14:55:7.43261
LuoJia1-01_LR201808237271_20180822145525_HDR_0054,local\LULO4\LuoJia1-01_LR201808237271_20180822145525_HDR_0054_meta.xml,local\LULO4\LuoJia1-01_LR201808237271_20180822145525_HDR_0054_gec.tif,hf://buckets/cbernegger/LULO4/LuoJia1-01_LR201808237271_20180822145525_HDR_0054_meta.xml,hf://buckets/cbernegger/LULO4/LuoJia1-01_LR201808237271_20180822145525_HDR_0054_gec.tif,104.834988,37.102181,108.790973,39.783035,106.930615,38.502164,2018-8-22T14:55:12.4374
LuoJia1-01_LR201808237271_20180822145530_HDR_0055,local\LULO4\LuoJia1-01_LR201808237271_20180822145530_HDR_0055_meta.xml,local\LULO4\LuoJia1-01_LR201808237271_20180822145530_HDR_0055_gec.tif,hf://buckets/cbernegger/LULO4/LuoJia1-01_LR201808237271_20180822145530_HDR_0055_meta.xml,hf://buckets/cbernegger/LULO4/LuoJia1-01_LR201808237271_20180822145530_HDR_0055_gec.tif,104.730204,37.404351,108.703202,40.087611,106.833918,38.80553,2018-8-22T14:55:17.4423
LuoJia1-01_LR201808237271_20180822145535_HDR_0056,local\LULO4\LuoJia1-01_LR201808237271_20180822145535_HDR_0056_meta.xml,local\LULO4\LuoJia1-01_LR201808237271_20180822145535_HDR_0056_gec.tif,hf://buckets/cbernegger/LULO4/LuoJia1-01_LR201808237271_20180822145535_HDR_0056_meta.xml,hf://buckets/cbernegger/LULO4/LuoJia1-01_LR201808237271_20180822145535_HDR_0056_gec.tif,104.623789,37.706605,108.615577,40.391788,106.737446,39.108274,2018-8-22T14:55:22.4472
LuoJia1-01_LR201808237271_20180822145540_HDR_0057,local\LULO4\LuoJia1-01_LR201808237271_20180822145540_HDR_0057_meta.xml,local\LULO4\LuoJia1-01_LR201808237271_20180822145540_HDR_0057_gec.tif,hf://buckets/cbernegger/LULO4/LuoJia1-01_LR201808237271_20180822145540_HDR_0057_meta.xml,hf://buckets/cbernegger/LULO4/LuoJia1-01_LR201808237271_20180822145540_HDR_0057_gec.tif,104.513592,38.008885,108.527974,40.695723,106.640237,39.4115,2018-8-22T14:55:27.4521
LuoJia1-01_LR201808237271_20180822145545_HDR_0058,local\LULO4\LuoJia1-01_LR201808237271_20180822145545_HDR_0058_meta.xml,local\LULO4\LuoJia1-01_LR201808237271_20180822145545_HDR_0058_gec.tif,hf://buckets/cbernegger/LULO4/LuoJia1-01_LR201808237271_20180822145545_HDR_0058_meta.xml,hf://buckets/cbernegger/LULO4/LuoJia1-01_LR201808237271_20180822145545_HDR_0058_gec.tif,104.402363,38.311134,108.437548,40.999937,106.540157,39.714795,2018-8-22T14:55:32.4570
LuoJia1-01_LR201808239311_20180822131904_HDR_0000,local\LULO4\LuoJia1-01_LR201808239311_20180822131904_HDR_0000_meta.xml,local\LULO4\LuoJia1-01_LR201808239311_20180822131904_HDR_0000_gec.tif,hf://buckets/cbernegger/LULO4/LuoJia1-01_LR201808239311_20180822131904_HDR_0000_meta.xml,hf://buckets/cbernegger/LULO4/LuoJia1-01_LR201808239311_20180822131904_HDR_0000_gec.tif,127.555292,41.57238,131.810535,44.264805,129.811097,42.979016,2018-8-22T13:18:52.1822
LuoJia1-01_LR201808239311_20180822131909_HDR_0001,local\LULO4\LuoJia1-01_LR201808239311_20180822131909_HDR_0001_meta.xml,local\LULO4\LuoJia1-01_LR201808239311_20180822131909_HDR_0001_gec.tif,hf://buckets/cbernegger/LULO4/LuoJia1-01_LR201808239311_20180822131909_HDR_0001_meta.xml,hf://buckets/cbernegger/LULO4/LuoJia1-01_LR201808239311_20180822131909_HDR_0001_gec.tif,127.427897,41.874137,131.709316,44.567004,129.698602,43.281319,2018-8-22T13:18:57.1867
LuoJia1-01_LR201808239311_20180822131914_HDR_0002,local\LULO4\LuoJia1-01_LR201808239311_20180822131914_HDR_0002_meta.xml,local\LULO4\LuoJia1-01_LR201808239311_20180822131914_HDR_0002_gec.tif,hf://buckets/cbernegger/LULO4/LuoJia1-01_LR201808239311_20180822131914_HDR_0002_meta.xml,hf://buckets/cbernegger/LULO4/LuoJia1-01_LR201808239311_20180822131914_HDR_0002_gec.tif,127.30264,42.175133,131.606905,44.871004,129.585694,43.584691,2018-8-22T13:19:2.19122
LuoJia1-01_LR201808239311_20180822131919_HDR_0003,local\LULO4\LuoJia1-01_LR201808239311_20180822131919_HDR_0003_meta.xml,local\LULO4\LuoJia1-01_LR201808239311_20180822131919_HDR_0003_gec.tif,hf://buckets/cbernegger/LULO4/LuoJia1-01_LR201808239311_20180822131919_HDR_0003_meta.xml,hf://buckets/cbernegger/LULO4/LuoJia1-01_LR201808239311_20180822131919_HDR_0003_gec.tif,127.18104,42.474147,131.506224,45.174835,129.476895,43.886418,2018-8-22T13:19:7.19595
LuoJia1-01_LR201808239311_20180822131924_HDR_0004,local\LULO4\LuoJia1-01_LR201808239311_20180822131924_HDR_0004_meta.xml,local\LULO4\LuoJia1-01_LR201808239311_20180822131924_HDR_0004_gec.tif,hf://buckets/cbernegger/LULO4/LuoJia1-01_LR201808239311_20180822131924_HDR_0004_meta.xml,hf://buckets/cbernegger/LULO4/LuoJia1-01_LR201808239311_20180822131924_HDR_0004_gec.tif,127.059428,42.775202,131.408806,45.477523,129.367444,44.18837,2018-8-22T13:19:12.2017
LuoJia1-01_LR201808239311_20180822131930_HDR_0005,local\LULO4\LuoJia1-01_LR201808239311_20180822131930_HDR_0005_meta.xml,local\LULO4\LuoJia1-01_LR201808239311_20180822131930_HDR_0005_gec.tif,hf://buckets/cbernegger/LULO4/LuoJia1-01_LR201808239311_20180822131930_HDR_0005_meta.xml,hf://buckets/cbernegger/LULO4/LuoJia1-01_LR201808239311_20180822131930_HDR_0005_gec.tif,126.933835,43.077168,131.311027,45.781028,129.257187,44.491,2018-8-22T13:19:17.2065
LuoJia1-01_LR201808239311_20180822131934_HDR_0006,local\LULO4\LuoJia1-01_LR201808239311_20180822131934_HDR_0006_meta.xml,local\LULO4\LuoJia1-01_LR201808239311_20180822131934_HDR_0006_gec.tif,hf://buckets/cbernegger/LULO4/LuoJia1-01_LR201808239311_20180822131934_HDR_0006_meta.xml,hf://buckets/cbernegger/LULO4/LuoJia1-01_LR201808239311_20180822131934_HDR_0006_gec.tif,126.8045,43.378581,131.210879,46.085101,129.144578,44.79343,2018-8-22T13:19:22.2114
LuoJia1-01_LR201808239311_20180822131939_HDR_0007,local\LULO4\LuoJia1-01_LR201808239311_20180822131939_HDR_0007_meta.xml,local\LULO4\LuoJia1-01_LR201808239311_20180822131939_HDR_0007_gec.tif,hf://buckets/cbernegger/LULO4/LuoJia1-01_LR201808239311_20180822131939_HDR_0007_meta.xml,hf://buckets/cbernegger/LULO4/LuoJia1-01_LR201808239311_20180822131939_HDR_0007_gec.tif,126.673847,43.679281,131.107309,46.388435,129.027921,45.095844,2018-8-22T13:19:27.2163
LuoJia1-01_LR201808239311_20180822131944_HDR_0008,local\LULO4\LuoJia1-01_LR201808239311_20180822131944_HDR_0008_meta.xml,local\LULO4\LuoJia1-01_LR201808239311_20180822131944_HDR_0008_gec.tif,hf://buckets/cbernegger/LULO4/LuoJia1-01_LR201808239311_20180822131944_HDR_0008_meta.xml,hf://buckets/cbernegger/LULO4/LuoJia1-01_LR201808239311_20180822131944_HDR_0008_gec.tif,126.543786,43.981193,131.002968,46.692307,128.911559,45.398683,2018-8-22T13:19:32.2211
LuoJia1-01_LR201808239311_20180822131950_HDR_0009,local\LULO4\LuoJia1-01_LR201808239311_20180822131950_HDR_0009_meta.xml,local\LULO4\LuoJia1-01_LR201808239311_20180822131950_HDR_0009_gec.tif,hf://buckets/cbernegger/LULO4/LuoJia1-01_LR201808239311_20180822131950_HDR_0009_meta.xml,hf://buckets/cbernegger/LULO4/LuoJia1-01_LR201808239311_20180822131950_HDR_0009_gec.tif,126.412649,44.281416,130.899315,46.996234,128.795627,45.700657,2018-8-22T13:19:37.2260
